fecha,indicativo,tmed,prec,velmedia
2019-01-01,0106X,"5,5","0,0","0,6"
2019-01-02,0106X,"2,4","0,0","0,8"
2019-01-03,0106X,"2,0","0,0","1,1"
2019-01-04,0106X,"2,2","0,0","1,1"
2019-01-05,0106X,"1,8","0,0","1,7"
2019-01-06,0106X,"4,0","0,0","1,7"
2019-01-07,0106X,"3,8","0,0","1,4"
2019-01-08,0106X,"0,8","0,0","1,1"
2019-01-09,0106X,"4,3","0,0","1,7"
2019-01-10,0106X,"4,2","0,0","3,3"
2019-01-11,0106X,"-0,2","0,0","1,1"
2019-01-12,0106X,"1,2","0,0","0,8"
2019-01-13,0106X,"2,3","0,0","1,4"
2019-01-14,0106X,"4,2","0,0","1,7"
2019-01-15,0106X,"4,4","0,0","1,1"
2019-01-16,0106X,"3,0","0,0","1,1"
2019-01-17,0106X,"6,7","0,0","1,1"
2019-01-18,0106X,"2,2","0,0","0,8"
2019-01-19,0106X,"2,6","3,8","1,1"
2019-01-20,0106X,"4,2","1,0","1,4"
2019-01-21,0106X,"3,3","0,0","1,7"
2019-01-22,0106X,"-0,2","0,0","1,7"
2019-01-23,0106X,"2,1","1,2","1,4"
2019-01-24,0106X,"3,4","0,0","3,6"
2019-01-25,0106X,"4,0","0,0","1,7"
2019-01-26,0106X,"5,8","0,0","1,4"
2019-01-27,0106X,"6,3","0,2","2,2"
2019-01-28,0106X,"3,0","0,2","1,9"
2019-01-29,0106X,"1,0","0,0","1,1"
2019-01-30,0106X,"4,7","0,0","2,2"
2019-01-31,0106X,"5,6","0,2","2,2"
2019-02-01,0106X,"9,1","1,0","2,8"
2019-02-02,0106X,"4,9","0,0","2,8"
2019-02-03,0106X,"2,0","0,0","3,3"
2019-02-04,0106X,"2,2","0,0","1,4"
2019-02-05,0106X,"6,4","0,0","1,1"
2019-02-06,0106X,"7,7","0,0","1,1"
2019-02-07,0106X,"7,0","0,0","1,4"
2019-02-08,0106X,"8,0","0,0","1,1"
2019-02-09,0106X,"7,6","0,0","0,8"
2019-02-10,0106X,"7,4","0,0","1,4"
2019-02-11,0106X,"6,8","0,0","1,7"
2019-02-12,0106X,"6,2","0,0","0,8"
2019-02-13,0106X,"6,0","0,0","2,5"
2019-02-14,0106X,"6,3","0,0","2,2"
2019-02-15,0106X,"6,1","0,0","1,1"
2019-02-16,0106X,"7,4","0,0","1,1"
2019-02-17,0106X,"6,3","0,0","3,1"
2019-02-18,0106X,"7,4","0,0","1,9"
2019-02-19,0106X,"9,4","0,0","1,9"
2019-02-20,0106X,"6,9","0,0","1,1"
2019-02-21,0106X,"7,8","0,0","1,4"
2019-02-22,0106X,"9,6","0,0","1,4"
2019-02-23,0106X,"10,2","0,0","1,7"
2019-02-24,0106X,"8,7","0,0","2,2"
2019-02-25,0106X,"8,6","0,0","1,9"
2019-02-26,0106X,"10,7","0,0","1,7"
2019-02-27,0106X,"11,2","0,0","1,4"
2019-02-28,0106X,"9,8","0,0","1,9"
2019-03-01,0106X,"8,8","0,0","1,4"
2019-03-02,0106X,"10,4","0,0","1,4"
2019-03-03,0106X,"10,6","0,0","1,9"
2019-03-04,0106X,"10,2","0,0","3,3"
2019-03-05,0106X,"10,6","0,0","2,8"
2019-03-06,0106X,"7,4","5,4","2,5"
2019-03-07,0106X,"8,2","0,0","1,7"
2019-03-08,0106X,"7,9","0,0","1,1"
2019-03-09,0106X,"9,8","0,0","1,7"
2019-03-10,0106X,"11,9","0,0","2,5"
2019-03-11,0106X,"11,6","0,0","1,9"
2019-03-12,0106X,"11,2","0,0","2,5"
2019-03-13,0106X,"10,8","0,0","2,2"
2019-03-14,0106X,"7,8","0,0","1,9"
2019-03-15,0106X,"11,6","0,0","1,9"
2019-03-16,0106X,"12,7","0,0","1,1"
2019-03-17,0106X,"12,2","0,0","3,3"
2019-03-18,0106X,"9,8","0,0","1,9"
2019-03-19,0106X,"8,2","0,0","2,5"
2019-03-20,0106X,"7,2","0,0","3,1"
2019-03-21,0106X,"7,8","0,0","2,2"
2019-03-22,0106X,"10,4","0,0","1,9"
2019-03-23,0106X,"11,8","0,0","2,2"
2019-03-24,0106X,"12,5","0,0","2,2"
2019-03-25,0106X,"11,2","0,0","2,5"
2019-03-26,0106X,"10,4","0,0","3,1"
2019-03-27,0106X,"8,6","0,0","2,2"
2019-03-28,0106X,"8,9","0,0","2,8"
2019-03-29,0106X,"9,4","0,0","2,8"
2019-03-30,0106X,"7,8","0,0","2,2"
2019-03-31,0106X,"9,1","0,0","2,2"
2019-04-01,0106X,"13,0","0,0","2,5"
2019-04-02,0106X,"12,1","0,0","3,1"
2019-04-03,0106X,"9,4","0,4","2,5"
2019-04-04,0106X,"7,0","0,0","2,2"
2019-04-05,0106X,"5,6","19,8","2,5"
2019-04-06,0106X,"9,3","0,4","3,1"
2019-04-07,0106X,"8,1","0,0","1,9"
2019-04-08,0106X,"10,4","0,0","1,9"
2019-04-09,0106X,"10,2","1,2","1,7"
2019-04-10,0106X,"8,6","0,2","2,5"
2019-04-11,0106X,"10,2","0,0","2,8"
2019-04-12,0106X,"13,0","0,0","2,5"
2019-04-13,0106X,"12,5","0,0","2,8"
2019-04-14,0106X,"11,4","0,0","3,1"
2019-04-15,0106X,"10,4","0,4","2,8"
2019-04-16,0106X,"11,0","0,0","2,5"
2019-04-17,0106X,"12,0","0,0","2,8"
2019-04-18,0106X,"13,2","0,0","4,2"
2019-04-19,0106X,"16,1","0,0","5,6"
2019-04-20,0106X,"13,6","8,8","4,2"
2019-04-21,0106X,"13,0","0,0","5,0"
2019-04-22,0106X,"13,6","1,2","4,4"
2019-04-23,0106X,"15,2","1,0","2,8"
2019-04-24,0106X,"12,9","1,2","4,4"
2019-04-25,0106X,"10,2","11,8","1,9"
2019-04-26,0106X,"10,8","0,0","3,3"
2019-04-27,0106X,"12,4","0,0","2,5"
2019-04-28,0106X,"12,4","0,0","2,8"
2019-04-29,0106X,"15,0","0,0","3,1"
2019-04-30,0106X,"16,3","0,0","2,8"
2019-05-01,0106X,"16,0","0,0","3,1"
2019-05-02,0106X,"16,0","3,2","2,8"
2019-05-03,0106X,"9,3","15,0","1,4"
2019-05-04,0106X,"12,6","0,0","1,4"
2019-05-05,0106X,"11,0","0,0","2,5"
2019-05-06,0106X,"10,6","0,0","3,1"
2019-05-07,0106X,"12,2","0,0","3,3"
2019-05-08,0106X,"18,1","0,0","4,2"
2019-05-09,0106X,"15,0","0,0","4,2"
2019-05-10,0106X,"18,6","1,2","2,2"
2019-05-11,0106X,"16,8","0,2","3,3"
2019-05-12,0106X,"15,5","0,0","3,1"
2019-05-13,0106X,"14,0","0,0","2,8"
2019-05-14,0106X,"14,4","0,0","3,1"
2019-05-15,0106X,"14,6","0,0","3,6"
2019-05-16,0106X,"13,1","5,4","3,9"
2019-05-17,0106X,"11,5","4,1","1,4"
2019-05-18,0106X,"13,2","0,4","2,5"
2019-05-19,0106X,"12,0","7,0","1,7"
2019-05-20,0106X,"14,5","0,0","2,2"
2019-05-21,0106X,"15,4","0,0","2,8"
2019-05-22,0106X,"16,6","0,0","2,5"
2019-05-23,0106X,"17,2","0,8","2,8"
2019-05-24,0106X,"14,4","13,6","1,1"
2019-05-25,0106X,"17,0","0,0","1,4"
2019-05-26,0106X,"15,7","0,0","3,1"
2019-05-27,0106X,"15,4","0,0","1,7"
2019-05-28,0106X,"17,6","0,0","2,2"
2019-05-29,0106X,"17,4","0,0","3,1"
2019-05-30,0106X,"16,4","0,0","2,8"
2019-05-31,0106X,"17,8","0,0","3,3"
2019-06-01,0106X,"19,8","0,0","2,8"
2019-06-02,0106X,"19,0","0,0","3,3"
2019-06-03,0106X,"19,2","0,0","3,6"
2019-06-04,0106X,"18,8","0,0","3,3"
2019-06-05,0106X,"16,2","0,0","1,9"
2019-06-06,0106X,"14,6","0,0","4,2"
2019-06-07,0106X,"17,7","0,0","2,8"
2019-06-08,0106X,"16,8","0,0","2,8"
2019-06-09,0106X,"20,2","0,0","2,5"
2019-06-10,0106X,"18,8","0,8","3,3"
2019-06-11,0106X,"14,2","8,0","1,7"
2019-06-12,0106X,"15,7","0,0","3,3"
2019-06-13,0106X,"16,2","0,0","2,8"
2019-06-14,0106X,"19,8","0,0","4,4"
2019-06-15,0106X,"19,8","0,0","3,6"
2019-06-16,0106X,"20,3","0,0","3,1"
2019-06-17,0106X,"21,2","0,0","3,3"
2019-06-18,0106X,"21,0","0,0","3,6"
2019-06-19,0106X,"21,1","0,0","3,3"
2019-06-20,0106X,"23,4","0,0","3,6"
2019-06-21,0106X,"21,2","0,2","2,5"
2019-06-22,0106X,"21,8","0,0","4,2"
2019-06-23,0106X,"23,8","0,0","3,6"
2019-06-24,0106X,"23,0","0,0","3,6"
2019-06-25,0106X,"25,2","0,0","3,1"
2019-06-26,0106X,"26,9","0,0","3,3"
2019-06-27,0106X,"27,2","0,0","3,1"
2019-06-28,0106X,"29,2","0,0","2,8"
2019-06-29,0106X,"28,3","0,0","3,3"
2019-06-30,0106X,"27,5","0,0","3,1"
2019-07-01,0106X,"26,0","0,0","3,9"
2019-07-02,0106X,"25,2","0,0","3,1"
2019-07-03,0106X,"26,8","0,0","2,5"
2019-07-04,0106X,"24,6","0,0","2,8"
2019-07-05,0106X,"26,5","0,0","3,9"
2019-07-06,0106X,"27,3","0,0","3,6"
2019-07-07,0106X,"27,5","0,2","2,2"
2019-07-08,0106X,"24,0","9,0","2,5"
2019-07-09,0106X,"21,9","18,8","2,5"
2019-07-10,0106X,"23,2","0,0","1,9"
2019-07-11,0106X,"25,6","0,0","2,2"
2019-07-12,0106X,"26,3","0,0","3,6"
2019-07-13,0106X,"26,3","0,0","2,8"
2019-07-14,0106X,"23,6","0,0","2,5"
2019-07-15,0106X,"24,1","0,0","3,3"
2019-07-16,0106X,"23,5","0,0","4,2"
2019-07-17,0106X,"23,6","29,0","1,4"
2019-07-18,0106X,"23,0","0,0","2,8"
2019-07-19,0106X,"23,2","0,0","3,3"
2019-07-20,0106X,"24,4","0,0","3,3"
2019-07-21,0106X,"25,6","0,0","3,3"
2019-07-22,0106X,"26,8","0,0","3,3"
2019-07-23,0106X,"26,2","0,0","4,2"
2019-07-24,0106X,"26,2","0,0","3,1"
2019-07-25,0106X,"25,7","0,0","3,6"
2019-07-26,0106X,"25,0","0,0","3,3"
2019-07-27,0106X,"21,1","4,8","1,7"
2019-07-28,0106X,"21,4","0,0","3,6"
2019-07-29,0106X,"23,2","0,0","3,9"
2019-07-30,0106X,"24,4","0,0","2,8"
2019-07-31,0106X,"23,8","0,0","4,4"
2019-08-01,0106X,"25,2","0,0","3,3"
2019-08-02,0106X,"25,0","0,0","3,1"
2019-08-03,0106X,"24,4","0,0","3,1"
2019-08-04,0106X,"25,0","0,0","3,1"
2019-08-05,0106X,"25,4","0,0","3,1"
2019-08-06,0106X,"26,1","0,0","2,8"
2019-08-07,0106X,"26,8","0,0","3,1"
2019-08-08,0106X,"28,7","0,0","3,9"
2019-08-09,0106X,"28,2","0,0","3,1"
2019-08-10,0106X,"27,4","0,0","3,3"
2019-08-11,0106X,"26,4","21,0","2,5"
2019-08-12,0106X,"22,7","0,0","2,5"
2019-08-13,0106X,"20,8","0,0","2,2"
2019-08-14,0106X,"21,2","0,0","2,8"
2019-08-15,0106X,"23,8","0,0","3,1"
2019-08-16,0106X,"25,1","0,0","3,3"
2019-08-17,0106X,"24,8","0,0","3,3"
2019-08-18,0106X,"25,2","0,0","3,6"
2019-08-19,0106X,"23,8","0,0","2,8"
2019-08-20,0106X,"19,6","3,0","0,8"
2019-08-21,0106X,"21,6","0,0","2,5"
2019-08-22,0106X,"24,8","0,0","2,5"
2019-08-23,0106X,"23,3","0,0","3,1"
2019-08-24,0106X,"24,4","0,0","3,3"
2019-08-25,0106X,"24,8","0,0","2,8"
2019-08-26,0106X,"23,0","0,2","3,6"
2019-08-27,0106X,"22,6","0,8","2,8"
2019-08-28,0106X,"23,6","0,0","2,5"
2019-08-29,0106X,"24,6","0,0","2,8"
2019-08-30,0106X,"25,4","0,0","1,4"
2019-08-31,0106X,"24,6","0,0","1,9"
2019-09-01,0106X,"22,2","8,4","3,3"
2019-09-02,0106X,"23,0","0,0","2,8"
2019-09-03,0106X,"22,6","0,0","2,5"
2019-09-04,0106X,"22,6","0,0","2,5"
2019-09-05,0106X,"22,4","0,0","3,9"
2019-09-06,0106X,"19,1","0,0","2,2"
2019-09-07,0106X,"19,2","0,0","2,8"
2019-09-08,0106X,"19,2","0,0","3,3"
2019-09-09,0106X,"20,5","1,0","3,6"
2019-09-10,0106X,"16,0","10,0","1,1"
2019-09-11,0106X,"19,0","0,0","2,2"
2019-09-12,0106X,"20,8","0,0","1,7"
2019-09-13,0106X,"19,4","0,2","2,2"
2019-09-14,0106X,"23,2","0,0","2,2"
2019-09-15,0106X,"24,2","0,0","2,8"
2019-09-16,0106X,"22,2","0,0","1,9"
2019-09-17,0106X,"22,8","0,0","1,9"
2019-09-18,0106X,"22,8","1,4","2,8"
2019-09-19,0106X,"21,4","0,0","2,8"
2019-09-20,0106X,"21,0","0,0","2,8"
2019-09-21,0106X,"20,2","3,2","1,7"
2019-09-22,0106X,"21,5","0,0","2,2"
2019-09-23,0106X,"18,7","0,0","2,2"
2019-09-24,0106X,"19,8","0,0","1,7"
2019-09-25,0106X,"19,6","0,0","3,3"
2019-09-26,0106X,"21,0","0,0","2,5"
2019-09-27,0106X,"20,3","0,0","3,6"
2019-09-28,0106X,"20,4","0,0","3,6"
2019-09-29,0106X,"21,5","0,0","2,5"
2019-09-30,0106X,"19,8","0,0","3,6"
2019-10-01,0106X,"23,7","0,0","2,5"
2019-10-02,0106X,"19,2","0,0","2,8"
2019-10-03,0106X,"16,8","0,0","1,4"
2019-10-04,0106X,"16,6","0,0","1,7"
2019-10-05,0106X,"18,0","0,0","2,5"
2019-10-06,0106X,"18,8","0,0","1,7"
2019-10-07,0106X,"18,1","0,0","1,7"
2019-10-08,0106X,"18,0","0,0","2,5"
2019-10-09,0106X,"17,8","0,0","3,3"
2019-10-10,0106X,"17,0","0,0","1,9"
2019-10-11,0106X,"17,3","0,0","3,1"
2019-10-12,0106X,"20,4","0,0","2,8"
2019-10-13,0106X,"20,5","0,0","2,8"
2019-10-14,0106X,"18,6","6,0","2,8"
2019-10-15,0106X,"13,4","0,0","2,2"
2019-10-16,0106X,"13,0","0,0","1,9"
2019-10-17,0106X,"14,6","0,0","1,7"
2019-10-18,0106X,"15,3","0,0","1,7"
2019-10-19,0106X,"16,7","7,8","3,1"
2019-10-22,0106X,,"64,6",
2019-10-23,0106X,"13,6","1,2","2,2"
2019-10-24,0106X,"11,3","0,0","1,4"
2019-10-25,0106X,"13,2","0,0","1,7"
2019-10-26,0106X,"13,6","0,0","1,4"
2019-10-27,0106X,"14,4","0,0","1,1"
2019-10-28,0106X,"13,0","0,0","0,8"
2019-10-29,0106X,"14,8","0,0","0,8"
2019-10-30,0106X,"14,4","0,0","1,7"
2019-10-31,0106X,"15,4","0,0","1,4"
2019-11-01,0106X,"14,0","2,0","1,4"
2019-11-02,0106X,"16,0","0,6","2,5"
2019-11-03,0106X,"14,6","0,0","3,9"
2019-11-04,0106X,"13,8","3,4","2,2"
2019-11-05,0106X,"11,8","0,0","3,3"
2019-11-06,0106X,"9,8","0,0","2,5"
2019-11-07,0106X,"7,2","0,0","1,7"
2019-11-08,0106X,"6,3","0,0","2,2"
2019-11-09,0106X,"6,1","0,8","1,7"
2019-11-10,0106X,"7,6","0,0","1,7"
2019-11-11,0106X,"5,5","0,0","0,8"
2019-11-12,0106X,"7,4","0,0","2,2"
2019-11-13,0106X,"6,8","0,0","0,8"
2019-11-14,0106X,"3,6","3,8","1,7"
2019-11-15,0106X,"3,2","0,0","1,7"
2019-11-16,0106X,"4,2","0,0","1,4"
2019-11-17,0106X,"3,5","0,0","1,1"
2019-11-18,0106X,"6,4","0,0","1,4"
2019-11-19,0106X,"3,4","0,0","1,9"
2019-11-20,0106X,"3,2","0,0","1,7"
2019-11-21,0106X,"4,8","0,0","1,7"
2019-11-22,0106X,"5,3","17,0","0,8"
2019-11-23,0106X,"8,6","0,0","1,7"
2019-11-24,0106X,"7,4","0,0","1,9"
2019-11-25,0106X,"7,5","0,0","1,4"
2019-11-26,0106X,"8,6","0,2","1,4"
2019-11-27,0106X,"11,6","0,0","2,2"
2019-11-28,0106X,"10,7","0,0","1,7"
2019-11-29,0106X,"11,0","0,0","2,2"
2019-11-30,0106X,"12,0","0,2","1,1"
2019-12-01,0106X,"9,6","0,0","1,4"
2019-12-02,0106X,"7,8","0,0","1,9"
2019-12-03,0106X,"7,6","0,0","1,7"
2019-12-04,0106X,"10,6","16,4","3,6"
2019-12-05,0106X,"10,0","0,4","1,9"
2019-12-06,0106X,"9,6","0,0","1,7"
2019-12-07,0106X,"8,0","0,0","0,8"
2019-12-08,0106X,"4,4","0,0","0,8"
2019-12-09,0106X,"9,2","0,0","1,9"
2019-12-10,0106X,"4,6","0,0","1,9"
2019-12-11,0106X,"4,0","0,0","1,4"
2019-12-12,0106X,"3,9","0,0","2,5"
2019-12-13,0106X,"12,6","0,0","3,1"
2019-12-14,0106X,"6,9","0,0","1,1"
2019-12-15,0106X,"7,0","0,0","0,8"
2019-12-16,0106X,"4,8","0,2","1,1"
2019-12-17,0106X,"11,2","0,0","0,8"
2019-12-18,0106X,"10,0","0,0","1,1"
2019-12-19,0106X,"8,6","16,6","1,9"
2019-12-20,0106X,"11,9","4,6","5,0"
2019-12-21,0106X,"12,2","3,8","1,4"
2019-12-22,0106X,"11,6","0,0","2,5"
2019-12-23,0106X,"8,2","0,0","1,7"
2019-12-24,0106X,"7,0","0,0","1,1"
2019-12-25,0106X,"7,6","0,0","1,4"
2019-12-26,0106X,"7,2","0,0","0,8"
2019-12-27,0106X,"5,1","0,0","1,1"
2019-12-28,0106X,"5,5","0,0","1,7"
2019-12-29,0106X,"7,6","0,0","1,9"
2019-12-30,0106X,"6,7","0,0","1,4"
2019-12-31,0106X,"4,4","0,0","1,1"
2020-01-01,0106X,"5,0","0,0","1,4"
2020-01-02,0106X,"1,6","0,0","1,1"
2020-01-03,0106X,"2,0","0,0","1,1"
2020-01-04,0106X,"3,8","0,0","0,6"
2020-01-05,0106X,"3,5","0,0","1,1"
2020-01-06,0106X,"4,6","0,0","1,1"
2020-01-07,0106X,"4,1","0,0","1,1"
2020-01-08,0106X,"6,2","0,0","0,8"
2020-01-09,0106X,"5,6","2,2","1,1"
2020-01-10,0106X,"6,3","0,8","0,8"
2020-01-11,0106X,"3,3","0,0","1,1"
2020-01-12,0106X,"3,2","0,0","0,8"
2020-01-13,0106X,"2,0","0,0","1,1"
2020-01-14,0106X,"4,0","0,0","1,4"
2020-01-15,0106X,"3,6","0,0","1,7"
2020-01-16,0106X,"5,2","0,0","1,7"
2020-01-17,0106X,"6,6","0,0","2,2"
2020-01-18,0106X,"5,2","0,2","1,7"
2020-01-19,0106X,"7,6","0,0","3,9"
2020-01-20,0106X,"7,0","9,4","8,3"
2020-01-21,0106X,"6,4","47,2","6,7"
2020-01-22,0106X,"8,8","16,0","2,5"
2020-01-23,0106X,"7,0","1,0","2,5"
2020-01-24,0106X,"6,6","0,0","1,1"
2020-01-25,0106X,"6,3","0,0","0,8"
2020-01-26,0106X,"6,5","0,0","0,8"
2020-01-27,0106X,"7,4","0,0","1,4"
2020-01-28,0106X,"7,8","0,0","1,7"
2020-01-29,0106X,"7,4","0,0","1,4"
2020-01-30,0106X,"9,1","0,0","1,7"
2020-01-31,0106X,"10,9","0,0","1,7"
2020-02-01,0106X,"10,2","0,0","1,1"
2020-02-02,0106X,"11,8","0,0","1,7"
2020-02-03,0106X,"12,7","0,0","1,1"
2020-02-04,0106X,"11,2","0,0","2,5"
2020-02-05,0106X,"6,8","0,0","1,4"
2020-02-06,0106X,"6,3","0,0","2,5"
2020-02-07,0106X,"6,3","0,0","0,8"
2020-02-08,0106X,"8,0","0,0","0,6"
2020-02-09,0106X,"7,2","0,0","3,1"
2020-02-10,0106X,"11,2","0,0","1,4"
2020-02-11,0106X,"9,0","0,0","0,8"
2020-02-12,0106X,"9,6","0,0","2,2"
2020-02-13,0106X,"11,4","0,0","1,7"
2020-02-14,0106X,"9,3","0,0","1,4"
2020-02-15,0106X,"12,0","0,0","1,1"
2020-02-16,0106X,"12,7","0,0","1,9"
2020-02-17,0106X,"12,8","0,0","1,9"
2020-02-18,0106X,"7,8","0,0","0,8"
2020-02-19,0106X,"6,8","0,0","1,7"
2020-02-20,0106X,"7,7","0,0","1,4"
2020-02-21,0106X,"8,0","0,0","1,4"
2020-02-22,0106X,"9,4","0,0","1,7"
2020-02-23,0106X,"10,4","0,0","1,4"
2020-02-24,0106X,"10,8","0,0","1,1"
2020-02-25,0106X,"8,0","0,0","1,7"
2020-02-26,0106X,"8,3","0,0","4,4"
2020-02-27,0106X,"9,6","0,0","2,5"
2020-02-28,0106X,"9,1","0,0","3,3"
2020-02-29,0106X,"12,8","0,0","2,5"
2020-03-01,0106X,"13,4","3,8","3,6"
2020-03-02,0106X,"8,9","2,4","3,1"
2020-03-03,0106X,"7,6","0,0","2,8"
2020-03-04,0106X,"9,7","0,0","2,8"
2020-03-05,0106X,"10,3","0,0","1,9"
2020-03-06,0106X,"6,5","0,0","3,9"
2020-03-07,0106X,"8,1","0,0","1,9"
2020-03-08,0106X,"8,8","0,0","1,4"
2020-03-09,0106X,"9,8","0,0","2,2"
2020-03-10,0106X,"8,0","0,0","2,2"
2020-03-11,0106X,"12,2","0,0","1,7"
2020-03-12,0106X,"14,0","0,0","2,5"
2020-03-13,0106X,"13,4","0,0","1,1"
2020-03-14,0106X,"11,4","0,0","1,7"
2020-03-15,0106X,"11,0","0,0","3,3"
2020-03-16,0106X,"11,0","23,0","3,9"
2020-03-17,0106X,"11,2","0,0","1,9"
2020-03-18,0106X,"11,4","0,0","1,7"
2020-03-19,0106X,"9,9","0,0","2,2"
2020-03-20,0106X,"9,4","0,0","1,9"
2020-03-21,0106X,"8,2","0,0","2,2"
2020-03-22,0106X,"11,6","0,6","1,4"
2020-03-23,0106X,"11,3","3,2","1,9"
2020-03-24,0106X,"11,0","0,2","3,9"
2020-03-25,0106X,"5,9","0,0","2,2"
2020-03-26,0106X,"5,0","0,0","3,1"
2020-03-27,0106X,"4,7","0,0","1,4"
2020-03-28,0106X,"10,9","0,0","1,7"
2020-03-29,0106X,"9,9","0,8","1,9"
2020-03-30,0106X,"7,7","0,4","1,4"
2020-03-31,0106X,"9,2","3,6","3,1"
2020-04-01,0106X,"9,2","3,0","4,4"
2020-04-02,0106X,"11,2","0,0","2,8"
2020-04-03,0106X,"8,4","0,0","1,7"
2020-04-04,0106X,"10,4","0,0","3,3"
2020-04-05,0106X,"9,4","0,0","3,1"
2020-04-06,0106X,"11,4","0,0","3,1"
2020-04-07,0106X,"11,0","0,0","1,4"
2020-04-08,0106X,"12,9","0,0","2,8"
2020-04-09,0106X,"12,9","0,0","3,3"
2020-04-10,0106X,"12,3","0,0","3,1"
2020-04-11,0106X,"11,2","0,0","3,3"
2020-04-12,0106X,"11,4","1,6","2,8"
2020-04-13,0106X,"9,9","11,0","2,2"
2020-04-14,0106X,"14,8","0,0","3,6"
2020-04-15,0106X,"12,8","0,0","3,1"
2020-04-16,0106X,"16,0","0,0","1,9"
2020-04-17,0106X,"16,6","0,0","3,1"
2020-04-18,0106X,"15,8","5,0","2,8"
2020-04-19,0106X,"13,7","24,2","1,4"
2020-04-20,0106X,"15,8","16,8","1,7"
2020-04-21,0106X,"13,2","9,0","2,2"
2020-04-22,0106X,"14,4","0,0","2,5"
2020-04-23,0106X,"16,5","0,4","1,7"
2020-04-24,0106X,"16,0","0,0","2,8"
2020-04-25,0106X,"14,4","0,0","3,1"
2020-04-26,0106X,"15,5","1,6","2,5"
2020-04-27,0106X,"14,9","7,2","1,7"
2020-04-28,0106X,"14,4","0,0","3,3"
2020-04-29,0106X,"12,4","0,0","3,3"
2020-04-30,0106X,"14,4","0,0","2,8"
2020-05-01,0106X,"16,4","0,0","4,7"
2020-05-02,0106X,"18,6","0,0","3,3"
2020-05-03,0106X,"18,7","0,0","2,8"
2020-05-04,0106X,"18,4","0,0","2,5"
2020-05-05,0106X,"17,9","0,0","1,9"
2020-05-06,0106X,"19,2","0,0","3,9"
2020-05-07,0106X,"18,5","0,0","2,2"
2020-05-08,0106X,"17,6","0,0","2,2"
2020-05-09,0106X,"14,8","3,0","1,4"
2020-05-10,0106X,"14,7","48,6","1,9"
2020-05-11,0106X,"16,6","0,0","3,3"
2020-05-12,0106X,"14,0","0,4","2,8"
2020-05-13,0106X,"16,4","0,0","3,3"
2020-05-14,0106X,"14,0","12,0","1,1"
2020-05-15,0106X,"16,1","1,0","2,2"
2020-05-16,0106X,"16,6","13,4","1,7"
2020-05-17,0106X,"17,0","0,0","1,7"
2020-05-18,0106X,"17,4","0,0","1,7"
2020-05-19,0106X,"17,8","0,0","2,8"
2020-05-20,0106X,"19,4","0,0","2,2"
2020-05-21,0106X,"20,8","0,0","1,1"
2020-05-22,0106X,"21,6","0,0","2,8"
2020-05-23,0106X,"20,4","0,8","3,6"
2020-05-24,0106X,"20,7","0,0","2,5"
2020-05-25,0106X,"20,6","0,0","1,7"
2020-05-26,0106X,"19,9","0,0","1,9"
2020-05-27,0106X,"19,3","0,0","2,5"
2020-05-28,0106X,"20,4","0,0","3,3"
2020-05-29,0106X,"19,5","14,4","2,2"
2020-05-30,0106X,"18,6","0,0","3,1"
2020-05-31,0106X,"18,7","0,0","3,1"
2020-06-01,0106X,"18,6","22,8","1,9"
2020-06-02,0106X,"19,4","9,6","1,9"
2020-06-03,0106X,"21,0","32,4","2,2"
2020-06-04,0106X,"15,4","0,2","3,6"
2020-06-05,0106X,"17,4","0,0","3,1"
2020-06-06,0106X,"18,6","0,4","3,6"
2020-06-07,0106X,"17,5","29,0","2,8"
2020-06-08,0106X,"15,2","0,0","2,8"
2020-06-09,0106X,"14,8","2,0","2,2"
2020-06-10,0106X,"16,2","0,0","2,2"
2020-06-11,0106X,"17,3","4,8","1,9"
2020-06-12,0106X,"18,0","0,0","3,3"
2020-06-13,0106X,"17,1","0,0","3,1"
2020-06-14,0106X,"18,0","0,0","2,8"
2020-06-15,0106X,"20,0","3,8","3,3"
2020-06-16,0106X,"17,3","10,4","1,7"
2020-06-17,0106X,"18,1","6,2","3,6"
2020-06-18,0106X,"18,4","1,0","3,3"
2020-06-19,0106X,"20,2","0,0","3,3"
2020-06-20,0106X,"20,2","0,0","3,3"
2020-06-21,0106X,"22,9","0,0","2,5"
2020-06-22,0106X,"23,4","0,0","3,1"
2020-06-23,0106X,"23,1","0,0","3,3"
2020-06-24,0106X,"22,0","0,0","2,8"
2020-06-25,0106X,"23,8","0,0","2,5"
2020-06-26,0106X,"23,2","0,0","3,1"
2020-06-27,0106X,"23,6","0,0","3,1"
2020-06-28,0106X,"24,8","0,0","3,1"
2020-06-29,0106X,"23,4","0,0","3,3"
2020-06-30,0106X,"25,4","0,2","3,3"
2020-07-01,0106X,"26,1","0,0","3,3"
2020-07-02,0106X,"23,2","41,6","3,9"
2020-07-03,0106X,"21,4","0,0","3,9"
2020-07-04,0106X,"22,6","0,0","2,8"
2020-07-05,0106X,"23,2","0,0","2,2"
2020-07-06,0106X,"23,6","0,0","3,1"
2020-07-07,0106X,"23,8","0,0","3,1"
2020-07-08,0106X,"23,5","0,0","3,9"
2020-07-09,0106X,"25,7","0,0","2,2"
2020-07-10,0106X,"24,2","0,0","2,5"
2020-07-11,0106X,"23,6","0,0","2,5"
2020-07-12,0106X,"24,2","0,0","3,3"
2020-07-13,0106X,"24,2","26,0","3,1"
2020-07-14,0106X,"21,8","0,0","2,2"
2020-07-15,0106X,"21,0","0,0","3,3"
2020-07-16,0106X,"22,4","0,0","3,6"
2020-07-17,0106X,"23,4","0,0","3,1"
2020-07-18,0106X,"24,4","0,0","3,1"
2020-07-19,0106X,"23,7","0,0","3,3"
2020-07-20,0106X,"22,0","0,0","2,8"
2020-07-21,0106X,"23,8","0,0","3,1"
2020-07-22,0106X,"23,9","0,0","2,8"
2020-07-23,0106X,"25,4","1,0","3,1"
2020-07-24,0106X,"25,2","0,0","2,5"
2020-07-25,0106X,"23,7","0,0","3,1"
2020-07-26,0106X,"24,8","0,0","3,6"
2020-07-27,0106X,"26,8","0,0","3,6"
2020-07-28,0106X,"26,6","0,0","3,3"
2020-07-29,0106X,"25,8","0,0","2,8"
2020-07-30,0106X,"27,0","0,0","3,1"
2020-07-31,0106X,"27,6","0,0","3,1"
2020-08-01,0106X,"27,1","0,0","3,1"
2020-08-02,0106X,"26,2","0,8","3,1"
2020-08-03,0106X,"23,6","0,0","3,1"
2020-08-04,0106X,"23,2","0,0","3,9"
2020-08-05,0106X,"23,8","0,0","3,1"
2020-08-06,0106X,"25,6","0,0","3,1"
2020-08-07,0106X,"26,1","0,0","3,6"
2020-08-08,0106X,"27,7","0,0","2,8"
2020-08-19,0106X,"24,2","0,0","3,6"
2020-08-20,0106X,"24,8","0,0","3,3"
2020-08-21,0106X,"26,0","0,0","2,5"
2020-08-22,0106X,"27,8","0,0","2,8"
2020-08-23,0106X,"25,0","0,0","3,6"
2020-08-24,0106X,"24,0","0,0","3,6"
2020-08-25,0106X,"24,4","0,0","3,3"
2020-08-26,0106X,"26,8","0,0","3,1"
2020-08-27,0106X,"25,6","0,0","3,9"
2020-08-28,0106X,"24,8","19,4","3,6"
2020-08-29,0106X,"17,6","0,4","1,9"
2020-08-30,0106X,"17,2","0,0","2,5"
2020-08-31,0106X,"17,6","0,0","1,7"
2020-09-01,0106X,"18,8","0,0","2,8"
2020-09-02,0106X,"20,4","0,0","1,7"
2020-09-03,0106X,"21,6","0,0","2,2"
2020-09-04,0106X,"22,6","0,0","2,5"
2020-09-05,0106X,"23,0","0,0","2,2"
2020-09-06,0106X,"22,8","0,0","3,1"
2020-09-07,0106X,"18,6","0,0","2,2"
2020-09-08,0106X,"17,8","5,4","1,1"
2020-09-09,0106X,"19,8","6,4","1,1"
2020-09-10,0106X,"20,2","0,0","1,1"
2020-09-11,0106X,"23,1","0,0","1,7"
2020-09-12,0106X,"22,4","0,0","1,9"
2020-09-13,0106X,"23,0","0,0","1,9"
2020-09-14,0106X,"22,3","0,0","2,5"
2020-09-15,0106X,"21,8","0,0","2,2"
2020-09-16,0106X,"22,8","0,0","2,2"
2020-09-17,0106X,"22,5","0,0","2,2"
2020-09-18,0106X,"20,3","3,4","1,4"
2020-09-19,0106X,"21,2","0,8","1,7"
2020-09-20,0106X,"20,1","0,0","2,2"
2020-09-21,0106X,"19,0","15,2","1,4"
2020-09-22,0106X,"19,8","0,0","3,1"
2020-09-23,0106X,"19,6","0,0","1,7"
2020-09-24,0106X,"18,8","0,0","3,1"
2020-09-29,0106X,,"0,0",
2020-09-30,0106X,"16,4","0,0","2,2"
2020-10-01,0106X,"18,0","0,2","1,9"
2020-10-02,0106X,"11,8","13,4","1,7"
2020-10-03,0106X,"10,8","0,0","2,5"
2020-10-04,0106X,"11,4","0,0","1,7"
2020-10-05,0106X,"12,4","0,0","1,9"
2020-10-06,0106X,"14,3","0,0","1,9"
2020-10-07,0106X,"17,2","0,0","2,8"
2020-10-08,0106X,"18,5","0,0","1,9"
2020-10-09,0106X,"19,4","0,0","2,2"
2020-10-10,0106X,,,"2,8"
2020-10-16,0106X,"8,4","0,0","1,4"
2020-10-17,0106X,"9,0","0,0","1,4"
2020-10-18,0106X,"10,1","0,0","1,7"
2020-10-19,0106X,"10,4","0,0","2,5"
2020-10-20,0106X,"14,8","0,0","1,7"
2020-10-21,0106X,"18,9","1,0","1,7"
2020-10-22,0106X,"15,1","3,8","1,7"
2020-10-23,0106X,"14,6","0,0","1,7"
2020-10-24,0106X,"11,8","0,0","2,2"
2020-10-25,0106X,"13,2","0,0","1,4"
2020-10-26,0106X,"10,7","0,0","2,5"
2020-10-27,0106X,"8,6","0,0","1,4"
2020-10-28,0106X,"12,0","0,0","1,7"
2020-10-29,0106X,"13,0","0,0","1,4"
2020-10-30,0106X,"14,0","0,0","1,1"
2020-10-31,0106X,"14,0","0,0","1,1"
2020-11-01,0106X,"13,8","0,0","1,4"
2020-11-02,0106X,"15,4","0,0","2,2"
2020-11-03,0106X,"14,2","18,6","0,8"
2020-11-04,0106X,"9,6","5,0","0,8"
2020-11-05,0106X,"11,2","0,4","2,2"
2020-11-06,0106X,"14,8","0,0","2,8"
2020-11-07,0106X,"13,4","6,0","2,2"
2020-11-08,0106X,"12,4","0,0","1,7"
2020-11-09,0106X,"11,0","0,0","1,4"
2020-11-10,0106X,"11,2","0,0","1,7"
2020-11-11,0106X,"10,8","0,0","1,4"
2020-11-12,0106X,"10,3","0,0","1,4"
2020-11-13,0106X,"10,6","0,0","0,8"
2020-11-14,0106X,"10,4","0,0","1,1"
2020-11-15,0106X,"12,0","0,0","1,7"
2020-11-16,0106X,"11,6","0,0","1,1"
2020-11-17,0106X,"11,4","0,0","0,6"
2020-11-18,0106X,"10,0","0,0","0,8"
2020-11-19,0106X,"9,8","0,0","1,1"
2020-11-20,0106X,"6,4","0,0","1,1"
2020-11-21,0106X,"5,6","0,0","1,4"
2020-11-22,0106X,"5,6","0,0","1,4"
2020-11-23,0106X,"6,3","0,0","1,4"
2020-11-24,0106X,"6,3","0,0","1,4"
2020-11-25,0106X,"9,0","0,6","1,1"
2020-11-26,0106X,"9,7","1,6","0,0"
2020-11-27,0106X,"10,8","12,4","2,8"
2020-11-28,0106X,"10,0","5,0","2,2"
2020-11-29,0106X,"10,6","0,0","1,4"
2020-11-30,0106X,"8,5","0,0","1,1"
2020-12-01,0106X,"5,3","0,0","1,1"
2020-12-02,0106X,"4,6","0,0","0,8"
2020-12-03,0106X,"3,6","0,0","1,7"
2020-12-04,0106X,"4,0","0,0","2,2"
2020-12-05,0106X,"2,2","0,0","1,1"
2020-12-06,0106X,"4,9","0,0","1,9"
2020-12-07,0106X,"3,3","3,0","1,9"
2020-12-08,0106X,"4,8","0,0","1,7"
2020-12-09,0106X,"3,6","0,2","1,1"
2020-12-10,0106X,"4,9","1,2","1,4"
2020-12-11,0106X,"5,8","0,4","1,9"
2020-12-12,0106X,"7,2","0,0","1,9"
2020-12-13,0106X,"4,4","0,0","0,8"
2020-12-14,0106X,"5,4","0,0","1,1"
2020-12-15,0106X,"10,0","0,0","1,4"
2020-12-16,0106X,"7,4","0,0","0,8"
2020-12-17,0106X,"7,2","2,6","1,1"
2020-12-18,0106X,"10,4","1,0","0,0"
2020-12-19,0106X,"9,4","3,0","0,6"
2020-12-20,0106X,"9,8","0,0","1,1"
2020-12-21,0106X,"7,2","0,0","0,6"
2020-12-22,0106X,"8,4","0,0","0,6"
2020-12-23,0106X,"7,0","0,0","1,4"
2020-12-24,0106X,"5,8","0,0","1,1"
2020-12-25,0106X,"4,1","0,0","3,9"
2020-12-26,0106X,"3,0","0,0","1,9"
2020-12-27,0106X,"-0,4","0,0","0,8"
2020-12-28,0106X,"6,1","0,0","4,2"
2020-12-29,0106X,"4,0","0,0","2,2"
2020-12-30,0106X,"2,3","0,0","1,9"
2020-12-31,0106X,"2,9","0,0","2,5"
2021-01-01,0106X,"2,7","0,0","1,4"
2021-01-02,0106X,"1,7","0,0","1,1"
2021-01-03,0106X,"1,6","0,0","1,7"
2021-01-04,0106X,"0,6","0,0","1,7"
2021-01-05,0106X,"0,0","0,0","1,7"
2021-01-06,0106X,"-1,2","0,0","1,1"
2021-01-07,0106X,"-0,6","0,0","0,6"
2021-01-08,0106X,"-1,4","1,4","0,8"
2021-01-09,0106X,"2,5","9,0","3,6"
2021-01-10,0106X,"4,8","0,6","1,9"
2021-01-11,0106X,"1,2","0,0","1,9"
2021-01-12,0106X,"0,2","0,0","1,4"
2021-01-13,0106X,"2,4","0,0","1,7"
2021-01-14,0106X,"2,2","0,0","2,5"
2021-01-15,0106X,"3,5","0,0","1,7"
2021-01-16,0106X,"2,3","0,0","1,4"
2021-01-17,0106X,"4,7","0,0","2,2"
2021-01-18,0106X,"3,8","0,0","1,1"
2021-01-19,0106X,"4,0","0,0","1,4"
2021-01-20,0106X,"5,8","0,0","1,7"
2021-01-21,0106X,"6,8","0,8","2,8"
2021-01-22,0106X,"8,1","5,0","3,6"
2021-01-23,0106X,"5,8","0,4","1,9"
2021-01-24,0106X,"9,6","0,0","2,5"
2021-01-25,0106X,"5,6","0,0","1,9"
2021-01-26,0106X,"5,9","0,0","0,8"
2021-01-27,0106X,"7,4","0,0","1,4"
2021-01-28,0106X,"10,8","0,0","1,4"
2021-01-29,0106X,"11,4","0,0","1,4"
2021-01-30,0106X,"9,4","0,0","3,1"
2021-01-31,0106X,"10,2","1,6","2,2"
2021-02-01,0106X,"11,2","0,0","3,3"
2021-02-02,0106X,"10,2","0,0","1,9"
2021-02-03,0106X,"9,5","0,0","2,2"
2021-02-04,0106X,"10,8","0,0","0,6"
2021-02-05,0106X,"12,0","0,0","2,2"
2021-02-06,0106X,"12,0","0,0","1,4"
2021-02-07,0106X,"6,0","0,0","1,1"
2021-02-08,0106X,"4,7","1,6","1,1"
2021-02-09,0106X,"4,6","0,8","2,2"
2021-02-10,0106X,"8,0","0,0","3,1"
2021-02-11,0106X,"7,0","0,0","1,4"
2021-02-12,0106X,"8,8","0,6","1,7"
2021-02-13,0106X,"9,4","2,0","1,4"
2021-02-14,0106X,"6,8","3,0","3,1"
2021-02-15,0106X,"6,4","0,0","1,4"
2021-02-16,0106X,"10,7","0,0","1,7"
2021-02-17,0106X,"10,6","0,0","2,2"
2021-02-18,0106X,"9,1","0,0","1,1"
2021-02-19,0106X,"10,1","0,0","2,2"
2021-02-20,0106X,"7,9","0,0","1,9"
2021-02-21,0106X,"7,3","0,2","5,3"
2021-02-22,0106X,"11,4","9,4","0,8"
2021-02-23,0106X,"13,4","0,0","1,1"
2021-02-24,0106X,"11,1","0,0","1,1"
2021-02-25,0106X,"11,0","0,0","1,7"
2021-02-26,0106X,"8,7","0,0","0,6"
2021-02-27,0106X,"7,2","0,4","1,1"
2021-02-28,0106X,"10,0","0,0","1,1"
2021-03-01,0106X,"8,8","0,0","1,4"
2021-03-02,0106X,"9,4","0,0","1,7"
2021-03-03,0106X,"10,0","0,0","1,9"
2021-03-04,0106X,"10,2","0,0","1,1"
2021-03-05,0106X,"10,8","0,0","1,9"
2021-03-06,0106X,"11,0","0,0","1,9"
2021-03-07,0106X,"10,8","0,8","1,1"
2021-03-08,0106X,"10,4","1,0","0,8"
2021-03-09,0106X,"8,8","0,0","1,7"
2021-03-10,0106X,"7,4","0,0","1,9"
2021-03-11,0106X,"9,8","0,0","1,4"
2021-03-12,0106X,"8,6","0,0","3,1"
2021-03-13,0106X,"9,8","0,0","1,9"
2021-03-14,0106X,"8,5","0,0","3,1"
2021-03-15,0106X,"8,0","0,0","1,9"
2021-03-16,0106X,"8,9","0,0","1,7"
2021-03-17,0106X,"10,5","0,0","3,1"
2021-03-18,0106X,"9,7","0,2","3,3"
2021-03-19,0106X,"5,8","0,0","1,9"
2021-03-20,0106X,"5,8","0,0","2,5"
2021-03-21,0106X,"6,8","0,0","2,8"
2021-03-22,0106X,"9,0","0,0","2,2"
2021-03-23,0106X,"10,6","0,0","3,1"
2021-03-24,0106X,"10,9","0,0","1,7"
2021-03-25,0106X,"11,2","0,0","3,3"
2021-03-26,0106X,"11,4","0,0","3,3"
2021-03-27,0106X,"12,0","0,0","2,8"
2021-03-28,0106X,"13,2","0,0","3,1"
2021-03-29,0106X,"12,3","0,0","2,8"
2021-03-30,0106X,"13,0","0,0","2,5"
2021-03-31,0106X,"12,6","0,0","2,2"
2021-04-01,0106X,"11,6","0,0","3,1"
2021-04-02,0106X,"14,2","0,0","2,8"
2021-04-03,0106X,"14,4","0,0","3,1"
2021-04-04,0106X,"12,6","0,0","3,1"
2021-04-05,0106X,"12,2","0,0","2,8"
2021-04-06,0106X,"10,8","0,2","3,9"
2021-04-07,0106X,"8,8","0,0","3,6"
2021-04-08,0106X,"10,0","0,0","4,2"
2021-04-09,0106X,"7,5","2,2","1,7"
2021-04-10,0106X,"9,6","0,0","1,7"
2021-04-11,0106X,"10,7","7,8","1,1"
2021-04-12,0106X,"10,6","0,0","1,9"
2021-04-13,0106X,"9,2","0,0","2,5"
2021-04-14,0106X,"12,2","0,0","2,8"
2021-04-15,0106X,"12,6","0,8","2,5"
2021-04-16,0106X,"7,8","7,0","1,7"
2021-04-17,0106X,"8,4","0,0","2,2"
2021-04-18,0106X,"8,2","0,0","2,8"
2021-04-19,0106X,"10,0","0,0","1,9"
2021-04-20,0106X,"9,5","0,4","1,1"
2021-04-21,0106X,"10,8","0,0","2,2"
2021-04-22,0106X,"9,8","0,0","1,7"
2021-04-23,0106X,"12,2","0,0","2,8"
2021-04-24,0106X,"12,0","0,0","3,1"
2021-04-25,0106X,"14,8","1,0","1,9"
2021-04-26,0106X,"13,6","14,4","1,9"
2021-04-27,0106X,"12,2","0,2","2,2"
2021-04-28,0106X,"14,4","3,4","1,7"
2021-04-29,0106X,"15,0","2,6","1,9"
2021-04-30,0106X,"14,9","24,2","1,4"
2021-05-01,0106X,"11,4","4,4","1,4"
2021-05-02,0106X,"11,4","0,0","2,5"
2021-05-03,0106X,"12,4","0,0","3,3"
2021-05-04,0106X,"13,3","0,0","3,3"
2021-05-05,0106X,"16,1","0,0","2,8"
2021-05-06,0106X,"16,8","0,0","2,5"
2021-05-07,0106X,"18,0","0,0","3,1"
2021-05-08,0106X,"18,4","0,0","3,1"
2021-05-09,0106X,"16,4","3,2","3,6"
2021-05-10,0106X,"17,0","1,4","2,8"
2021-05-11,0106X,"13,2","0,0","1,9"
2021-05-12,0106X,"12,8","0,0","2,8"
2021-05-13,0106X,"15,2","0,0","3,1"
2021-05-14,0106X,"15,8","0,0","3,3"
2021-05-15,0106X,"15,4","0,0","2,8"
2021-05-16,0106X,"20,2","0,0","5,3"
2021-05-17,0106X,"17,8","0,0","3,9"
2021-05-18,0106X,"17,5","0,0","4,4"
2021-05-19,0106X,"18,0","0,0","3,9"
2021-05-20,0106X,"17,0","0,0","3,3"
2021-05-21,0106X,"16,7","0,0","3,9"
2021-05-22,0106X,"16,8","0,0","2,8"
2021-05-23,0106X,"14,8","0,0","1,7"
2021-05-24,0106X,"17,6","0,0","2,8"
2021-05-25,0106X,"15,8","0,0","4,2"
2021-05-26,0106X,"18,1","0,0","3,9"
2021-05-27,0106X,"19,2","0,0","2,2"
2021-05-28,0106X,"20,6","0,0","3,3"
2021-05-29,0106X,"21,2","4,0","2,8"
2021-05-30,0106X,"21,3","14,6","2,8"
2021-05-31,0106X,"19,8","0,0","3,3"
2021-06-01,0106X,"18,8","1,0","1,4"
2021-06-02,0106X,"18,8","0,0","2,8"
2021-06-03,0106X,"20,7","0,0","3,3"
2021-06-04,0106X,"19,9","0,0","2,5"
2021-06-05,0106X,"19,8","0,6","3,6"
2021-06-06,0106X,"20,8","1,2","1,9"
2021-06-07,0106X,"20,7","0,0","1,9"
2021-06-08,0106X,"20,9","0,8","1,7"
2021-06-09,0106X,"21,6","4,4","2,2"
2021-06-10,0106X,"21,5","0,0","3,6"
2021-06-11,0106X,"22,6","1,0","2,2"
2021-06-12,0106X,"22,5","0,0","2,5"
2021-06-13,0106X,"25,6","0,0","3,3"
2021-06-14,0106X,"25,4","0,0","3,6"
2021-06-17,0106X,"20,9","24,4","2,5"
2021-06-18,0106X,"22,0","0,0","2,2"
2021-06-19,0106X,"23,0","6,4","2,8"
2021-06-20,0106X,"20,9","16,4","2,2"
2021-06-21,0106X,"20,0","0,2","2,2"
2021-06-22,0106X,"19,3","0,0","3,1"
2021-06-23,0106X,"17,9","1,2","1,7"
2021-06-24,0106X,"19,2","0,0","2,5"
2021-06-25,0106X,"21,4","0,0","3,9"
2021-06-26,0106X,"22,2","0,0","1,9"
2021-06-27,0106X,"22,3","0,0","4,4"
2021-06-28,0106X,"22,2","0,0","2,8"
2021-06-29,0106X,"22,8","0,0","3,3"
2021-06-30,0106X,"23,1","0,0","4,2"
2021-07-01,0106X,"24,8","0,0","3,6"
2021-07-02,0106X,"24,6","0,0","3,1"
2021-07-03,0106X,"24,7","0,0","3,1"
2021-07-04,0106X,"24,0","0,0","3,1"
2021-07-05,0106X,"24,2","0,0","3,9"
2021-07-06,0106X,"25,8","0,6","3,6"
2021-07-07,0106X,"23,6","2,6","2,5"
2021-07-08,0106X,"21,8","0,0","3,9"
2021-07-09,0106X,"24,0","0,0","3,6"
2021-07-10,0106X,"24,2","0,0","3,9"
2021-07-11,0106X,"24,6","1,2","3,1"
2021-07-12,0106X,"23,0","0,0","2,5"
2021-07-13,0106X,"19,2","0,0","3,1"
2021-07-14,0106X,"20,0","22,4","2,5"
2021-07-15,0106X,"22,1","0,0","3,1"
2021-07-16,0106X,"23,6","0,0","2,5"
2021-07-17,0106X,"24,2","0,0","3,1"
2021-07-18,0106X,"24,9","0,0","2,8"
2021-07-19,0106X,"25,2","0,0","3,1"
2021-07-20,0106X,"25,6","0,0","4,2"
2021-07-21,0106X,"27,0","0,0","3,6"
2021-07-22,0106X,"26,5","0,0","3,9"
2021-07-23,0106X,"25,8","0,0","3,3"
2021-07-24,0106X,"26,0","0,0","3,6"
2021-07-25,0106X,"24,0","0,0","3,3"
2021-07-26,0106X,"22,4","0,0","2,8"
2021-07-27,0106X,"23,8","0,0","4,2"
2021-07-28,0106X,"24,4","0,0","2,5"
2021-07-29,0106X,"25,0","0,0","3,9"
2021-07-30,0106X,"25,6","0,0","3,3"
2021-07-31,0106X,"22,3","8,0","3,6"
2021-08-01,0106X,"19,8","0,0","2,8"
2021-08-02,0106X,"20,8","0,0","3,6"
2021-08-03,0106X,"21,7","1,0","4,4"
2021-08-04,0106X,"23,8","0,0","2,5"
2021-08-05,0106X,"23,2","0,0","2,2"
2021-08-06,0106X,"24,0","0,0","4,2"
2021-08-07,0106X,"26,7","0,0","3,6"
2021-08-08,0106X,"22,4","0,0","3,9"
2021-08-09,0106X,"21,9","0,0","3,6"
2021-08-10,0106X,"24,0","0,0","4,7"
2021-08-11,0106X,"26,7","0,0","3,1"
2021-08-12,0106X,"31,6","0,0","3,6"
2021-08-13,0106X,"29,2","0,0","3,3"
2021-08-14,0106X,"29,0","0,0","2,2"
2021-08-15,0106X,"29,4","0,0","3,1"
2021-08-16,0106X,"26,6","0,0","3,6"
2021-08-17,0106X,"23,8","0,0","2,5"
2021-08-18,0106X,"24,0","0,0","3,9"
2021-08-19,0106X,"22,2","3,0","2,5"
2021-08-20,0106X,"23,3","0,0","3,9"
2021-08-21,0106X,"25,8","0,0","3,6"
2021-08-22,0106X,"24,4","0,0","3,6"
2021-08-23,0106X,"24,4","0,2","3,1"
2021-08-24,0106X,"23,7","0,2","3,9"
2021-08-25,0106X,"21,9","11,0","2,5"
2021-08-26,0106X,"23,0","0,0","3,6"
2021-08-27,0106X,"26,8","0,0","2,5"
2021-08-28,0106X,"23,7","0,0","3,3"
2021-08-29,0106X,"22,8","0,0","3,1"
2021-08-30,0106X,"21,0","0,0","3,1"
2021-08-31,0106X,"22,6","6,8","3,3"
2021-09-01,0106X,"20,1","0,6","2,2"
2021-09-02,0106X,"22,3","2,0","2,8"
2021-09-03,0106X,"22,2","0,6","2,2"
2021-09-04,0106X,"23,0","0,0","2,8"
2021-09-05,0106X,"25,0","0,0","3,3"
2021-09-06,0106X,"26,4","28,0","3,1"
2021-09-07,0106X,"23,5","0,0","1,9"
2021-09-08,0106X,"23,7","0,0","2,8"
2021-09-09,0106X,"23,5","17,2","1,4"
2021-09-10,0106X,"22,6","44,6","1,4"
2021-09-11,0106X,"21,3","0,0","2,8"
2021-09-12,0106X,"22,6","0,0","1,7"
2021-09-13,0106X,"23,7","0,0","2,8"
2021-09-14,0106X,"25,0","0,0","1,9"
2021-09-15,0106X,"23,7","25,6","0,8"
2021-09-16,0106X,"19,6","18,8","0,8"
2021-09-17,0106X,"19,8","0,0","1,9"
2021-09-18,0106X,"18,2","14,8","0,6"
2021-09-19,0106X,"17,8","0,0","1,1"
2021-09-20,0106X,"17,3","0,0","2,5"
2021-09-21,0106X,"14,2","0,0","1,9"
2021-09-22,0106X,"17,2","0,0","1,7"
2021-09-23,0106X,"17,8","0,2","0,6"
2021-09-24,0106X,"18,2","0,0","0,3"
2021-09-25,0106X,"22,0","0,0","1,9"
2021-09-26,0106X,"20,2","0,0","1,7"
2021-09-27,0106X,"19,6","0,0","1,9"
2021-09-28,0106X,"18,8","0,0","2,8"
2021-09-29,0106X,"19,3","0,0","3,1"
2021-09-30,0106X,"18,2","0,0","1,1"
2021-10-01,0106X,"17,3","0,0","1,7"
2021-10-02,0106X,"19,1","0,0","3,1"
2021-10-03,0106X,"19,2","14,8","3,3"
2021-10-04,0106X,"13,6","2,8","2,2"
2021-10-05,0106X,"15,2","0,0","1,4"
2021-10-06,0106X,"15,8","0,0","1,9"
2021-10-07,0106X,"15,0","0,0","0,8"
2021-10-08,0106X,"15,7","0,0","1,7"
2021-10-09,0106X,"16,0","0,0","3,1"
2021-10-10,0106X,"15,5","0,0","3,1"
2021-10-11,0106X,"14,6","0,0","1,1"
2021-10-12,0106X,"13,7","0,0","1,7"
2021-10-13,0106X,"14,1","0,0","2,2"
2021-10-14,0106X,"15,1","0,0","2,5"
2021-10-15,0106X,"14,6","0,0","1,4"
2021-10-16,0106X,"15,2","0,0","2,5"
2021-10-17,0106X,"15,8","0,0","2,2"
2021-10-18,0106X,"17,5","0,0","1,7"
2021-10-19,0106X,"18,6","0,0","2,8"
2021-10-20,0106X,"16,4","0,0","2,8"
2021-10-21,0106X,"15,2","0,0","2,5"
2021-10-22,0106X,"13,4","0,0","1,1"
2021-10-23,0106X,"11,6","0,0","1,7"
2021-10-24,0106X,"11,7","0,0","0,8"
2021-10-25,0106X,"12,2","0,0","1,9"
2021-10-26,0106X,"12,8","0,0","1,4"
2021-10-27,0106X,"12,0","0,0","1,1"
2021-10-28,0106X,"11,4","0,0","1,7"
2021-10-29,0106X,"13,8","5,4","1,7"
2021-10-30,0106X,"15,2","2,0","0,6"
2021-10-31,0106X,"17,4","0,6","1,4"
2021-11-01,0106X,"13,4","0,0","4,2"
2021-11-02,0106X,"8,2","0,0","1,1"
2021-11-03,0106X,"7,8","0,0","1,7"
2021-11-04,0106X,"7,6","0,0","1,4"
2021-11-05,0106X,"7,0","0,0","1,9"
2021-11-06,0106X,"6,5","0,0","1,1"
2021-11-07,0106X,"5,5","0,0","1,4"
2021-11-08,0106X,"8,8","0,0","1,4"
2021-11-09,0106X,"8,1","0,0","1,1"
2021-11-10,0106X,"10,4","4,8","0,8"
2021-11-11,0106X,"12,6","2,6","3,3"
2021-11-12,0106X,"11,6","1,2","0,8"
2021-11-13,0106X,"11,6","0,0","0,8"
2021-11-14,0106X,"8,1","0,0","0,8"
2021-11-15,0106X,"8,4","0,0","1,7"
2021-11-16,0106X,"5,2","2,0","0,6"
2021-11-17,0106X,"7,2","0,0","1,4"
2021-11-18,0106X,"7,1","0,0","1,1"
2021-11-19,0106X,"7,4","0,0","1,4"
2021-11-20,0106X,"6,5","0,0","1,7"
2021-11-21,0106X,"9,6","0,0","1,4"
2021-11-22,0106X,"8,8","0,4","1,7"
2021-11-23,0106X,"9,5","32,6","3,6"
2021-11-24,0106X,"6,7","3,8","1,9"
2021-11-25,0106X,"8,3","0,0","1,9"
2021-11-26,0106X,"5,3","0,0","2,5"
2021-11-27,0106X,"5,1","0,0","1,9"
2021-11-28,0106X,"3,4","0,0","2,5"
2021-11-29,0106X,"4,2","0,0","1,9"
2021-11-30,0106X,"5,6","0,0","1,1"
2021-12-01,0106X,"4,4","0,0","1,4"
2021-12-02,0106X,"5,8","0,0","3,6"
2021-12-03,0106X,"4,2","0,0","1,7"
2021-12-04,0106X,"5,8","0,0","1,7"
2021-12-05,0106X,"4,9","0,0","2,5"
2021-12-06,0106X,"4,7","0,0","1,4"
2021-12-07,0106X,"5,5","0,0","1,4"
2021-12-08,0106X,"7,0","0,0","3,6"
2021-12-09,0106X,"3,2","0,0","1,4"
2021-12-10,0106X,"7,6","0,0","1,9"
2021-12-11,0106X,"5,7","0,0","0,8"
2021-12-12,0106X,"7,0","0,0","0,8"
2021-12-13,0106X,"6,3","0,0","1,1"
2021-12-14,0106X,"6,7","0,0","1,1"
2021-12-15,0106X,"6,8","0,0","1,7"
2021-12-16,0106X,"6,0","0,0","1,7"
2021-12-17,0106X,"4,2","0,0","1,4"
2021-12-18,0106X,"5,8","0,0","1,4"
2021-12-19,0106X,"3,7","0,0","1,1"
2021-12-20,0106X,"2,8","0,0","1,1"
2021-12-21,0106X,"3,2","0,0","1,4"
2021-12-22,0106X,"5,0","0,4","1,7"
2021-12-23,0106X,"7,2","0,2","1,9"
2021-12-24,0106X,"8,1","1,0","0,6"
2021-12-25,0106X,"10,2","0,0","2,2"
2021-12-26,0106X,"7,8","0,0","1,4"
2021-12-27,0106X,"9,4","0,0","1,9"
2021-12-28,0106X,"9,5","0,0","1,4"
2021-12-29,0106X,"9,6","0,0","0,8"
2021-12-30,0106X,"9,3","0,0","1,1"
2021-12-31,0106X,"9,0","0,0","1,4"
2022-01-01,0106X,"9,0","0,0","1,4"
2022-01-02,0106X,"8,4","0,0","0,8"
2022-01-03,0106X,"8,8","0,0","1,7"
2022-01-04,0106X,"9,2","1,4","2,2"
2022-01-05,0106X,"4,2","0,0","1,7"
2022-01-06,0106X,"0,4","0,0","1,9"
2022-01-07,0106X,"2,6","0,0","1,7"
2022-01-08,0106X,"3,6","0,0","1,9"
2022-01-09,0106X,"6,4","0,0","2,8"
2022-01-10,0106X,"4,4","0,0","0,8"
2022-01-11,0106X,"5,0","0,0","1,7"
2022-01-12,0106X,"4,6","0,0","1,1"
2022-01-13,0106X,"2,8","0,0","1,7"
2022-01-14,0106X,"2,2","0,0","1,4"
2022-01-15,0106X,"1,6","0,0","1,4"
2022-01-16,0106X,"1,8","0,0","1,1"
2022-01-17,0106X,"2,4","0,0","1,4"
2022-01-18,0106X,"3,0","0,0","1,4"
2022-01-19,0106X,"3,2","0,0","1,1"
2022-01-20,0106X,"3,2","0,0","1,7"
2022-01-21,0106X,"0,2","0,0","0,8"
2022-01-22,0106X,"0,8","0,0","1,1"
2022-01-23,0106X,"2,6","0,0","0,8"
2022-01-24,0106X,"3,2","0,0","1,4"
2022-01-25,0106X,"4,2","0,2","1,4"
2022-01-26,0106X,"4,9","0,0","1,7"
2022-01-27,0106X,"4,8","0,0","1,1"
2022-01-28,0106X,"4,3","0,0","1,4"
2022-01-29,0106X,"5,7","0,0","1,4"
2022-01-30,0106X,"6,2","0,0","1,4"
2022-01-31,0106X,"4,6","0,0","2,2"
2022-02-01,0106X,"5,6","0,0","1,7"
2022-02-02,0106X,"7,8","0,0","1,9"
2022-02-03,0106X,"7,8","0,0","1,7"
2022-02-04,0106X,"7,2","0,0","0,8"
2022-02-05,0106X,"8,2","0,0","0,8"
2022-02-06,0106X,"5,1","0,0","1,7"
2022-02-07,0106X,"6,0","0,0","1,7"
2022-02-08,0106X,"7,0","0,0","1,1"
2022-02-09,0106X,"9,4","0,0","1,9"
2022-02-10,0106X,"6,8","0,0","1,7"
2022-02-11,0106X,"6,9","0,0","1,7"
2022-02-12,0106X,"9,2","9,2","2,2"
2022-02-13,0106X,"9,8","0,6","2,8"
2022-02-14,0106X,"7,6","0,0","1,9"
2022-02-15,0106X,"6,1","0,0","1,9"
2022-02-16,0106X,"7,9","0,0","2,2"
2022-02-17,0106X,"10,5","0,0","1,1"
2022-02-18,0106X,"12,0","0,0","1,9"
2022-02-19,0106X,"6,9","1,0","1,1"
2022-02-20,0106X,"8,0","0,0","1,1"
2022-02-21,0106X,"9,0","0,0","2,2"
2022-02-22,0106X,"8,0","0,0","1,9"
2022-02-23,0106X,"7,9","0,0","2,5"
2022-02-24,0106X,"10,0","0,0","2,2"
2022-02-25,0106X,"8,2","0,0","1,1"
2022-02-26,0106X,"9,0","0,0","3,1"
2022-02-27,0106X,"10,0","0,0","2,5"
2022-02-28,0106X,"8,3","0,0","2,5"
2022-03-01,0106X,"8,0","0,0","3,1"
2022-03-02,0106X,"9,0","0,8","2,5"
2022-03-03,0106X,"9,2","0,0","2,5"
2022-03-04,0106X,"9,4","0,0","1,7"
2022-03-05,0106X,"8,3","0,0","0,8"
2022-03-06,0106X,"8,9","0,0","2,2"
2022-03-07,0106X,"8,5","0,0","1,9"
2022-03-08,0106X,"5,2","1,0","2,2"
2022-03-09,0106X,"8,8","0,0","3,1"
2022-03-10,0106X,"8,5","0,0","1,4"
2022-03-11,0106X,"8,3","15,4","0,8"
2022-03-12,0106X,"8,9","7,8","2,5"
2022-03-13,0106X,"9,4","0,4","0,6"
2022-03-14,0106X,"8,9","0,4","3,3"
2022-03-15,0106X,"13,2","0,2","5,3"
2022-03-16,0106X,"13,4","0,0","3,3"
2022-03-17,0106X,"12,6","0,0","2,5"
2022-03-18,0106X,"11,1","0,0","2,2"
2022-03-19,0106X,"9,6","0,0","2,5"
2022-03-20,0106X,"10,3","6,8","1,1"
2022-03-21,0106X,"9,2","3,8","2,5"
2022-03-22,0106X,"6,8","0,2","1,9"
2022-03-23,0106X,"6,2","0,0","3,3"
2022-03-24,0106X,"6,7","0,0","1,9"
2022-03-25,0106X,"12,8","0,0","2,5"
2022-03-26,0106X,"9,2","5,0","2,5"
2022-03-27,0106X,"13,2","0,0","3,1"
2022-03-28,0106X,"10,9","0,0","1,4"
2022-03-29,0106X,"10,3","12,2","1,9"
2022-03-30,0106X,"11,8","10,8","1,9"
2022-03-31,0106X,"9,0","3,6","1,4"
2022-04-01,0106X,"6,4","0,2","4,2"
2022-04-02,0106X,"5,6","0,0","4,2"
2022-04-03,0106X,"4,3","0,0","3,3"
2022-04-04,0106X,"6,2","0,0","2,2"
2022-04-05,0106X,"7,6","0,0","1,9"
2022-04-06,0106X,"10,4","0,0","2,5"
2022-04-07,0106X,"11,6","0,0","2,2"
2022-04-08,0106X,"12,6","0,0","2,8"
2022-04-09,0106X,"13,3","0,0","3,1"
2022-04-10,0106X,"11,6","0,0","4,2"
2022-04-11,0106X,"11,5","0,0","2,8"
2022-04-12,0106X,"14,6","0,0","3,3"
2022-04-13,0106X,"13,4","0,0","2,2"
2022-04-14,0106X,"15,8","0,0","2,2"
2022-04-15,0106X,"16,6","0,0","1,9"
2022-04-16,0106X,"16,8","0,0","1,9"
2022-04-17,0106X,"15,5","0,0","2,8"
2022-04-18,0106X,"14,0","0,0","3,1"
2022-04-19,0106X,"12,2","7,4","2,2"
2022-04-20,0106X,"11,4","3,8","5,0"
2022-04-21,0106X,"9,9","6,0","2,2"
2022-04-22,0106X,"12,8","3,2","2,8"
2022-04-23,0106X,"9,7","5,8","3,6"
2022-04-24,0106X,"14,8","0,0","2,5"
2022-04-25,0106X,"13,4","0,0","3,3"
2022-04-26,0106X,"13,9","0,0","3,1"
2022-04-27,0106X,"13,7","0,0","2,5"
2022-04-28,0106X,"15,9","0,4","1,4"
2022-04-29,0106X,"16,0","0,0","2,8"
2022-04-30,0106X,"16,0","7,0","2,5"
2022-05-01,0106X,"15,7","9,8","1,9"
2022-05-02,0106X,"15,3","1,2","2,2"
2022-05-03,0106X,"14,1","6,0","1,1"
2022-05-04,0106X,"14,0","5,8","1,1"
2022-05-05,0106X,"14,7","0,0","2,2"
2022-05-06,0106X,"15,5","0,0","2,8"
2022-05-07,0106X,"15,0","0,0","2,5"
2022-05-08,0106X,"14,8","0,0","2,2"
2022-05-09,0106X,"15,6","0,0","2,8"
2022-05-10,0106X,"17,4","0,0","2,8"
2022-05-11,0106X,"17,0","0,0","3,9"
2022-05-12,0106X,"16,8","0,0","3,1"
2022-05-13,0106X,"16,8","0,0","3,1"
2022-05-14,0106X,"19,5","0,0","2,8"
2022-05-15,0106X,"19,4","0,0","3,1"
2022-05-16,0106X,"20,6","0,0","2,5"
2022-05-17,0106X,"21,7","0,0","4,2"
2022-05-18,0106X,"22,8","0,0","2,5"
2022-05-19,0106X,"22,1","0,0","2,8"
2022-05-20,0106X,"22,1","0,0","3,6"
2022-05-21,0106X,"23,0","0,0","3,1"
2022-05-22,0106X,"24,2","0,0","3,9"
2022-05-23,0106X,"21,4","0,0","4,2"
2022-05-24,0106X,"15,1","41,6","1,9"
2022-05-25,0106X,"15,9","0,0","1,7"
2022-05-26,0106X,"18,0","0,0","2,8"
2022-05-27,0106X,"20,0","0,0","1,1"
2022-05-28,0106X,"22,0","0,0","2,2"
2022-05-29,0106X,"19,9","0,0","3,3"
2022-05-30,0106X,"20,0","0,0","3,3"
2022-05-31,0106X,"20,6","0,0","3,3"
2022-06-01,0106X,"21,6","0,0","3,6"
2022-06-02,0106X,"21,2","0,0","3,1"
2022-06-03,0106X,"24,6","0,0","3,1"
2022-06-04,0106X,"23,5","0,0","2,8"
2022-06-05,0106X,"21,6","0,0","3,9"
2022-06-06,0106X,"22,1","0,0","3,6"
2022-06-07,0106X,"22,4","0,0","4,4"
2022-06-08,0106X,"23,5","1,0","1,9"
2022-06-09,0106X,"21,4","0,0","3,9"
2022-06-10,0106X,"23,6","0,0","3,3"
2022-06-11,0106X,"24,5","0,0","3,6"
2022-06-12,0106X,"26,1","0,2","2,8"
2022-06-13,0106X,"25,2","0,0","3,3"
2022-06-14,0106X,"24,7","0,0","3,9"
2022-06-15,0106X,"29,5","0,0","2,8"
2022-06-16,0106X,"27,6","0,0","1,9"
2022-06-17,0106X,"28,4","0,0","2,8"
2022-06-18,0106X,"27,6","0,0","3,1"
2022-06-19,0106X,"24,6","0,0","4,2"
2022-06-20,0106X,"23,2","0,0","2,8"
2022-06-22,0106X,,,
2022-06-23,0106X,,,"3,6"
2022-06-24,0106X,"22,5","0,0","3,1"
2022-06-25,0106X,"22,3","0,0","5,0"
2022-06-26,0106X,"22,8","0,0","4,2"
2022-06-27,0106X,"22,2","0,0","1,4"
2022-06-28,0106X,"22,4","0,0","2,5"
2022-06-29,0106X,"22,2","0,2","3,9"
2022-06-30,0106X,"23,5","0,6","3,6"
2022-07-01,0106X,"23,7","0,0","3,6"
2022-07-02,0106X,"23,7","0,0","3,3"
2022-07-03,0106X,"26,4","0,0","2,5"
2022-07-04,0106X,"26,4","0,0","3,3"
2022-07-05,0106X,"26,0","0,6","3,9"
2022-07-06,0106X,"23,3","6,8","3,1"
2022-07-07,0106X,"24,2","0,0","2,2"
2022-07-08,0106X,"24,6","0,0","3,1"
2022-07-09,0106X,"25,1","0,0","2,8"
2022-07-10,0106X,"26,1","0,0","3,9"
2022-07-11,0106X,"25,5","0,0","3,9"
2022-07-12,0106X,"26,2","0,0","3,6"
2022-07-13,0106X,"26,7","0,0","4,2"
2022-07-14,0106X,"26,0","0,0","3,1"
2022-07-15,0106X,"27,8","0,0","2,8"
2022-07-16,0106X,"27,3","0,0","3,6"
2022-07-17,0106X,"27,2","0,0","3,1"
2022-07-18,0106X,"26,6","0,0","3,3"
2022-07-19,0106X,"26,5","0,0","3,6"
2022-07-20,0106X,"26,0","0,0","3,6"
2022-07-21,0106X,"26,9","0,0","3,9"
2022-07-22,0106X,"27,2","0,0","4,2"
2022-07-23,0106X,"26,8","0,0","3,9"
2022-07-24,0106X,"28,0","0,0","4,2"
2022-07-25,0106X,"26,5","0,0","3,6"
2022-07-26,0106X,"27,4","0,0","4,7"
2022-07-27,0106X,"26,2","0,0","3,9"
2022-07-28,0106X,"24,0","1,6","2,5"
2022-07-29,0106X,"26,1","18,8","1,9"
2022-07-30,0106X,"24,5","0,0","3,1"
2022-07-31,0106X,"26,8","12,2","2,2"
2022-08-01,0106X,"26,0","0,4","3,1"
2022-08-02,0106X,"27,8","0,0","2,2"
2022-08-03,0106X,"27,8","0,0","3,1"
2022-08-04,0106X,"26,6","0,0","3,9"
2022-08-05,0106X,"27,0","6,8","1,9"
2022-08-06,0106X,"25,2","0,2","2,2"
2022-08-07,0106X,"25,1","10,4","1,9"
2022-08-08,0106X,"24,8","0,0","2,5"
2022-08-09,0106X,"26,2","5,0","2,5"
2022-08-10,0106X,"26,0","3,4","1,9"
2022-08-11,0106X,"26,2","0,0","2,8"
2022-08-12,0106X,"28,2","0,0","2,5"
2022-08-13,0106X,"28,7","0,0","1,9"
2022-08-14,0106X,"26,0","0,0","5,6"
2022-08-15,0106X,"25,4","0,0","3,3"
2022-08-16,0106X,"24,2","0,0","1,9"
2022-08-17,0106X,"23,7","0,0","1,1"
2022-08-18,0106X,"20,4","4,2","1,4"
2022-08-19,0106X,"20,3","0,0","3,6"
2022-08-20,0106X,"23,6","0,0","2,5"
2022-08-21,0106X,"25,8","0,0","2,5"
2022-08-22,0106X,"25,5","0,0","2,5"
2022-08-23,0106X,"25,6","0,0","2,8"
2022-08-24,0106X,"26,6","0,2","3,3"
2022-08-25,0106X,"26,0","13,8","1,9"
2022-08-26,0106X,"24,4","0,0","2,8"
2022-08-27,0106X,"24,2","3,6","2,2"
2022-08-28,0106X,"23,8","0,0","2,5"
2022-08-29,0106X,"24,0","1,2","1,7"
2022-08-30,0106X,"25,4","0,0","1,4"
2022-08-31,0106X,"22,0","15,0","1,4"
2022-09-01,0106X,"21,4","0,0","2,8"
2022-09-02,0106X,"23,2","3,0","1,4"
2022-09-03,0106X,"23,2","0,0","2,8"
2022-09-04,0106X,"24,0","0,0","2,5"
2022-09-05,0106X,"24,3","0,0","3,1"
2022-09-06,0106X,"25,6","0,0","2,2"
2022-09-07,0106X,"22,4","0,0","1,9"
2022-09-08,0106X,"19,5","0,0","3,1"
2022-09-09,0106X,"22,7","0,0","3,1"
2022-09-10,0106X,"23,0","0,0","3,9"
2022-09-11,0106X,"25,4","0,0","2,8"
2022-09-12,0106X,"25,7","0,0","2,8"
2022-09-13,0106X,"23,2","5,4","2,5"
2022-09-14,0106X,"21,2","0,0","2,2"
2022-09-15,0106X,"21,7","0,0","2,5"
2022-09-16,0106X,"21,2","0,0","2,2"
2022-09-17,0106X,"20,8","0,0","3,3"
2022-09-18,0106X,"21,6","0,0","3,6"
2022-09-19,0106X,"21,8","0,0","3,1"
2022-09-20,0106X,"22,4","0,0","2,2"
2022-09-21,0106X,"21,1","0,0","3,3"
2022-09-22,0106X,"20,4","0,0","2,2"
2022-09-23,0106X,"20,5","17,8","2,8"
2022-09-24,0106X,"17,7","2,0","2,5"
2022-09-25,0106X,"17,6","0,0","1,1"
2022-09-26,0106X,"15,1","0,0","2,5"
2022-09-27,0106X,"15,8","0,0","2,5"
2022-09-28,0106X,"17,4","0,0","2,2"
2022-09-29,0106X,"16,7","0,0","1,9"
2022-09-30,0106X,"15,0","0,0","2,5"
2022-10-01,0106X,"14,4","0,0","1,7"
2022-10-02,0106X,"18,6","0,0","1,9"
2022-10-03,0106X,"19,4","0,0","1,9"
2022-10-04,0106X,"19,2","0,0","3,3"
2022-10-05,0106X,"18,7","0,0","1,9"
2022-10-06,0106X,"19,4","0,0","1,9"
2022-10-07,0106X,"15,4","3,4","0,6"
2022-10-08,0106X,"18,5","1,4","1,1"
2022-10-09,0106X,"19,7","0,0","1,9"
2022-10-10,0106X,"17,6","0,0","1,9"
2022-10-11,0106X,"18,8","0,0","0,8"
2022-10-12,0106X,"19,0","0,2","2,2"
2022-10-13,0106X,"17,8","0,0","1,9"
2022-10-14,0106X,"18,7","0,0","1,4"
2022-10-15,0106X,"18,8","0,0","2,8"
2022-10-16,0106X,"19,2","0,0","2,8"
2022-10-17,0106X,"19,8","0,0","1,7"
2022-10-18,0106X,"18,8","0,0","2,2"
2022-10-19,0106X,"20,8","0,2","1,7"
2022-10-20,0106X,"18,6","1,4","1,4"
2022-10-21,0106X,"19,0","0,0","1,7"
2022-10-22,0106X,"18,0","0,2","1,7"
2022-10-23,0106X,"16,0","0,0","1,1"
2022-10-24,0106X,"17,9","0,0","1,4"
2022-10-25,0106X,"19,6","0,0","1,4"
2022-10-26,0106X,"19,8","0,0","1,7"
2022-10-27,0106X,"18,9","0,0","1,1"
2022-10-28,0106X,"18,8","0,0","1,1"
2022-10-29,0106X,"16,4","0,0","1,7"
2022-10-30,0106X,"15,6","0,0","1,7"
2022-10-31,0106X,"15,5","0,0","1,7"
2022-11-01,0106X,"16,9","0,0","2,8"
2022-11-02,0106X,"15,5","0,0","2,8"
2022-11-03,0106X,"13,6","2,4","1,4"
2022-11-04,0106X,"12,0","0,0","3,1"
2022-11-05,0106X,"9,6","0,0","1,7"
2022-11-06,0106X,"10,4","0,0","1,7"
2022-11-07,0106X,"11,4","0,0","1,7"
2022-11-08,0106X,"12,8","0,0","1,9"
2022-11-09,0106X,"14,6","0,0","2,5"
2022-11-10,0106X,"14,8","0,0","1,9"
2022-11-11,0106X,"15,0","0,0","3,3"
2022-11-12,0106X,"15,0","0,0","1,1"
2022-11-13,0106X,"13,0","0,0","2,5"
2022-11-14,0106X,"14,6","0,0","1,7"
2022-11-15,0106X,"14,6","0,0","2,5"
2022-11-16,0106X,"12,8","0,0","2,2"
2022-11-17,0106X,"14,4","0,0","1,4"
2022-11-18,0106X,"9,9","0,0","1,1"
2022-11-19,0106X,"7,8","0,0","1,4"
2022-11-20,0106X,"5,4","0,0","1,7"
2022-11-21,0106X,"8,0","2,2","0,6"
2022-11-22,0106X,"8,1","0,0","3,9"
2022-11-23,0106X,"10,4","0,0","0,8"
2022-11-24,0106X,"9,4","0,0","1,9"
2022-11-25,0106X,"9,2","0,0","2,5"
2022-11-26,0106X,"6,2","0,0","0,8"
2022-11-27,0106X,"6,2","0,2","1,4"
2022-11-28,0106X,"7,1","2,2","1,4"
2022-11-29,0106X,"5,6","0,0","1,1"
2022-11-30,0106X,"5,4","0,0","1,1"
2022-12-01,0106X,"5,6","0,0","1,1"
2022-12-02,0106X,"5,1","0,0","0,8"
2022-12-03,0106X,"3,2","2,4","1,4"
2022-12-04,0106X,"4,7","0,0","1,9"
2022-12-05,0106X,"4,4","0,0","0,6"
2022-12-06,0106X,"7,6","0,0","0,8"
2022-12-07,0106X,"5,9","0,0","1,4"
2022-12-08,0106X,"6,8","5,0","0,3"
2022-12-09,0106X,"11,0","2,2","2,5"
2022-12-10,0106X,"5,0","0,0","1,9"
2022-12-11,0106X,"1,9","0,0","0,8"
2022-12-12,0106X,"4,4","13,0","1,7"
2022-12-13,0106X,"6,0","3,0","0,8"
2022-12-14,0106X,"9,0","9,4","1,1"
2022-12-15,0106X,"8,8","0,4","2,2"
2022-12-16,0106X,"9,0","0,0","1,4"
2022-12-17,0106X,"7,2","0,0","1,4"
2022-12-18,0106X,"4,7","0,0","1,1"
2022-12-19,0106X,"7,6","0,0","1,4"
2022-12-20,0106X,"8,0","0,0","1,1"
2022-12-21,0106X,"9,0","0,0","1,7"
2022-12-22,0106X,"8,6","0,0","1,7"
2022-12-23,0106X,"9,6","0,0","3,1"
2022-12-24,0106X,"11,6","0,0","1,1"
2022-12-25,0106X,"9,9","0,0","1,1"
2022-12-26,0106X,"9,7","0,0","0,6"
2022-12-27,0106X,"8,7","0,0","1,4"
2022-12-28,0106X,"8,5","0,0","1,1"
2022-12-29,0106X,"7,2","0,0","1,4"
2022-12-30,0106X,"10,2","0,0","1,1"
2022-12-31,0106X,"10,9","0,0","1,9"
2023-01-01,0106X,"8,2","0,0","1,1"
2023-01-02,0106X,"5,1","0,0","0,3"
2023-01-03,0106X,"8,2","0,0","0,8"
2023-01-04,0106X,"7,2","0,0","1,1"
2023-01-05,0106X,"6,4","0,0","0,8"
2023-01-06,0106X,"5,6","0,0","1,1"
2023-01-07,0106X,"3,4","0,2","1,4"
2023-01-08,0106X,"5,6","4,0","0,8"
2023-01-09,0106X,"8,2","0,0","2,8"
2023-01-10,0106X,"5,1","0,0","1,7"
2023-01-11,0106X,"4,2","0,0","1,4"
2023-01-12,0106X,"5,4","0,0","0,8"
2023-01-13,0106X,"6,7","0,0","0,6"
2023-01-14,0106X,"6,0","0,0","1,7"
2023-01-15,0106X,"6,4","0,0","1,9"
2023-01-16,0106X,"5,9","3,4","3,1"
2023-01-17,0106X,"7,2","0,0","4,4"
2023-01-18,0106X,"4,8","0,0","1,7"
2023-01-19,0106X,"3,4","0,0","1,9"
2023-01-20,0106X,"4,2","0,0","1,4"
2023-01-21,0106X,"0,5","0,0","2,2"
2023-01-22,0106X,"0,4","0,0","1,9"
2023-01-23,0106X,"-0,4","0,0","1,4"
2023-01-24,0106X,"-0,5","0,4","1,1"
2023-01-25,0106X,"1,4","0,0","1,7"
2023-01-26,0106X,"0,2","0,0","1,7"
2023-01-27,0106X,"0,8","0,0","0,8"
2023-01-28,0106X,"0,7","0,0","1,4"
2023-01-29,0106X,"2,3","0,0","1,7"
2023-01-30,0106X,"0,6","0,0","1,7"
2023-01-31,0106X,"2,6","0,0","1,7"
2023-02-01,0106X,"3,5","0,0","1,1"
2023-02-02,0106X,"4,4","0,0","1,1"
2023-02-03,0106X,"5,6","0,0","1,4"
2023-02-04,0106X,"6,0","0,0","1,7"
2023-02-05,0106X,"5,4","0,0","1,4"
2023-02-06,0106X,"3,8","0,0","2,2"
2023-02-07,0106X,"4,4","3,8","4,4"
2023-02-08,0106X,"5,0","0,0","2,5"
2023-02-09,0106X,"6,4","0,0","2,2"
2023-02-10,0106X,"4,3","0,0","1,7"
2023-02-11,0106X,"4,4","0,0","1,9"
2023-02-12,0106X,"4,2","0,0","1,4"
2023-02-13,0106X,"4,6","0,0","1,7"
2023-02-14,0106X,"6,2","0,0","2,2"
2023-02-15,0106X,"7,2","0,0","1,9"
2023-02-16,0106X,"6,4","0,0","1,7"
2023-02-17,0106X,"7,4","0,0","1,1"
2023-02-18,0106X,"9,1","0,0","1,9"
2023-02-19,0106X,"10,2","0,0","1,4"
2023-02-20,0106X,"11,0","0,0","3,1"
2023-02-21,0106X,"10,6","0,0","2,5"
2023-02-22,0106X,"11,2","1,2","1,7"
2023-02-23,0106X,"8,5","23,4","0,8"
2023-02-24,0106X,"5,1","0,0","1,1"
2023-02-25,0106X,"3,5","1,2","1,9"
2023-02-26,0106X,"6,5","0,2","1,4"
2023-02-27,0106X,"4,5","0,0","1,4"
2023-02-28,0106X,"5,3","0,0","2,2"
2023-03-01,0106X,"3,2","0,0","2,2"
2023-03-02,0106X,"4,1","0,0","1,9"
2023-03-03,0106X,"5,2","0,0","2,5"
2023-03-04,0106X,"5,9","0,0","1,1"
2023-03-05,0106X,"5,9","0,0","1,9"
2023-03-06,0106X,"7,8","0,0","2,8"
2023-03-07,0106X,"7,2","0,0","2,5"
2023-03-08,0106X,"11,7","0,0","3,6"
2023-03-09,0106X,"15,6","0,0","2,2"
2023-03-10,0106X,"14,5","0,0","3,3"
2023-03-11,0106X,"15,8","0,0","2,5"
2023-03-12,0106X,"15,2","0,0","1,9"
2023-03-13,0106X,"16,0","0,0","3,6"
2023-03-14,0106X,"13,4","0,0","3,1"
2023-03-15,0106X,"10,2","0,0","3,1"
2023-03-16,0106X,"11,0","0,0","3,1"
2023-03-17,0106X,"10,1","0,0","1,9"
2023-03-18,0106X,"10,6","2,4","1,9"
2023-03-19,0106X,"13,7","0,0","2,5"
2023-03-20,0106X,"11,7","0,0","2,8"
2023-03-21,0106X,"13,0","0,0","3,3"
2023-03-22,0106X,"13,2","0,0","3,1"
2023-03-23,0106X,"16,4","0,0","3,3"
2023-03-24,0106X,"13,3","0,0","2,5"
2023-03-25,0106X,"13,2","0,0","4,2"
2023-03-26,0106X,"12,6","0,0","3,6"
2023-03-27,0106X,"13,2","0,0","3,6"
2023-03-28,0106X,"13,0","0,0","2,8"
2023-03-29,0106X,"13,9","0,0","3,6"
2023-03-30,0106X,"15,0","0,0","2,5"
2023-03-31,0106X,"15,8","0,0","5,0"
2023-04-01,0106X,"13,9","0,0","2,8"
2023-04-02,0106X,"11,0","0,0","2,2"
2023-04-03,0106X,"11,1","0,0","2,8"
2023-04-04,0106X,"9,2","0,0","3,3"
2023-04-05,0106X,"10,2","0,0","2,8"
2023-04-06,0106X,"10,3","0,0","2,5"
2023-04-07,0106X,"12,4","0,0","2,8"
2023-04-08,0106X,"11,8","0,0","2,5"
2023-04-09,0106X,"12,2","0,0","2,5"
2023-04-10,0106X,"16,2","0,0","2,2"
2023-04-11,0106X,"14,8","0,0","2,8"
2023-04-12,0106X,"15,4","0,0","3,3"
2023-04-13,0106X,"10,2","0,2","2,8"
2023-04-14,0106X,"11,3","0,0","3,9"
2023-04-15,0106X,"14,2","0,0","3,1"
2023-04-16,0106X,"13,0","0,0","3,1"
2023-04-17,0106X,"11,3","0,0","3,3"
2023-04-18,0106X,"10,6","1,0","1,4"
2023-04-19,0106X,"12,2","0,0","3,6"
2023-04-20,0106X,"14,4","0,0","1,9"
2023-04-21,0106X,"14,2","0,0","3,6"
2023-04-22,0106X,"15,6","0,0","2,8"
2023-04-23,0106X,"15,4","2,8","2,8"
2023-04-24,0106X,"17,5","0,0","3,9"
2023-04-25,0106X,"18,4","1,2","2,8"
2023-04-26,0106X,"17,6","0,0","3,9"
2023-04-27,0106X,"18,6","0,0","3,1"
2023-04-28,0106X,"19,2","0,0","3,1"
2023-04-29,0106X,"20,5","3,8","3,3"
2023-04-30,0106X,"18,8","12,6","2,2"
2023-05-01,0106X,"16,8","0,0","3,1"
2023-05-02,0106X,"17,2","0,0","3,1"
2023-05-03,0106X,"16,7","0,0","3,3"
2023-05-04,0106X,"16,8","0,0","3,3"
2023-05-05,0106X,"18,6","0,0","3,1"
2023-05-06,0106X,"19,0","0,0","3,9"
2023-05-07,0106X,"18,4","9,8","2,5"
2023-05-08,0106X,"17,2","0,0","1,9"
2023-05-09,0106X,"19,1","6,0","2,5"
2023-05-10,0106X,"17,7","0,0","2,5"
2023-05-11,0106X,"14,8","1,0","3,3"
2023-05-12,0106X,"13,0","0,2","2,5"
2023-05-13,0106X,"12,5","0,2","2,5"
2023-05-14,0106X,"13,8","1,6","1,7"
2023-05-15,0106X,"15,7","0,0","1,9"
2023-05-16,0106X,"15,6","0,0","3,1"
2023-05-17,0106X,"14,6","0,0","2,5"
2023-05-18,0106X,"13,8","0,0","2,5"
2023-05-19,0106X,"14,7","2,2","1,7"
2023-05-20,0106X,"15,7","0,0","2,2"
2023-05-21,0106X,"13,8","0,2","2,5"
2023-05-22,0106X,"17,2","1,0","1,4"
2023-05-23,0106X,"17,4","0,2","1,1"
2023-05-24,0106X,"17,5","7,8","3,1"
2023-05-25,0106X,"16,2","4,8","2,5"
2023-05-26,0106X,"17,6","0,0","2,8"
2023-05-27,0106X,"19,4","0,0","2,5"
2023-05-28,0106X,"18,8","0,0","3,1"
2023-05-29,0106X,"18,8","0,0","2,8"
2023-05-30,0106X,"18,5","0,2","1,7"
2023-05-31,0106X,"17,6","6,4","2,2"
2023-06-01,0106X,"17,4","0,2","0,8"
2023-06-02,0106X,"17,7","1,6","1,7"
2023-06-03,0106X,"17,3","2,0","2,8"
2023-06-04,0106X,"17,6","0,0","1,7"
2023-06-05,0106X,"19,6","29,2","2,2"
2023-06-06,0106X,"19,7","0,2","2,5"
2023-06-07,0106X,"18,2","0,0","3,1"
2023-06-08,0106X,"20,0","0,0","2,8"
2023-06-09,0106X,"22,2","0,0","3,3"
2023-06-10,0106X,"21,8","16,0","3,1"
2023-06-11,0106X,"19,9","3,6","1,7"
2023-06-12,0106X,"20,8","0,2","2,5"
2023-06-13,0106X,"21,3","12,0","2,5"
2023-06-14,0106X,"21,2","0,0","2,2"
2023-06-15,0106X,"20,6","0,0","2,5"
2023-06-16,0106X,"22,4","0,0","3,1"
2023-06-17,0106X,"23,2","1,0","2,5"
2023-06-18,0106X,"22,9","0,0","1,7"
2023-06-19,0106X,"21,7","0,0","2,2"
2023-06-20,0106X,"23,2","0,0","2,8"
2023-06-21,0106X,"25,4","0,0","2,5"
2023-06-22,0106X,"25,6","0,0","2,5"
2023-06-23,0106X,"25,0","0,0","2,8"
2023-06-24,0106X,"25,2","0,0","3,1"
2023-06-25,0106X,"26,2","0,0","2,5"
2023-06-26,0106X,"26,8","0,0","2,5"
2023-06-27,0106X,"26,0","0,0","2,5"
2023-06-28,0106X,"25,6","1,4","1,7"
2023-06-29,0106X,"22,4","51,6","1,9"
2023-06-30,0106X,"22,1","0,0","2,8"
2023-07-01,0106X,"21,6","0,0","3,1"
2023-07-02,0106X,"23,2","0,0","3,3"
2023-07-03,0106X,"24,4","0,0","2,2"
2023-07-04,0106X,"22,7","1,2","3,1"
2023-07-05,0106X,"22,0","0,2","3,3"
2023-07-06,0106X,"23,6","3,4","1,9"
2023-07-07,0106X,"23,8","0,0","2,5"
2023-07-08,0106X,"26,5","0,0","3,1"
2023-07-09,0106X,"26,6","0,0","2,8"
2023-07-10,0106X,"27,4","0,0","3,3"
2023-07-11,0106X,"28,5","0,0","3,6"
2023-07-12,0106X,"27,4","0,0","3,9"
2023-07-13,0106X,"26,2","0,0","3,9"
2023-07-14,0106X,"26,5","0,0","3,6"
2023-07-15,0106X,"25,8","0,0","3,3"
2023-07-16,0106X,"27,4","0,0","3,3"
2023-07-17,0106X,"26,9","0,0","2,8"
2023-07-18,0106X,"29,8","0,0","4,2"
2023-07-19,0106X,"29,9","0,0","3,9"
2023-07-20,0106X,"26,8","0,0","3,3"
2023-07-21,0106X,"26,8","0,0","4,4"
2023-07-22,0106X,"25,8","0,0","3,3"
2023-07-23,0106X,"26,5","0,0","3,6"
2023-07-24,0106X,"28,2","0,0","3,1"
2023-07-25,0106X,"24,4","1,8","3,6"
2023-07-26,0106X,"23,4","0,0","3,9"
2023-07-27,0106X,"24,2","16,2","3,9"
2023-07-28,0106X,"23,8","0,0","3,1"
2023-07-29,0106X,"26,8","0,0","3,3"
2023-07-30,0106X,"25,8","0,0","3,9"
2023-07-31,0106X,"27,0","0,0","3,3"
2023-08-01,0106X,"27,8","0,0","4,7"
2023-08-02,0106X,"28,0","0,4","3,3"
2023-08-03,0106X,"24,3","0,0","4,4"
2023-08-04,0106X,"21,2","0,0","3,3"
2023-08-05,0106X,"20,0","0,0","2,5"
2023-08-06,0106X,"21,5","0,0","4,2"
2023-08-07,0106X,"23,6","0,0","3,1"
2023-08-08,0106X,"24,2","0,0","3,9"
2023-08-09,0106X,"25,9","0,0","3,1"
2023-08-10,0106X,"28,8","0,0","4,2"
2023-08-11,0106X,"26,8","0,0","3,3"
2023-08-12,0106X,"27,0","0,0","3,1"
2023-08-13,0106X,"26,4","0,0","3,3"
2023-08-14,0106X,"25,6","0,0","3,6"
2023-08-15,0106X,"25,4","0,0","3,3"
2023-08-16,0106X,"25,2","0,0","2,8"
2023-08-17,0106X,"26,0","0,0","3,9"
2023-08-18,0106X,"26,0","0,0","3,6"
2023-08-19,0106X,"27,2","0,0","3,1"
2023-08-20,0106X,"29,8","0,0","2,5"
2023-08-21,0106X,"30,6","0,0","2,5"
2023-08-22,0106X,"30,4","0,0","2,5"
2023-08-23,0106X,"31,1","0,0","1,9"
2023-08-24,0106X,"30,2","0,0","3,3"
2023-08-25,0106X,"27,6","0,0","3,9"
2023-08-26,0106X,"24,8","15,0","1,7"
2023-08-27,0106X,"16,4","7,4","1,9"
2023-08-28,0106X,"19,6","0,0","4,4"
2023-08-29,0106X,"18,6","0,0","2,8"
2023-08-30,0106X,"20,1","0,0","3,1"
2023-08-31,0106X,"22,7","0,0","3,1"
2023-09-01,0106X,"21,2","0,0","3,6"
2023-09-02,0106X,"21,9","0,0","3,3"
2023-09-03,0106X,"24,6","0,0","5,3"
2023-09-04,0106X,"27,2","0,0","3,3"
2023-09-05,0106X,"25,1","0,0","2,5"
2023-09-06,0106X,"23,7","0,0","1,9"
2023-09-07,0106X,"22,2","0,0","3,3"
2023-09-08,0106X,"21,5","0,0","2,8"
2023-09-09,0106X,"21,6","0,0","3,1"
2023-09-10,0106X,"23,1","0,2","2,8"
2023-09-11,0106X,"23,8","0,0","3,1"
2023-09-12,0106X,"23,2","0,0","3,1"
2023-09-13,0106X,"22,4","0,4","3,1"
2023-09-14,0106X,"22,4","0,0","3,3"
2023-09-15,0106X,"20,0","16,8","2,2"
2023-09-16,0106X,"22,0","0,0","2,8"
2023-09-17,0106X,"23,4","1,8","1,9"
2023-09-18,0106X,"22,0","0,0","2,5"
2023-09-19,0106X,"19,4","5,2","2,8"
2023-09-20,0106X,"20,0","3,0","1,4"
2023-09-21,0106X,"19,9","0,4","2,5"
2023-09-22,0106X,"18,6","0,0","2,8"
2023-09-23,0106X,"16,8","0,0","2,2"
2023-09-24,0106X,"19,2","0,0","2,2"
2023-09-25,0106X,"19,4","0,0","2,5"
2023-09-26,0106X,"19,4","0,0","2,5"
2023-09-27,0106X,"20,6","0,0","3,1"
2023-09-28,0106X,"21,3","0,0","2,8"
2023-09-29,0106X,"22,4","0,0","3,3"
2023-09-30,0106X,"23,0","0,0","2,8"
2023-10-01,0106X,"23,2","0,0","3,1"
2023-10-02,0106X,"21,2","0,0","2,5"
2023-10-03,0106X,"22,1","0,0","1,9"
2023-10-04,0106X,"23,0","0,0","3,1"
2023-10-05,0106X,"21,7","0,0","2,2"
2023-10-06,0106X,"23,6","0,0","2,5"
2023-10-07,0106X,"23,0","0,0","2,8"
2023-10-08,0106X,"21,7","0,0","2,8"
2023-10-09,0106X,"21,8","0,0","1,9"
2023-10-10,0106X,"20,6","0,0","2,5"
2023-10-11,0106X,"19,8","0,0","2,8"
2023-10-12,0106X,"20,8","0,0","3,3"
2023-10-13,0106X,"20,0","0,0","3,3"
2023-10-14,0106X,"19,6","0,0","2,5"
2023-10-15,0106X,"19,2","2,0","2,5"
2023-10-16,0106X,"17,1","1,0","1,1"
2023-10-17,0106X,"19,3","0,0","1,9"
2023-10-18,0106X,"19,6","0,0","1,4"
2023-10-19,0106X,"18,0","14,6","1,9"
2023-10-20,0106X,"16,5","0,0","2,2"
2023-10-21,0106X,"12,7","0,0","1,4"
2023-10-22,0106X,"12,2","0,0","1,1"
2023-10-23,0106X,"18,5","3,2","2,2"
2023-10-24,0106X,"16,0","0,0","1,9"
2023-10-25,0106X,"16,6","0,0","2,5"
2023-10-26,0106X,"17,6","0,0","5,0"
2023-10-27,0106X,"14,5","0,0","2,2"
2023-10-28,0106X,"14,6","0,0","2,2"
2023-10-29,0106X,"14,6","0,0","2,8"
2023-10-30,0106X,"14,9","0,4","2,5"
2023-10-31,0106X,"10,6","0,0","1,7"
2023-11-01,0106X,"10,6","0,0","1,7"
2023-11-02,0106X,"13,5","0,6","3,1"
2023-11-03,0106X,"11,2","0,0","3,1"
2023-11-04,0106X,"11,0","0,0","1,9"
2023-11-05,0106X,"13,2","0,0","3,9"
2023-11-06,0106X,"9,8","0,0","2,2"
2023-11-07,0106X,"7,2","0,0","2,5"
2023-11-08,0106X,"7,2","0,8","2,5"
2023-11-09,0106X,"7,9","0,8","0,6"
2023-11-10,0106X,"12,2","0,0","3,1"
2023-11-11,0106X,"11,3","0,0","1,1"
2023-11-12,0106X,"16,6","0,0","1,9"
2023-11-13,0106X,"14,0","0,0","1,7"
2023-11-14,0106X,"15,4","0,0","3,1"
2023-11-15,0106X,"12,2","0,0","0,6"
2023-11-16,0106X,"13,8","0,0","1,1"
2023-11-17,0106X,"12,4","0,0","1,1"
2023-11-18,0106X,"12,0","0,0","1,4"
2023-11-19,0106X,"12,8","0,0","1,1"
2023-11-20,0106X,"11,8","0,8","1,9"
2023-11-21,0106X,"10,8","0,0","1,7"
2023-11-22,0106X,"9,4","0,0","5,8"
2023-11-23,0106X,"5,4","0,0","1,1"
2023-11-24,0106X,"4,6","0,0","1,7"
2023-11-25,0106X,"7,4","0,0","0,6"
2023-11-26,0106X,"8,8","0,0","0,8"
2023-11-27,0106X,"8,0","0,0","1,1"
2023-11-28,0106X,"9,0","0,0","1,9"
2023-11-29,0106X,"5,6","0,6","0,8"
2023-11-30,0106X,"11,8","0,0","1,9"
2023-12-01,0106X,"10,6","6,6","1,4"
2023-12-02,0106X,"5,9","0,0","1,7"
2023-12-03,0106X,"4,2","0,0","1,1"
2023-12-04,0106X,"6,3","0,0","2,2"
2023-12-05,0106X,"5,4","0,0","1,7"
2023-12-06,0106X,"5,8","0,0","1,4"
2023-12-07,0106X,"5,3","1,2","0,6"
2023-12-08,0106X,"6,8","0,0","1,4"
2023-12-09,0106X,"6,9","0,0","1,4"
2023-12-10,0106X,"7,6","0,0","1,7"
2023-12-11,0106X,"8,4","0,0","1,4"
2023-12-12,0106X,"9,0","0,0","1,1"
2023-12-13,0106X,"10,3","0,0","3,9"
2023-12-14,0106X,"7,6","0,0","1,4"
2023-12-15,0106X,"5,7","0,0","1,1"
2023-12-16,0106X,"5,0","0,0","0,6"
2023-12-17,0106X,"5,4","0,0","1,4"
2023-12-18,0106X,"4,9","0,0","1,4"
2023-12-19,0106X,"5,6","0,0","1,1"
2023-12-20,0106X,"4,0","0,0","1,4"
2023-12-21,0106X,"3,8","0,0","1,4"
2023-12-22,0106X,"10,2","0,0","1,7"
2023-12-23,0106X,"6,4","0,0","1,1"
2023-12-24,0106X,"5,1","0,0","1,4"
2023-12-25,0106X,"5,4","0,0","1,1"
2023-12-26,0106X,"6,2","0,0","1,7"
2023-12-27,0106X,"5,6","0,0","0,8"
2023-12-28,0106X,"0,5","0,0","1,1"
2023-12-29,0106X,"4,0","0,0","0,6"
2023-12-30,0106X,"6,0","0,0","1,7"
2023-12-31,0106X,"5,2","0,0","1,7"
2024-01-01,0106X,"6,2","0,0","1,1"
2024-01-02,0106X,"4,2","0,0","1,4"
2024-01-03,0106X,"11,2","0,0","1,4"
2024-01-04,0106X,"9,0","0,0","1,1"
2024-01-05,0106X,"7,6","12,6","1,1"
2024-01-06,0106X,"5,8","0,0","1,7"
2024-01-07,0106X,"4,0","0,0","1,1"
2024-01-08,0106X,"2,0","0,0","1,4"
2024-01-09,0106X,"1,6","0,0","1,4"
2024-01-10,0106X,"2,6","3,0","0,0"
2024-01-11,0106X,"5,9","0,2","0,6"
2024-01-12,0106X,"3,8","0,0","0,8"
2024-01-13,0106X,"5,1","0,0","1,4"
2024-01-14,0106X,"4,5","0,0","1,1"
2024-01-15,0106X,"6,4","0,0","1,4"
2024-01-16,0106X,"8,4","3,0","1,9"
2024-01-17,0106X,"10,5","0,4","1,4"
2024-01-18,0106X,"11,8","0,6","3,9"
2024-01-19,0106X,"7,0","14,4","0,8"
2024-01-20,0106X,"4,9","0,0","1,1"
2024-01-21,0106X,"3,9","0,0","1,1"
2024-01-22,0106X,"4,2","0,0","1,4"
2024-01-23,0106X,"6,6","0,0","1,1"
2024-01-24,0106X,"10,0","0,0","1,9"
2024-01-25,0106X,"10,3","0,0","1,1"
2024-01-26,0106X,"11,8","0,0","0,6"
2024-01-27,0106X,"10,2","0,0","0,8"
2024-01-28,0106X,"9,0","0,0","1,4"
2024-01-29,0106X,"8,3","0,0","1,1"
2024-01-30,0106X,"8,0","0,0","1,7"
2024-01-31,0106X,"8,4","0,0","1,1"
2024-02-01,0106X,"6,9","0,0","0,8"
2024-02-02,0106X,"6,9","0,0","1,1"
2024-02-03,0106X,"8,7","0,0","1,7"
2024-02-04,0106X,"10,8","0,0","1,1"
2024-02-05,0106X,"10,8","0,0","1,1"
2024-02-06,0106X,"7,6","0,0","0,8"
2024-02-07,0106X,"7,8","0,0","1,9"
2024-02-08,0106X,"8,6","0,4","2,2"
2024-02-09,0106X,"11,0","5,6","1,1"
2024-02-10,0106X,"9,4","0,0","2,5"
2024-02-11,0106X,"8,4","0,0","3,6"
2024-02-12,0106X,"7,5","0,0","2,8"
2024-02-13,0106X,"10,0","0,0","1,4"
2024-02-14,0106X,"10,4","0,0","1,7"
2024-02-15,0106X,"12,6","0,0","1,1"
2024-02-16,0106X,"9,2","3,6","1,1"
2024-02-17,0106X,"10,8","0,0","1,4"
2024-02-18,0106X,"9,0","0,0","1,4"
2024-02-19,0106X,"13,0","0,0","2,2"
2024-02-20,0106X,"10,6","0,0","2,8"
2024-02-21,0106X,"10,0","0,0","1,1"
2024-02-22,0106X,"11,9","0,0","3,3"
2024-02-23,0106X,"8,9","0,0","1,9"
2024-02-24,0106X,"6,8","1,2","0,6"
2024-02-25,0106X,"5,6","0,4","3,1"
2024-02-26,0106X,"9,5","0,0","1,9"
2024-02-27,0106X,"10,7","0,0","1,4"
2024-02-28,0106X,"10,6","0,0","4,2"
2024-02-29,0106X,"7,6","0,0","1,7"
2024-03-01,0106X,"10,8","0,0","1,9"
2024-03-02,0106X,"7,6","9,6","1,7"
2024-03-03,0106X,"8,4","0,4","3,9"
2024-03-04,0106X,"5,8","0,0","1,9"
2024-03-05,0106X,"7,7","0,0","2,8"
2024-03-06,0106X,"7,4","0,0","2,8"
2024-03-07,0106X,"8,2","5,0","1,9"
2024-03-08,0106X,"7,7","8,6","3,1"
2024-03-09,0106X,"4,0","32,4","1,4"
2024-03-10,0106X,"7,3","0,0","2,2"
2024-03-11,0106X,"7,6","0,0","3,1"
2024-03-12,0106X,"8,4","0,0","1,4"
2024-03-13,0106X,"10,6","0,0","1,9"
2024-03-14,0106X,"11,6","0,0","2,5"
2024-03-15,0106X,"15,1","0,0","3,1"
2024-03-16,0106X,"13,7","0,0","1,9"
2024-03-17,0106X,"16,2","0,0","1,4"
2024-03-18,0106X,"15,5","0,0","3,3"
2024-03-19,0106X,"15,6","0,0","2,2"
2024-03-20,0106X,"13,9","0,0","2,2"
2024-03-21,0106X,"14,8","0,0","1,4"
2024-03-22,0106X,"17,1","0,0","2,8"
2024-03-23,0106X,"15,2","0,0","3,3"
2024-03-24,0106X,"12,6","0,0","3,3"
2024-03-25,0106X,"10,0","16,2","1,4"
2024-03-26,0106X,"8,8","1,2","1,9"
2024-03-27,0106X,"7,6","1,0","3,1"
2024-03-28,0106X,"13,5","0,0","4,4"
2024-03-29,0106X,"14,8","0,0","3,1"
2024-03-30,0106X,"12,4","8,6","4,2"
2024-03-31,0106X,"9,8","4,6","1,7"
2024-04-01,0106X,"9,5","0,0","2,8"
2024-04-02,0106X,"10,8","0,0","3,3"
2024-04-03,0106X,"12,2","0,0","3,1"
2024-04-04,0106X,"14,2","0,0","3,1"
2024-04-05,0106X,"14,9","0,0","2,2"
2024-04-06,0106X,"15,9","0,0","1,4"
2024-04-07,0106X,"17,6","0,0","0,6"
2024-04-08,0106X,"18,8","0,6","2,5"
2024-04-09,0106X,"11,4","0,0","2,8"
2024-04-10,0106X,"10,9","0,0","2,8"
2024-04-11,0106X,"13,3","0,0","2,2"
2024-04-12,0106X,"15,6","0,0","2,2"
2024-04-13,0106X,"17,8","0,0","2,2"
2024-04-14,0106X,"17,8","0,0","3,3"
2024-04-15,0106X,"17,6","0,0","3,1"
2024-04-16,0106X,"15,0","0,0","3,9"
2024-04-17,0106X,"12,2","0,0","3,1"
2024-04-18,0106X,"13,0","0,0","3,1"
2024-04-19,0106X,"11,4","0,0","2,5"
2024-04-20,0106X,"13,0","0,0","2,5"
2024-04-21,0106X,"13,0","18,0","3,1"
2024-04-22,0106X,"10,4","0,0","3,6"
2024-04-23,0106X,"8,4","0,0","3,1"
2024-04-24,0106X,"8,8","0,0","3,1"
2024-04-25,0106X,"11,0","0,0","3,1"
2024-04-26,0106X,"12,2","0,4","3,9"
2024-04-27,0106X,"14,6","2,4","3,9"
2024-04-28,0106X,"12,4","5,8","1,1"
2024-04-29,0106X,"12,0","47,0","3,1"
2024-04-30,0106X,"14,3","4,0","1,4"
2024-05-01,0106X,"13,6","0,0","2,8"
2024-05-02,0106X,"11,6","0,0","3,1"
2024-05-03,0106X,"10,8","0,0","3,6"
2024-05-04,0106X,"14,9","0,0","3,1"
2024-05-05,0106X,"16,8","1,0","2,8"
2024-05-06,0106X,"16,6","0,0","3,6"
2024-05-07,0106X,"15,0","0,0","1,9"
2024-05-08,0106X,"14,8","0,0","3,1"
2024-05-09,0106X,"15,3","0,0","3,1"
2024-05-10,0106X,"16,0","0,0","3,6"
2024-05-11,0106X,"16,2","0,0","3,3"
2024-05-12,0106X,"17,2","0,0","3,1"
2024-05-13,0106X,"17,4","4,0","3,6"
2024-05-14,0106X,"16,2","17,0","1,4"
2024-05-15,0106X,"15,0","0,0","1,9"
2024-05-16,0106X,"13,2","4,6","2,2"
2024-05-17,0106X,"14,3","5,2","3,3"
2024-05-18,0106X,"16,2","0,0","2,8"
2024-05-19,0106X,"16,0","0,0","3,1"
2024-05-20,0106X,"16,4","0,0","1,9"
2024-05-21,0106X,"15,7","0,0","3,9"
2024-05-22,0106X,"15,9","3,8","3,9"
2024-05-23,0106X,"15,4","0,0","2,5"
2024-05-24,0106X,"16,1","24,4","2,2"
2024-05-25,0106X,"17,7","0,0","3,3"
2024-05-26,0106X,"18,2","0,0","3,3"
2024-05-27,0106X,"18,6","0,0","2,8"
2024-05-28,0106X,"21,2","0,0","3,1"
2024-05-29,0106X,"20,2","0,0","2,5"
2024-05-30,0106X,"21,2","0,0","2,8"
2024-05-31,0106X,"20,0","0,4","3,3"
2024-06-01,0106X,"18,0","3,0","2,5"
2024-06-02,0106X,"17,8","0,0","2,8"
2024-06-03,0106X,"19,2","17,6","2,8"
2024-06-04,0106X,"19,5","6,0","2,2"
2024-06-05,0106X,"20,6","0,0","3,9"
2024-06-06,0106X,"21,8","0,0","3,3"
2024-06-07,0106X,"22,8","1,0","2,8"
2024-06-08,0106X,"22,8","0,0","3,3"
2024-06-09,0106X,"20,7","14,8","1,4"
2024-06-10,0106X,"18,8","4,8","2,5"
2024-06-11,0106X,"15,4","10,2","1,7"
2024-06-12,0106X,"16,0","17,6","3,1"
2024-06-13,0106X,"17,6","0,0","3,6"
2024-06-14,0106X,"20,2","0,0","4,2"
2024-06-15,0106X,"19,4","0,0","4,4"
2024-06-16,0106X,"19,4","0,0","3,3"
2024-06-17,0106X,"22,0","0,0","2,8"
2024-06-18,0106X,"23,1","0,0","3,6"
2024-06-19,0106X,"22,4","2,8","3,3"
2024-06-20,0106X,"20,7","0,2","3,1"
2024-06-21,0106X,"21,4","0,0","3,6"
2024-06-22,0106X,"21,0","0,0","2,8"
2024-06-23,0106X,"20,8","0,0","3,6"
2024-06-24,0106X,"21,0","0,0","3,3"
2024-06-25,0106X,"23,4","0,0","3,6"
2024-06-26,0106X,"23,0","0,0","2,8"
2024-06-27,0106X,"24,8","0,0","2,8"
2024-06-28,0106X,"25,0","0,0","3,9"
2024-06-29,0106X,"21,0","17,6","1,7"
2024-06-30,0106X,"22,4","8,6","3,3"
2024-07-01,0106X,"20,0","0,0","1,9"
2024-07-02,0106X,"21,9","0,0","3,3"
2024-07-03,0106X,"22,6","0,0","3,1"
2024-07-04,0106X,"22,0","0,0","3,1"
2024-07-05,0106X,"23,6","0,0","3,6"
2024-07-06,0106X,"22,7","31,4","1,9"
2024-07-07,0106X,"21,8","0,0","3,6"
2024-07-08,0106X,"23,2","0,0","2,5"
2024-07-09,0106X,"24,2","0,0","2,8"
2024-07-10,0106X,"25,7","0,0","3,6"
2024-07-11,0106X,"26,6","0,0","3,1"
2024-07-12,0106X,"25,0","0,0","3,9"
2024-07-13,0106X,"22,8","0,0","3,3"
2024-07-14,0106X,"24,0","0,0","3,3"
2024-07-15,0106X,"26,6","0,0","3,6"
2024-07-16,0106X,"25,8","0,0","2,8"
2024-07-17,0106X,"24,6","0,0","3,6"
2024-07-18,0106X,"26,1","0,0","3,3"
2024-07-19,0106X,"29,2","0,0","3,3"
2024-07-20,0106X,"27,0","0,0","3,3"
2024-07-21,0106X,"24,6","0,0","2,5"
2024-07-22,0106X,"24,0","0,0","3,3"
2024-07-23,0106X,"25,2","0,0","3,1"
2024-07-24,0106X,"27,0","0,0","2,8"
2024-07-25,0106X,"25,5","0,0","3,6"
2024-07-26,0106X,"26,4","0,0","3,1"
2024-07-27,0106X,"25,8","0,0","3,1"
2024-07-28,0106X,"25,7","0,0","2,5"
2024-07-29,0106X,"26,6","0,0","3,9"
2024-07-30,0106X,"28,8","0,0","3,9"
2024-07-31,0106X,"27,6","0,0","3,3"
2024-08-01,0106X,"28,6","0,0","3,3"
2024-08-02,0106X,"26,9","11,2","3,6"
2024-08-03,0106X,"24,6","0,0","2,8"
2024-08-04,0106X,"25,8","0,0","2,8"
2024-08-05,0106X,"26,4","0,0","3,6"
2024-08-06,0106X,"27,0","0,0","3,3"
2024-08-07,0106X,"26,6","0,0","3,3"
2024-08-08,0106X,"27,1","0,0","3,1"
2024-08-09,0106X,"27,4","0,0","3,6"
2024-08-10,0106X,"27,8","0,0","3,3"
2024-08-11,0106X,"27,6","0,0","3,3"
2024-08-12,0106X,"28,1","0,0","3,3"
2024-08-15,0106X,"23,4","0,0","1,1"
2024-08-16,0106X,"23,0","0,4","2,2"
2024-08-17,0106X,"25,2","0,6","3,1"
2024-08-18,0106X,"24,8","19,2","2,2"
2024-08-19,0106X,"23,2","0,0","2,8"
2024-08-20,0106X,"25,0","0,0","2,5"
2024-08-21,0106X,"24,8","0,0","3,3"
2024-08-22,0106X,"26,4","0,0","3,1"
2024-08-23,0106X,"26,8","0,0","2,5"
2024-08-24,0106X,"26,0","0,0","3,9"
2024-08-25,0106X,"24,4","0,0","3,1"
2024-08-26,0106X,"24,8","0,0","2,2"
2024-08-27,0106X,"25,8","0,0","2,8"
2024-08-28,0106X,"25,4","0,6","2,5"
2024-08-29,0106X,"25,6","0,0","2,5"
2024-08-30,0106X,"24,0","0,0","2,5"
2024-08-31,0106X,"24,8","1,6","2,5"
2024-09-01,0106X,"23,6","1,2","1,9"
2024-09-02,0106X,"23,1","1,4","2,2"
2024-09-03,0106X,"18,9","14,8","3,6"
2024-09-04,0106X,"18,0","15,8","1,9"
2024-09-05,0106X,"18,4","0,2","1,7"
2024-09-06,0106X,"21,0","0,4","2,5"
2024-09-07,0106X,"24,0","6,2","1,9"
2024-09-08,0106X,"21,6","0,4","2,5"
2024-09-09,0106X,"20,0","0,0","1,9"
2024-09-10,0106X,"19,2","0,0","1,7"
2024-09-11,0106X,"19,0","0,0","1,9"
2024-09-12,0106X,"17,7","0,6","2,2"
2024-09-13,0106X,"15,3","0,0","2,5"
2024-09-14,0106X,"14,8","0,0","1,9"
2024-09-15,0106X,"16,0","0,0","1,1"
2024-09-16,0106X,"17,0","0,0","1,7"
2024-09-17,0106X,"16,8","3,4","3,1"
2024-09-18,0106X,"17,6","0,0","2,8"
2024-09-19,0106X,"18,8","0,0","3,9"
2024-09-20,0106X,"16,2","1,8","1,1"
2024-09-21,0106X,"18,3","4,6","1,4"
2024-09-22,0106X,"18,2","0,8","1,1"
2024-09-23,0106X,"17,8","0,0","1,9"
2024-09-24,0106X,"19,0","0,0","2,2"
2024-09-25,0106X,"18,2","0,0","1,9"
2024-09-26,0106X,"21,8","0,0","2,8"
2024-09-27,0106X,"18,1","0,0","2,5"
