fecha,tmed
2019-01-01,"11,4"
2019-01-02,"11,2"
2019-01-03,"9,2"
2019-01-04,"8,4"
2019-01-05,"11,4"
2019-01-06,"13,2"
2019-01-07,"10,8"
2019-01-08,"9,7"
2019-01-09,"11,3"
2019-01-10,"8,4"
2019-01-11,"6,8"
2019-01-12,"8,4"
2019-01-13,"10,8"
2019-01-14,"13,5"
2019-01-15,"10,6"
2019-01-16,"11,2"
2019-01-17,"11,8"
2019-01-18,"8,3"
2019-01-19,"8,9"
2019-01-20,"8,2"
2019-01-21,"8,6"
2019-01-22,"7,4"
2019-01-23,"8,8"
2019-01-24,"9,0"
2019-01-25,"8,8"
2019-01-26,"10,8"
2019-01-27,"11,6"
2019-01-28,"10,4"
2019-01-29,"7,9"
2019-01-30,"9,8"
2019-01-31,"12,8"
2019-02-01,"12,2"
2019-02-02,"10,2"
2019-02-03,"9,8"
2019-02-04,"9,2"
2019-02-05,"11,6"
2019-02-06,"11,5"
2019-02-07,"10,1"
2019-02-08,"11,6"
2019-02-09,"12,0"
2019-02-10,"13,8"
2019-02-11,"13,2"
2019-02-12,"11,2"
2019-02-13,"9,9"
2019-02-14,"9,1"
2019-02-15,"9,2"
2019-02-16,"9,4"
2019-02-17,"10,1"
2019-02-18,"10,6"
2019-02-19,"11,9"
2019-02-20,"12,2"
2019-02-21,"10,4"
2019-02-22,"14,9"
2019-02-23,"14,4"
2019-02-24,"12,2"
2019-02-25,"10,7"
2019-02-26,"13,2"
2019-02-27,"13,2"
2019-02-28,"13,8"
2019-03-01,"12,0"
2019-03-02,"14,0"
2019-03-03,"13,7"
2019-03-04,"16,8"
2019-03-05,"13,9"
2019-03-06,"13,6"
2019-03-07,"14,8"
2019-03-08,"12,3"
2019-03-09,"12,7"
2019-03-10,"15,2"
2019-03-11,"13,7"
2019-03-12,"13,7"
2019-03-13,"12,0"
2019-03-14,"12,6"
2019-03-15,"14,4"
2019-03-16,"13,5"
2019-03-17,"13,2"
2019-03-18,"12,6"
2019-03-19,"12,4"
2019-03-20,"11,7"
2019-03-21,"11,6"
2019-03-22,"13,4"
2019-03-23,
2019-03-24,"16,1"
2019-03-25,"16,6"
2019-03-26,"15,0"
2019-03-27,"11,6"
2019-03-28,"12,8"
2019-03-29,"12,5"
2019-03-30,"12,5"
2019-03-31,"12,2"
2019-04-01,"14,2"
2019-04-02,"14,0"
2019-04-03,"12,4"
2019-04-04,"10,7"
2019-04-05,"11,0"
2019-04-06,"12,5"
2019-04-07,"13,0"
2019-04-08,"12,6"
2019-04-09,"13,3"
2019-04-10,"13,9"
2019-04-11,"14,8"
2019-04-12,"14,8"
2019-04-13,"14,0"
2019-04-14,"12,6"
2019-04-15,"13,7"
2019-04-16,"14,1"
2019-04-17,"14,2"
2019-04-18,"14,4"
2019-04-19,"16,1"
2019-04-20,"15,8"
2019-04-21,"15,6"
2019-04-22,"15,4"
2019-04-23,"15,7"
2019-04-24,"14,6"
2019-04-25,"15,6"
2019-04-26,"17,0"
2019-04-27,"14,6"
2019-04-28,"14,1"
2019-04-29,"15,1"
2019-04-30,"15,7"
2019-05-01,"16,0"
2019-05-02,"15,9"
2019-05-03,"13,2"
2019-05-04,"14,2"
2019-05-05,"15,6"
2019-05-06,"13,3"
2019-05-07,"14,4"
2019-05-08,"17,8"
2019-05-09,"16,7"
2019-05-10,"17,6"
2019-05-11,"17,2"
2019-05-12,"16,7"
2019-05-13,"15,3"
2019-05-14,"15,9"
2019-05-15,"15,4"
2019-05-16,"14,5"
2019-05-17,"13,8"
2019-05-18,"15,1"
2019-05-19,"14,0"
2019-05-20,"15,4"
2019-05-21,"15,6"
2019-05-22,"16,8"
2019-05-23,"17,2"
2019-05-24,"15,3"
2019-05-25,"18,6"
2019-05-26,"19,4"
2019-05-27,
2019-05-28,"18,0"
2019-05-29,"17,1"
2019-05-30,"17,0"
2019-05-31,"18,5"
2019-06-01,"20,8"
2019-06-02,"20,0"
2019-06-03,"21,0"
2019-06-04,"19,6"
2019-06-05,"20,4"
2019-06-06,"18,2"
2019-06-07,"21,9"
2019-06-08,"19,0"
2019-06-09,"22,2"
2019-06-10,"21,8"
2019-06-11,"15,8"
2019-06-12,"15,5"
2019-06-13,"17,3"
2019-06-14,"21,4"
2019-06-15,"20,2"
2019-06-16,
2019-06-17,"21,0"
2019-06-18,"21,5"
2019-06-19,"20,5"
2019-06-20,"21,4"
2019-06-21,"22,8"
2019-06-22,"23,0"
2019-06-23,"22,9"
2019-06-24,"22,0"
2019-06-25,"23,0"
2019-06-26,"25,4"
2019-06-27,"25,8"
2019-06-28,"28,8"
2019-06-29,"27,8"
2019-06-30,"24,7"
2019-07-01,"24,6"
2019-07-02,"24,8"
2019-07-03,"25,7"
2019-07-04,"25,6"
2019-07-05,"25,4"
2019-07-06,"26,5"
2019-07-07,"27,0"
2019-07-08,"26,6"
2019-07-09,"25,6"
2019-07-10,"25,0"
2019-07-11,"26,0"
2019-07-12,"24,8"
2019-07-13,"26,2"
2019-07-14,"24,9"
2019-07-15,"24,8"
2019-07-16,"24,6"
2019-07-17,"22,5"
2019-07-18,"24,4"
2019-07-19,"25,2"
2019-07-20,"26,0"
2019-07-21,"25,4"
2019-07-22,"26,4"
2019-07-23,"26,8"
2019-07-24,"26,4"
2019-07-25,"26,4"
2019-07-26,"27,1"
2019-07-27,"22,3"
2019-07-28,"23,0"
2019-07-29,"24,0"
2019-07-30,"25,9"
2019-07-31,"24,5"
2019-08-01,"24,9"
2019-08-02,"26,3"
2019-08-03,"26,8"
2019-08-04,"26,4"
2019-08-05,"27,4"
2019-08-06,"26,4"
2019-08-07,"26,4"
2019-08-08,"27,0"
2019-08-09,"27,2"
2019-08-10,"27,2"
2019-08-11,"26,4"
2019-08-12,"24,1"
2019-08-13,"23,4"
2019-08-14,"23,6"
2019-08-15,"25,2"
2019-08-16,"25,1"
2019-08-17,"25,7"
2019-08-18,"25,6"
2019-08-19,"25,1"
2019-08-20,"25,3"
2019-08-21,"24,1"
2019-08-22,"25,2"
2019-08-23,"24,6"
2019-08-24,"25,0"
2019-08-25,"25,6"
2019-08-26,"24,9"
2019-08-27,"22,5"
2019-08-28,"24,8"
2019-08-29,"26,4"
2019-08-30,"27,0"
2019-08-31,"26,6"
2019-09-01,"25,5"
2019-09-02,"23,6"
2019-09-03,"23,8"
2019-09-04,"24,0"
2019-09-05,"23,2"
2019-09-06,"22,1"
2019-09-07,"21,8"
2019-09-08,"22,0"
2019-09-09,"21,8"
2019-09-10,"18,6"
2019-09-11,"20,4"
2019-09-12,"22,7"
2019-09-13,"22,1"
2019-09-14,"23,8"
2019-09-15,"22,9"
2019-09-16,"23,2"
2019-09-17,"23,0"
2019-09-18,"23,6"
2019-09-19,"23,7"
2019-09-20,"22,0"
2019-09-21,"21,0"
2019-09-22,"22,4"
2019-09-23,"21,3"
2019-09-24,"24,0"
2019-09-25,"22,5"
2019-09-26,"22,4"
2019-09-27,"22,0"
2019-09-28,"23,2"
2019-09-29,"23,1"
2019-09-30,"22,6"
2019-10-01,"22,3"
2019-10-02,"22,2"
2019-10-03,"20,5"
2019-10-04,"21,1"
2019-10-05,"20,4"
2019-10-06,"20,4"
2019-10-07,"20,3"
2019-10-08,"20,9"
2019-10-09,"21,2"
2019-10-10,"19,5"
2019-10-11,"21,0"
2019-10-12,"21,9"
2019-10-13,"21,7"
2019-10-14,"21,6"
2019-10-15,"18,2"
2019-10-16,"18,2"
2019-10-17,"18,7"
2019-10-18,"20,4"
2019-10-19,
2019-10-20,
2019-10-21,"16,8"
2019-10-22,"17,5"
2019-10-23,"17,7"
2019-10-24,"16,7"
2019-10-25,"17,4"
2019-10-26,"18,6"
2019-10-27,"17,6"
2019-10-28,"17,6"
2019-10-29,"18,4"
2019-10-30,"18,2"
2019-10-31,"19,8"
2019-11-01,"17,6"
2019-11-02,"20,2"
2019-11-03,"18,8"
2019-11-04,"19,6"
2019-11-05,"15,8"
2019-11-06,"15,0"
2019-11-07,"15,4"
2019-11-08,"11,7"
2019-11-09,"12,2"
2019-11-10,"12,2"
2019-11-11,"12,0"
2019-11-12,"13,2"
2019-11-13,"11,9"
2019-11-14,"9,8"
2019-11-15,"9,2"
2019-11-16,"10,4"
2019-11-17,"9,8"
2019-11-18,"11,4"
2019-11-19,"10,2"
2019-11-20,"9,2"
2019-11-21,"11,6"
2019-11-22,"12,4"
2019-11-23,"13,6"
2019-11-24,"13,4"
2019-11-25,"14,0"
2019-11-26,"13,8"
2019-11-27,"16,2"
2019-11-28,"16,6"
2019-11-29,"15,4"
2019-11-30,"13,6"
2019-12-01,"14,0"
2019-12-02,"12,0"
2019-12-03,"10,9"
2019-12-04,"11,8"
2019-12-05,"12,2"
2019-12-06,"13,7"
2019-12-07,"13,0"
2019-12-08,"11,2"
2019-12-09,"13,4"
2019-12-10,"10,6"
2019-12-11,"12,3"
2019-12-12,"10,8"
2019-12-13,"16,0"
2019-12-14,"15,7"
2019-12-15,"14,4"
2019-12-16,"11,8"
2019-12-17,"14,5"
2019-12-18,"15,4"
2019-12-19,"13,0"
2019-12-20,"15,5"
2019-12-21,"15,6"
2019-12-22,"15,8"
2019-12-23,"13,0"
2019-12-24,"13,3"
2019-12-25,"14,0"
2019-12-26,"13,4"
2019-12-27,"12,0"
2019-12-28,"11,0"
2019-12-29,"12,3"
2019-12-30,"11,6"
2019-12-31,"10,8"
2020-01-01,"8,9"
2020-01-02,"9,2"
2020-01-03,"10,5"
2020-01-04,"10,2"
2020-01-05,"11,0"
2020-01-06,"10,8"
2020-01-07,"10,6"
2020-01-08,"11,7"
2020-01-09,"10,1"
2020-01-10,"10,1"
2020-01-11,"9,4"
2020-01-12,"8,7"
2020-01-13,"9,2"
2020-01-14,"9,6"
2020-01-15,"9,8"
2020-01-16,"10,2"
2020-01-17,"13,9"
2020-01-18,"11,6"
2020-01-19,"10,2"
2020-01-20,"8,8"
2020-01-21,"10,1"
2020-01-22,"11,8"
2020-01-23,"12,0"
2020-01-24,"11,2"
2020-01-25,"11,4"
2020-01-26,"13,1"
2020-01-27,"12,2"
2020-01-28,"14,3"
2020-01-29,"12,2"
2020-01-30,"14,2"
2020-01-31,"14,5"
2020-02-01,"16,4"
2020-02-02,"16,8"
2020-02-03,"17,3"
2020-02-04,"16,0"
2020-02-05,"11,7"
2020-02-06,"11,0"
2020-02-07,"10,5"
2020-02-08,"11,9"
2020-02-09,"11,7"
2020-02-10,"16,7"
2020-02-11,"14,4"
2020-02-12,"12,2"
2020-02-13,"13,8"
2020-02-14,"13,1"
2020-02-15,"12,6"
2020-02-16,"13,3"
2020-02-17,"14,0"
2020-02-18,"12,3"
2020-02-19,"11,4"
2020-02-20,"11,0"
2020-02-21,"12,7"
2020-02-22,"11,8"
2020-02-23,"13,6"
2020-02-24,"14,8"
2020-02-25,"12,3"
2020-02-26,"14,6"
2020-02-27,"14,6"
2020-02-28,"13,7"
2020-02-29,"15,0"
2020-03-01,"16,6"
2020-03-02,"13,4"
2020-03-03,"11,9"
2020-03-04,"13,6"
2020-03-05,"15,6"
2020-03-06,"12,8"
2020-03-07,"12,8"
2020-03-08,"13,0"
2020-03-09,"13,4"
2020-03-10,"13,0"
2020-03-11,"13,1"
2020-03-12,"14,0"
2020-03-13,"14,3"
2020-03-14,"15,1"
2020-03-15,"13,2"
2020-03-16,"13,4"
2020-03-17,"13,6"
2020-03-18,"14,2"
2020-03-19,"12,4"
2020-03-20,"12,2"
2020-03-21,"12,6"
2020-03-22,"13,0"
2020-03-23,"13,4"
2020-03-24,"11,6"
2020-03-25,"10,8"
2020-03-26,"8,5"
2020-03-27,"10,7"
2020-03-28,"13,4"
2020-03-29,"14,0"
2020-03-30,"10,6"
2020-03-31,"10,7"
2020-04-01,"11,0"
2020-04-02,"11,9"
2020-04-03,"12,0"
2020-04-04,"12,4"
2020-04-05,"12,2"
2020-04-06,"13,8"
2020-04-07,"15,2"
2020-04-08,"15,7"
2020-04-09,"15,0"
2020-04-10,"14,4"
2020-04-11,"14,0"
2020-04-12,"15,7"
2020-04-13,"13,5"
2020-04-14,"15,2"
2020-04-15,"14,2"
2020-04-16,"16,1"
2020-04-17,"15,8"
2020-04-18,"16,2"
2020-04-19,"15,0"
2020-04-20,"16,5"
2020-04-21,"14,0"
2020-04-22,"14,5"
2020-04-23,"16,8"
2020-04-24,"17,3"
2020-04-25,"16,0"
2020-04-26,"16,0"
2020-04-27,"16,0"
2020-04-28,"17,4"
2020-04-29,"16,8"
2020-04-30,"19,8"
2020-05-01,"21,4"
2020-05-02,"19,4"
2020-05-03,"19,6"
2020-05-04,"19,2"
2020-05-05,"19,2"
2020-05-06,"20,5"
2020-05-07,"20,3"
2020-05-08,"19,4"
2020-05-09,"17,7"
2020-05-10,"16,8"
2020-05-11,"19,5"
2020-05-12,"16,8"
2020-05-13,"18,7"
2020-05-14,"15,9"
2020-05-15,"17,4"
2020-05-16,"18,6"
2020-05-17,"19,4"
2020-05-18,"18,8"
2020-05-19,"21,0"
2020-05-20,"20,4"
2020-05-21,"22,4"
2020-05-22,"21,7"
2020-05-23,"21,4"
2020-05-24,"20,6"
2020-05-25,"20,9"
2020-05-26,"21,6"
2020-05-27,"20,8"
2020-05-28,"20,2"
2020-05-29,"21,6"
2020-05-30,"20,4"
2020-05-31,"20,1"
2020-06-01,"21,6"
2020-06-02,"20,5"
2020-06-03,"20,4"
2020-06-04,"18,8"
2020-06-05,"19,2"
2020-06-06,"20,4"
2020-06-07,"19,3"
2020-06-08,"17,9"
2020-06-09,"18,2"
2020-06-10,"18,2"
2020-06-11,"19,8"
2020-06-12,"22,2"
2020-06-13,"22,2"
2020-06-14,"21,1"
2020-06-15,"21,6"
2020-06-16,"20,0"
2020-06-17,"19,3"
2020-06-18,"18,3"
2020-06-19,"20,9"
2020-06-20,"21,4"
2020-06-21,"22,6"
2020-06-22,"23,0"
2020-06-23,"23,4"
2020-06-24,"22,8"
2020-06-25,"25,0"
2020-06-26,"25,6"
2020-06-27,"24,7"
2020-06-28,"24,4"
2020-06-29,"25,0"
2020-06-30,"25,1"
2020-07-01,"26,3"
2020-07-02,"25,2"
2020-07-03,"22,2"
2020-07-04,"23,2"
2020-07-05,"24,4"
2020-07-06,"25,3"
2020-07-07,"24,5"
2020-07-08,"24,9"
2020-07-09,"25,5"
2020-07-10,"26,2"
2020-07-11,"24,8"
2020-07-12,"25,6"
2020-07-13,"26,3"
2020-07-14,"25,8"
2020-07-15,"24,7"
2020-07-16,"22,0"
2020-07-17,"23,6"
2020-07-18,"25,2"
2020-07-19,"25,4"
2020-07-20,"25,5"
2020-07-21,"25,3"
2020-07-22,"25,0"
2020-07-23,"27,2"
2020-07-24,"27,0"
2020-07-25,"26,3"
2020-07-26,"26,4"
2020-07-27,"26,0"
2020-07-28,"26,9"
2020-07-29,"26,8"
2020-07-30,"26,9"
2020-07-31,"27,4"
2020-08-01,"28,1"
2020-08-02,"28,1"
2020-08-03,"22,7"
2020-08-04,"23,7"
2020-08-05,"25,0"
2020-08-06,"26,6"
2020-08-07,"26,8"
2020-08-08,"27,0"
2020-08-09,"27,6"
2020-08-10,"26,8"
2020-08-11,"27,4"
2020-08-12,"28,0"
2020-08-13,"27,3"
2020-08-14,"26,4"
2020-08-15,"25,8"
2020-08-16,"26,2"
2020-08-17,"25,8"
2020-08-18,"26,4"
2020-08-19,"25,8"
2020-08-20,"26,8"
2020-08-21,"27,0"
2020-08-22,"27,5"
2020-08-23,"25,6"
2020-08-24,"25,1"
2020-08-25,"26,3"
2020-08-26,"26,6"
2020-08-27,"26,6"
2020-08-28,"25,4"
2020-08-29,"20,0"
2020-08-30,"20,7"
2020-08-31,"20,6"
2020-09-01,"22,4"
2020-09-02,"22,6"
2020-09-03,"23,4"
2020-09-04,"24,1"
2020-09-05,"24,0"
2020-09-06,"23,2"
2020-09-07,"20,2"
2020-09-08,"21,8"
2020-09-09,"20,5"
2020-09-10,"21,6"
2020-09-11,"24,6"
2020-09-12,"24,9"
2020-09-13,"25,8"
2020-09-14,"24,5"
2020-09-15,"23,0"
2020-09-16,"24,2"
2020-09-17,"25,0"
2020-09-18,"24,0"
2020-09-19,"24,0"
2020-09-20,"23,5"
2020-09-21,"21,0"
2020-09-22,"22,2"
2020-09-23,"22,3"
2020-09-24,"22,9"
2020-09-25,"18,4"
2020-09-26,"17,4"
2020-09-27,"16,2"
2020-09-28,"17,8"
2020-09-29,"19,2"
2020-09-30,"18,7"
2020-10-01,"21,0"
2020-10-02,"16,7"
2020-10-03,"15,4"
2020-10-04,"18,0"
2020-10-05,"17,5"
2020-10-06,"19,0"
2020-10-07,"20,8"
2020-10-08,"20,3"
2020-10-09,"20,7"
2020-10-10,"17,0"
2020-10-11,"16,1"
2020-10-12,"17,5"
2020-10-13,"17,2"
2020-10-14,"13,9"
2020-10-15,"13,4"
2020-10-16,"13,7"
2020-10-17,"14,0"
2020-10-18,"14,8"
2020-10-19,"15,8"
2020-10-20,"18,1"
2020-10-21,"21,2"
2020-10-22,"19,6"
2020-10-23,"20,2"
2020-10-24,"17,4"
2020-10-25,"19,0"
2020-10-26,"16,0"
2020-10-27,"14,4"
2020-10-28,"17,8"
2020-10-29,"16,8"
2020-10-30,"17,2"
2020-10-31,"16,8"
2020-11-01,"17,0"
2020-11-02,"17,5"
2020-11-03,"16,8"
2020-11-04,"14,2"
2020-11-05,"15,0"
2020-11-06,"17,5"
2020-11-07,"17,1"
2020-11-08,"17,0"
2020-11-09,"15,7"
2020-11-10,"16,4"
2020-11-11,"16,2"
2020-11-12,"15,8"
2020-11-13,"15,6"
2020-11-14,"16,4"
2020-11-15,"18,1"
2020-11-16,"17,6"
2020-11-17,"16,4"
2020-11-18,"15,2"
2020-11-19,"16,4"
2020-11-20,"13,7"
2020-11-21,"11,8"
2020-11-22,"10,8"
2020-11-23,"12,2"
2020-11-24,"12,2"
2020-11-25,"15,0"
2020-11-26,"15,7"
2020-11-27,"15,0"
2020-11-28,"13,4"
2020-11-29,"16,6"
2020-11-30,"13,3"
2020-12-01,"12,0"
2020-12-02,"11,3"
2020-12-03,"9,2"
2020-12-04,"9,8"
2020-12-05,"8,2"
2020-12-06,"9,1"
2020-12-07,"10,6"
2020-12-08,"9,6"
2020-12-09,"9,7"
2020-12-10,"12,2"
2020-12-11,"11,8"
2020-12-12,"13,3"
2020-12-13,"12,0"
2020-12-14,"11,8"
2020-12-15,"15,2"
2020-12-16,"13,4"
2020-12-17,"12,6"
2020-12-18,"14,0"
2020-12-19,"13,8"
2020-12-20,"14,0"
2020-12-21,"13,9"
2020-12-22,"12,8"
2020-12-23,"13,6"
2020-12-24,"11,6"
2020-12-25,"9,6"
2020-12-26,"9,4"
2020-12-27,"7,3"
2020-12-28,"10,2"
2020-12-29,"10,4"
2020-12-30,"9,0"
2020-12-31,"9,8"
2021-01-01,"8,1"
2021-01-02,"7,0"
2021-01-03,"6,8"
2021-01-04,"6,3"
2021-01-05,"6,4"
2021-01-06,"6,2"
2021-01-07,"5,8"
2021-01-08,"4,9"
2021-01-09,"5,8"
2021-01-10,"7,0"
2021-01-11,"6,0"
2021-01-12,"6,6"
2021-01-13,"9,0"
2021-01-14,"8,4"
2021-01-15,"8,6"
2021-01-16,"9,2"
2021-01-17,"11,4"
2021-01-18,"9,8"
2021-01-19,"10,6"
2021-01-20,"11,5"
2021-01-21,"12,8"
2021-01-22,"12,0"
2021-01-23,"12,3"
2021-01-24,"13,0"
2021-01-25,"12,6"
2021-01-26,"10,7"
2021-01-27,"11,4"
2021-01-28,"13,6"
2021-01-29,"17,2"
2021-01-30,"15,0"
2021-01-31,"14,0"
2021-02-01,"16,7"
2021-02-02,"15,6"
2021-02-03,"16,2"
2021-02-04,"12,8"
2021-02-05,"12,8"
2021-02-06,"14,4"
2021-02-07,"11,6"
2021-02-08,"11,9"
2021-02-09,"12,2"
2021-02-10,"13,2"
2021-02-11,"11,8"
2021-02-12,"11,8"
2021-02-13,"12,3"
2021-02-14,"9,8"
2021-02-15,"9,8"
2021-02-16,"12,1"
2021-02-17,"11,9"
2021-02-18,"11,2"
2021-02-19,"10,6"
2021-02-20,"11,6"
2021-02-21,"12,2"
2021-02-22,"12,8"
2021-02-23,"14,4"
2021-02-24,"14,0"
2021-02-25,"13,0"
2021-02-26,"13,2"
2021-02-27,"12,2"
2021-02-28,"12,7"
2021-03-01,"12,4"
2021-03-02,"12,9"
2021-03-03,"13,2"
2021-03-04,"13,1"
2021-03-05,"12,2"
2021-03-06,"12,6"
2021-03-07,"12,3"
2021-03-08,"12,1"
2021-03-09,"12,4"
2021-03-10,"11,2"
2021-03-11,"12,6"
2021-03-12,"12,9"
2021-03-13,"13,1"
2021-03-14,"13,3"
2021-03-15,"12,0"
2021-03-16,"12,3"
2021-03-17,"13,7"
2021-03-18,"10,1"
2021-03-19,"8,4"
2021-03-20,"9,6"
2021-03-21,"9,7"
2021-03-22,"11,5"
2021-03-23,"11,9"
2021-03-24,"12,3"
2021-03-25,"12,2"
2021-03-26,"13,4"
2021-03-27,"14,2"
2021-03-28,"13,3"
2021-03-29,"12,8"
2021-03-30,"13,2"
2021-03-31,"13,4"
2021-04-01,"13,6"
2021-04-02,"14,6"
2021-04-03,"16,5"
2021-04-04,"15,0"
2021-04-05,"14,2"
2021-04-06,"13,0"
2021-04-07,"10,6"
2021-04-08,"11,2"
2021-04-09,"12,0"
2021-04-10,"12,6"
2021-04-11,"13,0"
2021-04-12,"10,8"
2021-04-13,"12,3"
2021-04-14,"13,2"
2021-04-15,"12,8"
2021-04-16,"11,6"
2021-04-17,"11,0"
2021-04-18,"11,9"
2021-04-19,"12,7"
2021-04-20,"13,6"
2021-04-21,"12,6"
2021-04-22,"13,1"
2021-04-23,"14,2"
2021-04-24,"14,2"
2021-04-25,"15,0"
2021-04-26,"15,0"
2021-04-27,"15,6"
2021-04-28,"15,9"
2021-04-29,"16,0"
2021-04-30,"16,0"
2021-05-01,"14,6"
2021-05-02,"13,4"
2021-05-03,"14,0"
2021-05-04,"14,4"
2021-05-05,"16,7"
2021-05-06,"17,0"
2021-05-07,"17,0"
2021-05-08,"18,9"
2021-05-09,"17,0"
2021-05-10,"17,4"
2021-05-11,"18,0"
2021-05-12,"16,4"
2021-05-13,"17,6"
2021-05-14,"16,4"
2021-05-15,"18,7"
2021-05-16,"17,9"
2021-05-17,"16,0"
2021-05-18,"17,3"
2021-05-19,"16,4"
2021-05-20,"17,0"
2021-05-21,"17,7"
2021-05-22,"17,0"
2021-05-23,"16,2"
2021-05-24,"18,4"
2021-05-25,"16,0"
2021-05-26,"16,4"
2021-05-27,"18,0"
2021-05-28,"19,2"
2021-05-29,"21,0"
2021-05-30,"21,0"
2021-05-31,"20,4"
2021-06-01,"19,8"
2021-06-02,"20,4"
2021-06-03,"20,6"
2021-06-04,"20,5"
2021-06-05,"20,6"
2021-06-06,"21,5"
2021-06-07,"20,6"
2021-06-08,"20,8"
2021-06-09,"22,7"
2021-06-10,"23,9"
2021-06-11,"24,6"
2021-06-12,"25,8"
2021-06-13,"25,6"
2021-06-14,"26,2"
2021-06-15,"25,2"
2021-06-16,"24,6"
2021-06-17,"23,2"
2021-06-18,"23,6"
2021-06-19,"24,1"
2021-06-20,"25,2"
2021-06-21,"24,8"
2021-06-22,"23,0"
2021-06-23,"21,8"
2021-06-24,
2021-06-25,"22,0"
2021-06-26,"22,8"
2021-06-27,"23,4"
2021-06-28,"23,1"
2021-06-29,"23,4"
2021-06-30,"23,4"
2021-07-01,"23,8"
2021-07-02,"24,4"
2021-07-03,"24,4"
2021-07-04,"24,4"
2021-07-05,"24,2"
2021-07-06,"25,2"
2021-07-07,"24,4"
2021-07-08,"21,9"
2021-07-09,"23,9"
2021-07-10,"25,4"
2021-07-11,"25,2"
2021-07-12,"25,0"
2021-07-13,"22,0"
2021-07-14,"22,0"
2021-07-15,"22,8"
2021-07-16,"23,2"
2021-07-17,"23,8"
2021-07-18,"24,6"
2021-07-19,"26,6"
2021-07-20,"26,6"
2021-07-21,"26,2"
2021-07-22,"26,2"
2021-07-23,"25,9"
2021-07-24,"25,0"
2021-07-25,"26,2"
2021-07-26,"25,8"
2021-07-27,"26,0"
2021-07-28,"25,2"
2021-07-29,"25,2"
2021-07-30,"25,7"
2021-07-31,"23,0"
2021-08-01,"21,3"
2021-08-02,"22,8"
2021-08-03,"24,2"
2021-08-04,"24,0"
2021-08-05,"23,9"
2021-08-06,"24,2"
2021-08-07,"24,9"
2021-08-08,"24,0"
2021-08-09,"23,4"
2021-08-10,"25,6"
2021-08-11,"26,2"
2021-08-12,"26,2"
2021-08-13,"26,8"
2021-08-14,"28,0"
2021-08-15,"26,2"
2021-08-16,"27,2"
2021-08-17,"23,8"
2021-08-18,"24,2"
2021-08-19,"23,8"
2021-08-20,"24,8"
2021-08-21,"25,4"
2021-08-22,"25,8"
2021-08-23,"24,8"
2021-08-24,"23,8"
2021-08-25,"24,0"
2021-08-26,"23,8"
2021-08-27,"25,9"
2021-08-28,"24,7"
2021-08-29,"23,9"
2021-08-30,"22,3"
2021-08-31,"23,4"
2021-09-01,"22,6"
2021-09-02,"23,0"
2021-09-03,"24,2"
2021-09-04,"23,2"
2021-09-05,"24,8"
2021-09-06,"25,2"
2021-09-07,"25,6"
2021-09-08,"25,4"
2021-09-09,"25,0"
2021-09-10,"23,9"
2021-09-11,"23,0"
2021-09-12,"24,8"
2021-09-13,"25,0"
2021-09-14,"26,3"
2021-09-15,"25,0"
2021-09-16,"23,8"
2021-09-17,"24,4"
2021-09-18,"23,4"
2021-09-19,"21,0"
2021-09-20,"20,0"
2021-09-21,"19,4"
2021-09-22,"21,0"
2021-09-23,"21,2"
2021-09-24,"21,3"
2021-09-25,"23,8"
2021-09-26,"25,0"
2021-09-27,"23,5"
2021-09-28,"22,2"
2021-09-29,"22,1"
2021-09-30,"21,5"
2021-10-01,"20,6"
2021-10-02,"20,9"
2021-10-03,"20,7"
2021-10-04,"16,1"
2021-10-05,"19,1"
2021-10-06,"18,6"
2021-10-07,"18,5"
2021-10-08,"18,7"
2021-10-09,"19,0"
2021-10-10,"18,6"
2021-10-11,"18,7"
2021-10-12,"18,4"
2021-10-13,"18,7"
2021-10-14,"18,0"
2021-10-15,"19,5"
2021-10-16,"19,4"
2021-10-17,"18,8"
2021-10-18,"20,0"
2021-10-19,"20,0"
2021-10-20,"20,8"
2021-10-21,"18,6"
2021-10-22,"18,3"
2021-10-23,"16,2"
2021-10-24,"17,5"
2021-10-25,"17,2"
2021-10-26,"17,2"
2021-10-27,"17,0"
2021-10-28,"16,6"
2021-10-29,"18,2"
2021-10-30,"19,4"
2021-10-31,"20,4"
2021-11-01,"19,1"
2021-11-02,"16,3"
2021-11-03,"14,0"
2021-11-04,"13,1"
2021-11-05,"12,6"
2021-11-06,"13,5"
2021-11-07,"13,7"
2021-11-08,"13,6"
2021-11-09,"13,4"
2021-11-10,"14,1"
2021-11-11,"16,0"
2021-11-12,"17,6"
2021-11-13,"16,8"
2021-11-14,"13,8"
2021-11-15,"13,1"
2021-11-16,"12,8"
2021-11-17,"13,5"
2021-11-18,"12,6"
2021-11-19,"12,4"
2021-11-20,"11,8"
2021-11-21,"14,4"
2021-11-22,"13,1"
2021-11-23,"13,2"
2021-11-24,"12,2"
2021-11-25,"11,4"
2021-11-26,"10,8"
2021-11-27,"9,2"
2021-11-28,"8,0"
2021-11-29,"9,8"
2021-11-30,"10,5"
2021-12-01,"11,7"
2021-12-02,"11,3"
2021-12-03,"9,1"
2021-12-04,"13,2"
2021-12-05,"9,8"
2021-12-06,"10,4"
2021-12-07,"11,2"
2021-12-08,"10,8"
2021-12-09,"9,2"
2021-12-10,"13,2"
2021-12-11,"10,5"
2021-12-12,"13,1"
2021-12-13,"12,0"
2021-12-14,"10,8"
2021-12-15,"11,2"
2021-12-16,"10,8"
2021-12-17,"11,0"
2021-12-18,"10,2"
2021-12-19,"9,6"
2021-12-20,"10,6"
2021-12-21,"8,8"
2021-12-22,"10,4"
2021-12-23,"12,4"
2021-12-24,"13,8"
2021-12-25,"14,8"
2021-12-26,"13,8"
2021-12-27,"16,6"
2021-12-28,"17,4"
2021-12-29,"17,1"
2021-12-30,"16,4"
2021-12-31,"13,6"
2022-01-01,"11,9"
2022-01-02,"10,4"
2022-01-03,"11,7"
2022-01-04,"15,4"
2022-01-05,"10,3"
2022-01-06,"8,6"
2022-01-07,"8,4"
2022-01-08,"10,5"
2022-01-09,"12,6"
2022-01-10,"10,8"
2022-01-11,"11,1"
2022-01-12,"9,9"
2022-01-13,"8,4"
2022-01-14,"8,8"
2022-01-15,"10,2"
2022-01-16,"8,4"
2022-01-17,"10,6"
2022-01-18,"9,3"
2022-01-19,"9,0"
2022-01-20,"9,6"
2022-01-21,"8,6"
2022-01-22,"8,0"
2022-01-23,"7,9"
2022-01-24,"8,8"
2022-01-25,"8,7"
2022-01-26,"9,2"
2022-01-27,"9,6"
2022-01-28,"11,6"
2022-01-29,"12,0"
2022-01-30,"11,0"
2022-01-31,"11,4"
2022-02-01,"11,0"
2022-02-02,"12,8"
2022-02-03,"11,4"
2022-02-04,"10,8"
2022-02-05,"12,6"
2022-02-06,"12,0"
2022-02-07,"12,9"
2022-02-08,"11,8"
2022-02-09,"11,2"
2022-02-10,"10,0"
2022-02-11,"11,0"
2022-02-12,"11,6"
2022-02-13,"13,0"
2022-02-14,"13,8"
2022-02-15,"12,6"
2022-02-16,"12,6"
2022-02-17,"15,0"
2022-02-18,"13,7"
2022-02-19,"11,9"
2022-02-20,"11,3"
2022-02-21,"13,2"
2022-02-22,"13,0"
2022-02-23,"12,6"
2022-02-24,"13,1"
2022-02-25,"12,2"
2022-02-26,"10,8"
2022-02-27,"10,4"
2022-02-28,"12,4"
2022-03-01,"12,3"
2022-03-02,"11,3"
2022-03-03,"13,0"
2022-03-04,"12,4"
2022-03-05,"13,3"
2022-03-06,"10,6"
2022-03-07,"11,5"
2022-03-08,"10,2"
2022-03-09,"11,9"
2022-03-10,"11,6"
2022-03-11,"12,4"
2022-03-12,"11,6"
2022-03-13,"12,8"
2022-03-14,"12,6"
2022-03-15,"13,3"
2022-03-16,"14,2"
2022-03-17,"14,2"
2022-03-18,"14,4"
2022-03-19,"12,3"
2022-03-20,"12,4"
2022-03-21,"12,4"
2022-03-22,"11,5"
2022-03-23,"10,6"
2022-03-24,"11,4"
2022-03-25,"12,6"
2022-03-26,"12,8"
2022-03-27,"14,6"
2022-03-28,"15,3"
2022-03-29,"13,0"
2022-03-30,"12,4"
2022-03-31,"12,6"
2022-04-01,"10,2"
2022-04-02,"10,1"
2022-04-03,"7,5"
2022-04-04,"8,5"
2022-04-05,"10,8"
2022-04-06,"13,1"
2022-04-07,"16,0"
2022-04-08,"18,7"
2022-04-09,"15,8"
2022-04-10,"14,1"
2022-04-11,"13,2"
2022-04-12,"13,6"
2022-04-13,"13,4"
2022-04-14,"16,6"
2022-04-15,"18,3"
2022-04-16,"17,6"
2022-04-17,"16,6"
2022-04-18,"15,2"
2022-04-19,"14,8"
2022-04-20,"14,2"
2022-04-21,"12,7"
2022-04-22,"15,6"
2022-04-23,"13,0"
2022-04-24,"15,8"
2022-04-25,"15,1"
2022-04-26,"15,1"
2022-04-27,"16,4"
2022-04-28,"16,8"
2022-04-29,"18,6"
2022-04-30,"17,9"
2022-05-01,"17,7"
2022-05-02,"17,6"
2022-05-03,"16,0"
2022-05-04,"15,6"
2022-05-05,"17,4"
2022-05-06,"16,8"
2022-05-07,"18,4"
2022-05-08,"18,0"
2022-05-09,"18,8"
2022-05-10,"19,0"
2022-05-11,"18,9"
2022-05-12,"18,1"
2022-05-13,"17,6"
2022-05-14,"18,4"
2022-05-15,"19,6"
2022-05-16,"21,4"
2022-05-17,"19,6"
2022-05-18,"21,2"
2022-05-19,"21,2"
2022-05-20,"22,4"
2022-05-21,"24,0"
2022-05-22,"25,0"
2022-05-23,"21,0"
2022-05-24,"18,0"
2022-05-25,"17,8"
2022-05-26,"21,3"
2022-05-27,"22,6"
2022-05-28,"22,9"
2022-05-29,"21,2"
2022-05-30,"20,4"
2022-05-31,"20,6"
2022-06-01,"20,4"
2022-06-02,"20,8"
2022-06-03,"21,6"
2022-06-04,"21,8"
2022-06-05,"23,0"
2022-06-06,"23,7"
2022-06-07,"22,8"
2022-06-08,"22,8"
2022-06-09,"22,4"
2022-06-10,"22,5"
2022-06-11,"24,0"
2022-06-12,"25,3"
2022-06-13,"26,0"
2022-06-14,"24,1"
2022-06-15,"25,2"
2022-06-16,"25,2"
2022-06-17,"28,2"
2022-06-18,"25,2"
2022-06-19,"24,2"
2022-06-20,"24,8"
2022-06-21,"24,4"
2022-06-22,"24,0"
2022-06-23,"24,4"
2022-06-24,"25,4"
2022-06-25,"23,8"
2022-06-26,"24,2"
2022-06-27,"24,6"
2022-06-28,"24,3"
2022-06-29,"23,0"
2022-06-30,"23,8"
2023-07-01,"22,6"
2023-07-02,"24,6"
2023-07-03,"24,6"
2023-07-04,"25,1"
2023-07-05,"24,4"
2023-07-06,"25,2"
2023-07-07,"24,4"
2023-07-08,"25,8"
2023-07-09,"25,8"
2023-07-10,"26,1"
2023-07-11,"27,0"
2023-07-12,"26,6"
2023-07-13,"26,4"
2023-07-14,"26,9"
2023-07-15,"26,3"
2023-07-16,"26,2"
2023-07-17,"26,8"
2023-07-18,"27,5"
2023-07-19,"27,4"
2023-07-20,"26,9"
2023-07-21,"26,0"
2023-07-22,"26,6"
2023-07-23,"26,4"
2023-07-24,"27,4"
2023-07-25,"27,4"
2023-07-26,"24,0"
2023-07-27,"25,2"
2023-07-28,"24,9"
2023-07-29,"26,4"
2023-07-30,"27,0"
2023-07-31,"25,6"
2023-08-01,"27,2"
2023-08-02,"27,4"
2023-08-03,"24,6"
2023-08-04,"22,7"
2023-08-05,"24,2"
2023-08-06,"23,0"
2023-08-07,"23,5"
2023-08-08,"24,8"
2023-08-09,"25,8"
2023-08-10,"27,2"
2023-08-11,"26,7"
2023-08-12,"26,6"
2023-08-13,"26,2"
2023-08-14,"26,9"
2023-08-15,"27,2"
2023-08-16,"26,0"
2023-08-17,"26,2"
2023-08-18,"26,6"
2023-08-19,"27,6"
2023-08-20,"28,6"
2023-08-21,"29,7"
2023-08-22,"29,0"
2023-08-23,"30,4"
2023-08-24,"29,4"
2023-08-25,"28,4"
2023-08-26,"25,7"
2023-08-27,"21,8"
2023-08-28,"24,0"
2023-08-29,"21,6"
2023-08-30,"21,6"
2023-08-31,"23,5"
2023-09-01,"24,0"
2023-09-02,"24,2"
2023-09-03,"25,0"
2023-09-04,"26,0"
2023-09-05,"25,2"
2023-09-06,"25,4"
2023-09-07,"23,7"
2023-09-08,"23,6"
2023-09-09,"23,2"
2023-09-10,"23,8"
2023-09-11,"24,1"
2023-09-12,"24,4"
2023-09-13,"24,2"
2023-09-14,"24,4"
2023-09-15,"22,4"
2023-09-16,"23,2"
2023-09-17,"25,0"
2023-09-18,"27,0"
2023-09-19,"24,1"
2023-09-20,"21,2"
2023-09-21,"23,8"
2023-09-22,"22,7"
2023-09-23,"20,5"
2023-09-24,"21,6"
2023-09-25,"21,8"
2023-09-26,"21,4"
2023-09-27,"22,6"
2023-09-28,"22,8"
2023-09-29,"23,7"
2023-09-30,"25,2"
2023-10-01,"23,9"
2023-10-02,"23,0"
2023-10-03,"23,6"
2023-10-04,"25,0"
2023-10-05,"22,9"
2023-10-06,"24,0"
2023-10-07,"23,3"
2023-10-08,"22,2"
2023-10-09,"22,4"
2023-10-10,"22,5"
2023-10-11,"21,2"
2023-10-12,"21,4"
2023-10-13,"21,8"
2023-10-14,"23,0"
2023-10-15,"20,4"
2023-10-16,"19,2"
2023-10-17,"20,6"
2023-10-18,"23,2"
2023-10-19,"21,0"
2023-10-20,"19,7"
2023-10-21,"18,4"
2023-10-22,"17,0"
2023-10-23,"22,1"
2023-10-24,"19,0"
2023-10-25,"20,0"
2023-10-26,"22,6"
2023-10-27,"20,0"
2023-10-28,"20,4"
2023-10-29,"19,0"
2023-10-30,"18,6"
2023-10-31,"17,2"
2023-11-01,"18,4"
2023-11-02,"17,3"
2023-11-03,"15,3"
2023-11-04,"16,8"
2023-11-05,"18,1"
2023-11-06,"16,6"
2023-11-07,"14,2"
2023-11-08,"13,8"
2023-11-09,"14,7"
2023-11-10,"16,8"
2023-11-11,"15,4"
2023-11-12,"18,4"
2023-11-13,"20,0"
2023-11-14,"22,5"
2023-11-15,"17,6"
2023-11-16,"18,5"
2023-11-17,"16,8"
2023-11-18,"16,6"
2023-11-19,"15,2"
2023-11-20,"14,4"
2023-11-21,"15,1"
2023-11-22,"15,1"
2023-11-23,"13,4"
2023-11-24,"16,6"
2023-11-25,"13,2"
2023-11-26,"13,4"
2023-11-27,"12,4"
2023-11-28,"14,6"
2023-11-29,"13,4"
2023-11-30,"17,4"
2023-12-01,"15,0"
2023-12-02,"12,5"
2023-12-03,"10,5"
2023-12-04,"12,7"
2023-12-05,"11,6"
2023-12-06,"11,4"
2023-12-07,"12,0"
2023-12-08,"13,2"
2023-12-09,"13,8"
2023-12-10,"14,4"
2023-12-11,"17,2"
2023-12-12,"17,0"
2023-12-13,"14,4"
2023-12-14,"14,1"
2023-12-15,"13,2"
2023-12-16,"11,6"
2023-12-17,"9,5"
2023-12-18,"9,8"
2023-12-19,"11,5"
2023-12-20,"11,7"
2023-12-21,"11,8"
2023-12-22,"16,7"
2023-12-23,"13,4"
2023-12-24,"12,0"
2023-12-25,"10,6"
2023-12-26,"10,9"
2023-12-27,"10,4"
2023-12-28,"10,2"
2023-12-29,"10,0"
2023-12-30,"11,0"
2023-12-31,"13,2"
2024-01-01,"11,6"
2024-01-02,"11,8"
2024-01-03,"16,0"
2024-01-04,"14,2"
2024-01-05,"11,2"
2024-01-06,"11,2"
2024-01-07,"10,9"
2024-01-08,"8,8"
2024-01-09,"7,5"
2024-01-10,"8,5"
2024-01-11,"9,8"
2024-01-12,"9,8"
2024-01-13,"8,6"
2024-01-14,"13,7"
2024-01-15,"13,6"
2024-01-16,"14,6"
2024-01-17,"15,4"
2024-01-18,"17,5"
2024-01-19,"11,8"
2024-01-20,"9,4"
2024-01-21,"10,5"
2024-01-22,"11,8"
2024-01-23,"12,3"
2024-01-24,"13,2"
2024-01-25,"12,9"
2024-01-26,"15,3"
2024-01-27,"13,2"
2024-01-28,"12,2"
2024-01-29,"13,4"
2024-01-30,"13,6"
2024-01-31,"12,4"
2024-02-01,"12,8"
2024-02-02,"13,8"
2024-02-03,"13,4"
2024-02-04,"13,6"
2024-02-05,"13,6"
2024-02-06,"12,7"
2024-02-07,"13,2"
2024-02-08,"15,2"
2024-02-09,"14,2"
2024-02-10,"12,8"
2024-02-11,"12,6"
2024-02-12,"15,0"
2024-02-13,"13,2"
2024-02-14,"13,7"
2024-02-15,"14,7"
2024-02-16,"14,0"
2024-02-17,"15,5"
2024-02-18,"13,8"
2024-02-19,"14,3"
2024-02-20,"13,8"
2024-02-21,"13,2"
2024-02-22,"14,6"
2024-02-23,"12,0"
2024-02-24,"11,4"
2024-02-25,"11,0"
2024-02-26,"14,0"
2024-02-27,"12,4"
2024-02-28,"14,1"
2024-02-29,"12,6"
2024-03-01,"13,9"
2024-03-02,"13,4"
2024-03-03,"10,1"
2024-03-04,"12,0"
2024-03-05,"13,2"
2024-03-06,"12,2"
2024-03-07,"12,1"
2024-03-08,"13,4"
2024-03-09,"11,8"
2024-03-10,"12,1"
2024-03-11,"14,0"
2024-03-12,"12,4"
2024-03-13,"12,4"
2024-03-14,"12,9"
2024-03-15,"15,0"
2024-03-16,"15,2"
2024-03-17,"15,0"
2024-03-18,"14,7"
2024-03-19,"15,8"
2024-03-20,"14,6"
2024-03-21,"15,2"
2024-03-22,"17,5"
2024-03-23,"16,6"
2024-03-24,"14,1"
2024-03-25,"12,6"
2024-03-26,"13,4"
2024-03-27,"12,5"
2024-03-28,"17,6"
2024-03-29,"15,8"
2024-03-30,"14,4"
2024-03-31,"13,8"
2024-04-01,"14,6"
2024-04-02,"14,6"
2024-04-03,"16,7"
2024-04-04,"14,8"
2024-04-05,"16,0"
2024-04-06,"14,8"
2024-04-07,"16,2"
2024-04-08,"16,7"
2024-04-09,"15,8"
2024-04-10,"13,0"
2024-04-11,"14,2"
2024-04-12,"16,8"
2024-04-13,"19,8"
2024-04-14,"20,6"
2024-04-15,"18,2"
2024-04-16,"16,3"
2024-04-17,"13,8"
2024-04-18,"13,9"
2024-04-19,"13,6"
2024-04-20,"14,7"
2024-04-21,"14,0"
2024-04-22,"11,6"
2024-04-23,"11,1"
2024-04-24,"11,3"
2024-04-25,"13,5"
2024-04-26,"14,1"
2024-04-27,"16,3"
2024-04-28,"15,2"
2024-04-29,"13,8"
2024-04-30,"15,0"
2024-05-01,"17,2"
2024-05-02,"15,8"
2024-05-03,"15,1"
2024-05-04,"17,3"
2024-05-05,"16,8"
2024-05-06,"17,5"
2024-05-07,"16,5"
2024-05-08,"17,1"
2024-05-09,"18,1"
2024-05-10,"17,8"
2024-05-11,"17,5"
2024-05-12,"18,6"
2024-05-13,"19,2"
2024-05-14,"18,2"
2024-05-15,"16,2"
2024-05-16,"16,8"
2024-05-17,"17,8"
2024-05-18,"17,0"
2024-05-19,"17,6"
2024-05-20,"19,6"
2024-05-21,"19,0"
2024-05-22,"18,4"
2024-05-23,"18,4"
2024-05-24,"18,4"
2024-05-25,"18,6"
2024-05-26,"19,0"
2024-05-27,"20,2"
2024-05-28,"20,2"
2024-05-29,"19,8"
2024-05-30,"21,2"
2024-05-31,"21,0"
2024-06-01,"18,5"
2024-06-02,"19,9"
2024-06-03,"21,1"
2024-06-04,"21,3"
2024-06-05,"21,2"
2024-06-06,"23,0"
2024-06-07,"22,8"
2024-06-08,"22,6"
2024-06-09,"22,3"
2024-06-10,"19,2"
2024-06-11,"18,8"
2024-06-12,"18,1"
2024-06-13,"18,5"
2024-06-14,"21,8"
2024-06-15,"20,5"
2024-06-16,"21,2"
2024-06-17,"21,4"
2024-06-18,"22,0"
2024-06-19,"22,6"
2024-06-20,"21,2"
2024-06-21,"22,4"
2024-06-22,"22,6"
2024-06-23,"19,4"
2024-06-24,"22,8"
2024-06-25,"23,3"
2024-06-26,"23,0"
2024-06-27,"24,0"
2024-06-28,"24,6"
2024-06-29,"23,7"
2024-06-30,"23,4"
2024-07-01,"21,8"
2024-07-02,"22,8"
2024-07-03,"23,2"
2024-07-04,"23,0"
2024-07-05,"24,2"
2024-07-06,"24,8"
2024-07-07,"23,7"
2024-07-08,"23,4"
2024-07-09,"24,3"
2024-07-10,"25,2"
2024-07-11,"25,0"
2024-07-12,"26,4"
2024-07-13,"23,6"
2024-07-14,"24,6"
2024-07-15,"24,9"
2024-07-16,"25,8"
2024-07-17,"25,5"
2024-07-18,"25,2"
2024-07-19,"26,5"
2024-07-20,"26,8"
2024-07-21,"25,7"
2024-07-22,"25,4"
2024-07-23,"25,8"
2024-07-24,"26,1"
2024-07-25,"25,8"
2024-07-26,"26,8"
2024-07-27,"26,6"
2024-07-28,"26,1"
2024-07-29,"27,0"
2024-07-30,"30,4"
2024-07-31,"28,5"
2024-08-01,"28,1"
2024-08-02,"27,2"
2024-08-03,"26,7"
2024-08-04,"27,2"
2024-08-05,"26,6"
2024-08-06,"27,4"
2024-08-07,"28,0"
2024-08-08,"27,9"
2024-08-09,"28,6"
2024-08-10,"28,8"
2024-08-11,"27,0"
2024-08-12,"27,6"
2024-08-13,"27,6"
2024-08-14,"26,6"
2024-08-15,"24,8"
2024-08-16,"26,0"
2024-08-17,"26,6"
2024-08-18,"25,2"
2024-08-19,"24,9"
2024-08-20,"25,2"
2024-08-21,"26,4"
2024-08-22,"26,7"
2024-08-23,"27,2"
2024-08-24,"26,7"
2024-08-25,"26,8"
2024-08-26,"26,2"
2024-08-27,"26,4"
2024-08-28,"26,3"
2024-08-29,"26,2"
2024-08-30,"25,2"
2024-08-31,"26,6"
2024-09-01,"25,6"
2024-09-02,"26,0"
2024-09-03,"23,6"
2024-09-04,"21,4"
2024-09-05,"20,7"
2024-09-06,"23,8"
2024-09-07,"24,7"
2024-09-08,"22,3"
2024-09-09,"22,6"
2024-09-10,"23,4"
2024-09-11,"22,0"
2024-09-12,"20,6"
2024-09-13,"18,4"
2024-09-14,"19,7"
2024-09-15,"20,8"
2024-09-16,"22,0"
2024-09-17,"21,0"
2024-09-18,"19,6"
2024-09-19,"20,3"
2024-09-20,"20,0"
2024-09-21,"20,6"
2024-09-22,"21,2"
2024-09-23,"20,8"
2024-09-24,"22,4"
