pernoctaciones,fecha
531000,2019-01-01
531000,2019-01-02
531000,2019-01-03
531000,2019-01-04
531000,2019-01-05
531000,2019-01-06
531000,2019-01-07
531000,2019-01-08
531000,2019-01-09
531000,2019-01-10
531000,2019-01-11
531000,2019-01-12
531000,2019-01-13
531000,2019-01-14
531000,2019-01-15
531000,2019-01-16
531000,2019-01-17
531000,2019-01-18
531000,2019-01-19
531000,2019-01-20
531000,2019-01-21
531000,2019-01-22
531000,2019-01-23
531000,2019-01-24
531000,2019-01-25
531000,2019-01-26
531000,2019-01-27
531000,2019-01-28
531000,2019-01-29
531000,2019-01-30
531000,2019-01-31
634000,2019-02-01
634000,2019-02-02
634000,2019-02-03
634000,2019-02-04
634000,2019-02-05
634000,2019-02-06
634000,2019-02-07
634000,2019-02-08
634000,2019-02-09
634000,2019-02-10
634000,2019-02-11
634000,2019-02-12
634000,2019-02-13
634000,2019-02-14
634000,2019-02-15
634000,2019-02-16
634000,2019-02-17
634000,2019-02-18
634000,2019-02-19
634000,2019-02-20
634000,2019-02-21
634000,2019-02-22
634000,2019-02-23
634000,2019-02-24
634000,2019-02-25
634000,2019-02-26
634000,2019-02-27
634000,2019-02-28
784000,2019-03-01
784000,2019-03-02
784000,2019-03-03
784000,2019-03-04
784000,2019-03-05
784000,2019-03-06
784000,2019-03-07
784000,2019-03-08
784000,2019-03-09
784000,2019-03-10
784000,2019-03-11
784000,2019-03-12
784000,2019-03-13
784000,2019-03-14
784000,2019-03-15
784000,2019-03-16
784000,2019-03-17
784000,2019-03-18
784000,2019-03-19
784000,2019-03-20
784000,2019-03-21
784000,2019-03-22
784000,2019-03-23
784000,2019-03-24
784000,2019-03-25
784000,2019-03-26
784000,2019-03-27
784000,2019-03-28
784000,2019-03-29
784000,2019-03-30
784000,2019-03-31
996000,2019-04-01
996000,2019-04-02
996000,2019-04-03
996000,2019-04-04
996000,2019-04-05
996000,2019-04-06
996000,2019-04-07
996000,2019-04-08
996000,2019-04-09
996000,2019-04-10
996000,2019-04-11
996000,2019-04-12
996000,2019-04-13
996000,2019-04-14
996000,2019-04-15
996000,2019-04-16
996000,2019-04-17
996000,2019-04-18
996000,2019-04-19
996000,2019-04-20
996000,2019-04-21
996000,2019-04-22
996000,2019-04-23
996000,2019-04-24
996000,2019-04-25
996000,2019-04-26
996000,2019-04-27
996000,2019-04-28
996000,2019-04-29
996000,2019-04-30
1014000,2019-05-01
1014000,2019-05-02
1014000,2019-05-03
1014000,2019-05-04
1014000,2019-05-05
1014000,2019-05-06
1014000,2019-05-07
1014000,2019-05-08
1014000,2019-05-09
1014000,2019-05-10
1014000,2019-05-11
1014000,2019-05-12
1014000,2019-05-13
1014000,2019-05-14
1014000,2019-05-15
1014000,2019-05-16
1014000,2019-05-17
1014000,2019-05-18
1014000,2019-05-19
1014000,2019-05-20
1014000,2019-05-21
1014000,2019-05-22
1014000,2019-05-23
1014000,2019-05-24
1014000,2019-05-25
1014000,2019-05-26
1014000,2019-05-27
1014000,2019-05-28
1014000,2019-05-29
1014000,2019-05-30
1014000,2019-05-31
1120000,2019-06-01
1120000,2019-06-02
1120000,2019-06-03
1120000,2019-06-04
1120000,2019-06-05
1120000,2019-06-06
1120000,2019-06-07
1120000,2019-06-08
1120000,2019-06-09
1120000,2019-06-10
1120000,2019-06-11
1120000,2019-06-12
1120000,2019-06-13
1120000,2019-06-14
1120000,2019-06-15
1120000,2019-06-16
1120000,2019-06-17
1120000,2019-06-18
1120000,2019-06-19
1120000,2019-06-20
1120000,2019-06-21
1120000,2019-06-22
1120000,2019-06-23
1120000,2019-06-24
1120000,2019-06-25
1120000,2019-06-26
1120000,2019-06-27
1120000,2019-06-28
1120000,2019-06-29
1120000,2019-06-30
1270000,2019-07-01
1270000,2019-07-02
1270000,2019-07-03
1270000,2019-07-04
1270000,2019-07-05
1270000,2019-07-06
1270000,2019-07-07
1270000,2019-07-08
1270000,2019-07-09
1270000,2019-07-10
1270000,2019-07-11
1270000,2019-07-12
1270000,2019-07-13
1270000,2019-07-14
1270000,2019-07-15
1270000,2019-07-16
1270000,2019-07-17
1270000,2019-07-18
1270000,2019-07-19
1270000,2019-07-20
1270000,2019-07-21
1270000,2019-07-22
1270000,2019-07-23
1270000,2019-07-24
1270000,2019-07-25
1270000,2019-07-26
1270000,2019-07-27
1270000,2019-07-28
1270000,2019-07-29
1270000,2019-07-30
1270000,2019-07-31
1267000,2019-08-01
1267000,2019-08-02
1267000,2019-08-03
1267000,2019-08-04
1267000,2019-08-05
1267000,2019-08-06
1267000,2019-08-07
1267000,2019-08-08
1267000,2019-08-09
1267000,2019-08-10
1267000,2019-08-11
1267000,2019-08-12
1267000,2019-08-13
1267000,2019-08-14
1267000,2019-08-15
1267000,2019-08-16
1267000,2019-08-17
1267000,2019-08-18
1267000,2019-08-19
1267000,2019-08-20
1267000,2019-08-21
1267000,2019-08-22
1267000,2019-08-23
1267000,2019-08-24
1267000,2019-08-25
1267000,2019-08-26
1267000,2019-08-27
1267000,2019-08-28
1267000,2019-08-29
1267000,2019-08-30
1267000,2019-08-31
1060000,2019-09-01
1060000,2019-09-02
1060000,2019-09-03
1060000,2019-09-04
1060000,2019-09-05
1060000,2019-09-06
1060000,2019-09-07
1060000,2019-09-08
1060000,2019-09-09
1060000,2019-09-10
1060000,2019-09-11
1060000,2019-09-12
1060000,2019-09-13
1060000,2019-09-14
1060000,2019-09-15
1060000,2019-09-16
1060000,2019-09-17
1060000,2019-09-18
1060000,2019-09-19
1060000,2019-09-20
1060000,2019-09-21
1060000,2019-09-22
1060000,2019-09-23
1060000,2019-09-24
1060000,2019-09-25
1060000,2019-09-26
1060000,2019-09-27
1060000,2019-09-28
1060000,2019-09-29
1060000,2019-09-30
1043000,2019-10-01
1043000,2019-10-02
1043000,2019-10-03
1043000,2019-10-04
1043000,2019-10-05
1043000,2019-10-06
1043000,2019-10-07
1043000,2019-10-08
1043000,2019-10-09
1043000,2019-10-10
1043000,2019-10-11
1043000,2019-10-12
1043000,2019-10-13
1043000,2019-10-14
1043000,2019-10-15
1043000,2019-10-16
1043000,2019-10-17
1043000,2019-10-18
1043000,2019-10-19
1043000,2019-10-20
1043000,2019-10-21
1043000,2019-10-22
1043000,2019-10-23
1043000,2019-10-24
1043000,2019-10-25
1043000,2019-10-26
1043000,2019-10-27
1043000,2019-10-28
1043000,2019-10-29
1043000,2019-10-30
1043000,2019-10-31
661000,2019-11-01
661000,2019-11-02
661000,2019-11-03
661000,2019-11-04
661000,2019-11-05
661000,2019-11-06
661000,2019-11-07
661000,2019-11-08
661000,2019-11-09
661000,2019-11-10
661000,2019-11-11
661000,2019-11-12
661000,2019-11-13
661000,2019-11-14
661000,2019-11-15
661000,2019-11-16
661000,2019-11-17
661000,2019-11-18
661000,2019-11-19
661000,2019-11-20
661000,2019-11-21
661000,2019-11-22
661000,2019-11-23
661000,2019-11-24
661000,2019-11-25
661000,2019-11-26
661000,2019-11-27
661000,2019-11-28
661000,2019-11-29
661000,2019-11-30
648000,2019-12-01
648000,2019-12-02
648000,2019-12-03
648000,2019-12-04
648000,2019-12-05
648000,2019-12-06
648000,2019-12-07
648000,2019-12-08
648000,2019-12-09
648000,2019-12-10
648000,2019-12-11
648000,2019-12-12
648000,2019-12-13
648000,2019-12-14
648000,2019-12-15
648000,2019-12-16
648000,2019-12-17
648000,2019-12-18
648000,2019-12-19
648000,2019-12-20
648000,2019-12-21
648000,2019-12-22
648000,2019-12-23
648000,2019-12-24
648000,2019-12-25
648000,2019-12-26
648000,2019-12-27
648000,2019-12-28
648000,2019-12-29
648000,2019-12-30
648000,2019-12-31
596000,2020-01-01
596000,2020-01-02
596000,2020-01-03
596000,2020-01-04
596000,2020-01-05
596000,2020-01-06
596000,2020-01-07
596000,2020-01-08
596000,2020-01-09
596000,2020-01-10
596000,2020-01-11
596000,2020-01-12
596000,2020-01-13
596000,2020-01-14
596000,2020-01-15
596000,2020-01-16
596000,2020-01-17
596000,2020-01-18
596000,2020-01-19
596000,2020-01-20
596000,2020-01-21
596000,2020-01-22
596000,2020-01-23
596000,2020-01-24
596000,2020-01-25
596000,2020-01-26
596000,2020-01-27
596000,2020-01-28
596000,2020-01-29
596000,2020-01-30
596000,2020-01-31
639000,2020-02-01
639000,2020-02-02
639000,2020-02-03
639000,2020-02-04
639000,2020-02-05
639000,2020-02-06
639000,2020-02-07
639000,2020-02-08
639000,2020-02-09
639000,2020-02-10
639000,2020-02-11
639000,2020-02-12
639000,2020-02-13
639000,2020-02-14
639000,2020-02-15
639000,2020-02-16
639000,2020-02-17
639000,2020-02-18
639000,2020-02-19
639000,2020-02-20
639000,2020-02-21
639000,2020-02-22
639000,2020-02-23
639000,2020-02-24
639000,2020-02-25
639000,2020-02-26
639000,2020-02-27
639000,2020-02-28
639000,2020-02-29
333000,2020-03-01
333000,2020-03-02
333000,2020-03-03
333000,2020-03-04
333000,2020-03-05
333000,2020-03-06
333000,2020-03-07
333000,2020-03-08
333000,2020-03-09
333000,2020-03-10
333000,2020-03-11
333000,2020-03-12
333000,2020-03-13
333000,2020-03-14
333000,2020-03-15
333000,2020-03-16
333000,2020-03-17
333000,2020-03-18
333000,2020-03-19
333000,2020-03-20
333000,2020-03-21
333000,2020-03-22
333000,2020-03-23
333000,2020-03-24
333000,2020-03-25
333000,2020-03-26
333000,2020-03-27
333000,2020-03-28
333000,2020-03-29
333000,2020-03-30
333000,2020-03-31
51000,2020-04-01
51000,2020-04-02
51000,2020-04-03
51000,2020-04-04
51000,2020-04-05
51000,2020-04-06
51000,2020-04-07
51000,2020-04-08
51000,2020-04-09
51000,2020-04-10
51000,2020-04-11
51000,2020-04-12
51000,2020-04-13
51000,2020-04-14
51000,2020-04-15
51000,2020-04-16
51000,2020-04-17
51000,2020-04-18
51000,2020-04-19
51000,2020-04-20
51000,2020-04-21
51000,2020-04-22
51000,2020-04-23
51000,2020-04-24
51000,2020-04-25
51000,2020-04-26
51000,2020-04-27
51000,2020-04-28
51000,2020-04-29
51000,2020-04-30
55000,2020-05-01
55000,2020-05-02
55000,2020-05-03
55000,2020-05-04
55000,2020-05-05
55000,2020-05-06
55000,2020-05-07
55000,2020-05-08
55000,2020-05-09
55000,2020-05-10
55000,2020-05-11
55000,2020-05-12
55000,2020-05-13
55000,2020-05-14
55000,2020-05-15
55000,2020-05-16
55000,2020-05-17
55000,2020-05-18
55000,2020-05-19
55000,2020-05-20
55000,2020-05-21
55000,2020-05-22
55000,2020-05-23
55000,2020-05-24
55000,2020-05-25
55000,2020-05-26
55000,2020-05-27
55000,2020-05-28
55000,2020-05-29
55000,2020-05-30
55000,2020-05-31
83000,2020-06-01
83000,2020-06-02
83000,2020-06-03
83000,2020-06-04
83000,2020-06-05
83000,2020-06-06
83000,2020-06-07
83000,2020-06-08
83000,2020-06-09
83000,2020-06-10
83000,2020-06-11
83000,2020-06-12
83000,2020-06-13
83000,2020-06-14
83000,2020-06-15
83000,2020-06-16
83000,2020-06-17
83000,2020-06-18
83000,2020-06-19
83000,2020-06-20
83000,2020-06-21
83000,2020-06-22
83000,2020-06-23
83000,2020-06-24
83000,2020-06-25
83000,2020-06-26
83000,2020-06-27
83000,2020-06-28
83000,2020-06-29
83000,2020-06-30
238000,2020-07-01
238000,2020-07-02
238000,2020-07-03
238000,2020-07-04
238000,2020-07-05
238000,2020-07-06
238000,2020-07-07
238000,2020-07-08
238000,2020-07-09
238000,2020-07-10
238000,2020-07-11
238000,2020-07-12
238000,2020-07-13
238000,2020-07-14
238000,2020-07-15
238000,2020-07-16
238000,2020-07-17
238000,2020-07-18
238000,2020-07-19
238000,2020-07-20
238000,2020-07-21
238000,2020-07-22
238000,2020-07-23
238000,2020-07-24
238000,2020-07-25
238000,2020-07-26
238000,2020-07-27
238000,2020-07-28
238000,2020-07-29
238000,2020-07-30
238000,2020-07-31
204000,2020-08-01
204000,2020-08-02
204000,2020-08-03
204000,2020-08-04
204000,2020-08-05
204000,2020-08-06
204000,2020-08-07
204000,2020-08-08
204000,2020-08-09
204000,2020-08-10
204000,2020-08-11
204000,2020-08-12
204000,2020-08-13
204000,2020-08-14
204000,2020-08-15
204000,2020-08-16
204000,2020-08-17
204000,2020-08-18
204000,2020-08-19
204000,2020-08-20
204000,2020-08-21
204000,2020-08-22
204000,2020-08-23
204000,2020-08-24
204000,2020-08-25
204000,2020-08-26
204000,2020-08-27
204000,2020-08-28
204000,2020-08-29
204000,2020-08-30
204000,2020-08-31
140000,2020-09-01
140000,2020-09-02
140000,2020-09-03
140000,2020-09-04
140000,2020-09-05
140000,2020-09-06
140000,2020-09-07
140000,2020-09-08
140000,2020-09-09
140000,2020-09-10
140000,2020-09-11
140000,2020-09-12
140000,2020-09-13
140000,2020-09-14
140000,2020-09-15
140000,2020-09-16
140000,2020-09-17
140000,2020-09-18
140000,2020-09-19
140000,2020-09-20
140000,2020-09-21
140000,2020-09-22
140000,2020-09-23
140000,2020-09-24
140000,2020-09-25
140000,2020-09-26
140000,2020-09-27
140000,2020-09-28
140000,2020-09-29
140000,2020-09-30
143000,2020-10-01
143000,2020-10-02
143000,2020-10-03
143000,2020-10-04
143000,2020-10-05
143000,2020-10-06
143000,2020-10-07
143000,2020-10-08
143000,2020-10-09
143000,2020-10-10
143000,2020-10-11
143000,2020-10-12
143000,2020-10-13
143000,2020-10-14
143000,2020-10-15
143000,2020-10-16
143000,2020-10-17
143000,2020-10-18
143000,2020-10-19
143000,2020-10-20
143000,2020-10-21
143000,2020-10-22
143000,2020-10-23
143000,2020-10-24
143000,2020-10-25
143000,2020-10-26
143000,2020-10-27
143000,2020-10-28
143000,2020-10-29
143000,2020-10-30
143000,2020-10-31
98000,2020-11-01
98000,2020-11-02
98000,2020-11-03
98000,2020-11-04
98000,2020-11-05
98000,2020-11-06
98000,2020-11-07
98000,2020-11-08
98000,2020-11-09
98000,2020-11-10
98000,2020-11-11
98000,2020-11-12
98000,2020-11-13
98000,2020-11-14
98000,2020-11-15
98000,2020-11-16
98000,2020-11-17
98000,2020-11-18
98000,2020-11-19
98000,2020-11-20
98000,2020-11-21
98000,2020-11-22
98000,2020-11-23
98000,2020-11-24
98000,2020-11-25
98000,2020-11-26
98000,2020-11-27
98000,2020-11-28
98000,2020-11-29
98000,2020-11-30
109000,2020-12-01
109000,2020-12-02
109000,2020-12-03
109000,2020-12-04
109000,2020-12-05
109000,2020-12-06
109000,2020-12-07
109000,2020-12-08
109000,2020-12-09
109000,2020-12-10
109000,2020-12-11
109000,2020-12-12
109000,2020-12-13
109000,2020-12-14
109000,2020-12-15
109000,2020-12-16
109000,2020-12-17
109000,2020-12-18
109000,2020-12-19
109000,2020-12-20
109000,2020-12-21
109000,2020-12-22
109000,2020-12-23
109000,2020-12-24
109000,2020-12-25
109000,2020-12-26
109000,2020-12-27
109000,2020-12-28
109000,2020-12-29
109000,2020-12-30
109000,2020-12-31
106000,2021-01-01
106000,2021-01-02
106000,2021-01-03
106000,2021-01-04
106000,2021-01-05
106000,2021-01-06
106000,2021-01-07
106000,2021-01-08
106000,2021-01-09
106000,2021-01-10
106000,2021-01-11
106000,2021-01-12
106000,2021-01-13
106000,2021-01-14
106000,2021-01-15
106000,2021-01-16
106000,2021-01-17
106000,2021-01-18
106000,2021-01-19
106000,2021-01-20
106000,2021-01-21
106000,2021-01-22
106000,2021-01-23
106000,2021-01-24
106000,2021-01-25
106000,2021-01-26
106000,2021-01-27
106000,2021-01-28
106000,2021-01-29
106000,2021-01-30
106000,2021-01-31
104000,2021-02-01
104000,2021-02-02
104000,2021-02-03
104000,2021-02-04
104000,2021-02-05
104000,2021-02-06
104000,2021-02-07
104000,2021-02-08
104000,2021-02-09
104000,2021-02-10
104000,2021-02-11
104000,2021-02-12
104000,2021-02-13
104000,2021-02-14
104000,2021-02-15
104000,2021-02-16
104000,2021-02-17
104000,2021-02-18
104000,2021-02-19
104000,2021-02-20
104000,2021-02-21
104000,2021-02-22
104000,2021-02-23
104000,2021-02-24
104000,2021-02-25
104000,2021-02-26
104000,2021-02-27
104000,2021-02-28
126000,2021-03-01
126000,2021-03-02
126000,2021-03-03
126000,2021-03-04
126000,2021-03-05
126000,2021-03-06
126000,2021-03-07
126000,2021-03-08
126000,2021-03-09
126000,2021-03-10
126000,2021-03-11
126000,2021-03-12
126000,2021-03-13
126000,2021-03-14
126000,2021-03-15
126000,2021-03-16
126000,2021-03-17
126000,2021-03-18
126000,2021-03-19
126000,2021-03-20
126000,2021-03-21
126000,2021-03-22
126000,2021-03-23
126000,2021-03-24
126000,2021-03-25
126000,2021-03-26
126000,2021-03-27
126000,2021-03-28
126000,2021-03-29
126000,2021-03-30
126000,2021-03-31
142000,2021-04-01
142000,2021-04-02
142000,2021-04-03
142000,2021-04-04
142000,2021-04-05
142000,2021-04-06
142000,2021-04-07
142000,2021-04-08
142000,2021-04-09
142000,2021-04-10
142000,2021-04-11
142000,2021-04-12
142000,2021-04-13
142000,2021-04-14
142000,2021-04-15
142000,2021-04-16
142000,2021-04-17
142000,2021-04-18
142000,2021-04-19
142000,2021-04-20
142000,2021-04-21
142000,2021-04-22
142000,2021-04-23
142000,2021-04-24
142000,2021-04-25
142000,2021-04-26
142000,2021-04-27
142000,2021-04-28
142000,2021-04-29
142000,2021-04-30
204000,2021-05-01
204000,2021-05-02
204000,2021-05-03
204000,2021-05-04
204000,2021-05-05
204000,2021-05-06
204000,2021-05-07
204000,2021-05-08
204000,2021-05-09
204000,2021-05-10
204000,2021-05-11
204000,2021-05-12
204000,2021-05-13
204000,2021-05-14
204000,2021-05-15
204000,2021-05-16
204000,2021-05-17
204000,2021-05-18
204000,2021-05-19
204000,2021-05-20
204000,2021-05-21
204000,2021-05-22
204000,2021-05-23
204000,2021-05-24
204000,2021-05-25
204000,2021-05-26
204000,2021-05-27
204000,2021-05-28
204000,2021-05-29
204000,2021-05-30
204000,2021-05-31
277000,2021-06-01
277000,2021-06-02
277000,2021-06-03
277000,2021-06-04
277000,2021-06-05
277000,2021-06-06
277000,2021-06-07
277000,2021-06-08
277000,2021-06-09
277000,2021-06-10
277000,2021-06-11
277000,2021-06-12
277000,2021-06-13
277000,2021-06-14
277000,2021-06-15
277000,2021-06-16
277000,2021-06-17
277000,2021-06-18
277000,2021-06-19
277000,2021-06-20
277000,2021-06-21
277000,2021-06-22
277000,2021-06-23
277000,2021-06-24
277000,2021-06-25
277000,2021-06-26
277000,2021-06-27
277000,2021-06-28
277000,2021-06-29
277000,2021-06-30
505000,2021-07-01
505000,2021-07-02
505000,2021-07-03
505000,2021-07-04
505000,2021-07-05
505000,2021-07-06
505000,2021-07-07
505000,2021-07-08
505000,2021-07-09
505000,2021-07-10
505000,2021-07-11
505000,2021-07-12
505000,2021-07-13
505000,2021-07-14
505000,2021-07-15
505000,2021-07-16
505000,2021-07-17
505000,2021-07-18
505000,2021-07-19
505000,2021-07-20
505000,2021-07-21
505000,2021-07-22
505000,2021-07-23
505000,2021-07-24
505000,2021-07-25
505000,2021-07-26
505000,2021-07-27
505000,2021-07-28
505000,2021-07-29
505000,2021-07-30
505000,2021-07-31
601000,2021-08-01
601000,2021-08-02
601000,2021-08-03
601000,2021-08-04
601000,2021-08-05
601000,2021-08-06
601000,2021-08-07
601000,2021-08-08
601000,2021-08-09
601000,2021-08-10
601000,2021-08-11
601000,2021-08-12
601000,2021-08-13
601000,2021-08-14
601000,2021-08-15
601000,2021-08-16
601000,2021-08-17
601000,2021-08-18
601000,2021-08-19
601000,2021-08-20
601000,2021-08-21
601000,2021-08-22
601000,2021-08-23
601000,2021-08-24
601000,2021-08-25
601000,2021-08-26
601000,2021-08-27
601000,2021-08-28
601000,2021-08-29
601000,2021-08-30
601000,2021-08-31
438000,2021-09-01
438000,2021-09-02
438000,2021-09-03
438000,2021-09-04
438000,2021-09-05
438000,2021-09-06
438000,2021-09-07
438000,2021-09-08
438000,2021-09-09
438000,2021-09-10
438000,2021-09-11
438000,2021-09-12
438000,2021-09-13
438000,2021-09-14
438000,2021-09-15
438000,2021-09-16
438000,2021-09-17
438000,2021-09-18
438000,2021-09-19
438000,2021-09-20
438000,2021-09-21
438000,2021-09-22
438000,2021-09-23
438000,2021-09-24
438000,2021-09-25
438000,2021-09-26
438000,2021-09-27
438000,2021-09-28
438000,2021-09-29
438000,2021-09-30
513000,2021-10-01
513000,2021-10-02
513000,2021-10-03
513000,2021-10-04
513000,2021-10-05
513000,2021-10-06
513000,2021-10-07
513000,2021-10-08
513000,2021-10-09
513000,2021-10-10
513000,2021-10-11
513000,2021-10-12
513000,2021-10-13
513000,2021-10-14
513000,2021-10-15
513000,2021-10-16
513000,2021-10-17
513000,2021-10-18
513000,2021-10-19
513000,2021-10-20
513000,2021-10-21
513000,2021-10-22
513000,2021-10-23
513000,2021-10-24
513000,2021-10-25
513000,2021-10-26
513000,2021-10-27
513000,2021-10-28
513000,2021-10-29
513000,2021-10-30
513000,2021-10-31
421000,2021-11-01
421000,2021-11-02
421000,2021-11-03
421000,2021-11-04
421000,2021-11-05
421000,2021-11-06
421000,2021-11-07
421000,2021-11-08
421000,2021-11-09
421000,2021-11-10
421000,2021-11-11
421000,2021-11-12
421000,2021-11-13
421000,2021-11-14
421000,2021-11-15
421000,2021-11-16
421000,2021-11-17
421000,2021-11-18
421000,2021-11-19
421000,2021-11-20
421000,2021-11-21
421000,2021-11-22
421000,2021-11-23
421000,2021-11-24
421000,2021-11-25
421000,2021-11-26
421000,2021-11-27
421000,2021-11-28
421000,2021-11-29
421000,2021-11-30
430000,2021-12-01
430000,2021-12-02
430000,2021-12-03
430000,2021-12-04
430000,2021-12-05
430000,2021-12-06
430000,2021-12-07
430000,2021-12-08
430000,2021-12-09
430000,2021-12-10
430000,2021-12-11
430000,2021-12-12
430000,2021-12-13
430000,2021-12-14
430000,2021-12-15
430000,2021-12-16
430000,2021-12-17
430000,2021-12-18
430000,2021-12-19
430000,2021-12-20
430000,2021-12-21
430000,2021-12-22
430000,2021-12-23
430000,2021-12-24
430000,2021-12-25
430000,2021-12-26
430000,2021-12-27
430000,2021-12-28
430000,2021-12-29
430000,2021-12-30
430000,2021-12-31
337000,2022-01-01
337000,2022-01-02
337000,2022-01-03
337000,2022-01-04
337000,2022-01-05
337000,2022-01-06
337000,2022-01-07
337000,2022-01-08
337000,2022-01-09
337000,2022-01-10
337000,2022-01-11
337000,2022-01-12
337000,2022-01-13
337000,2022-01-14
337000,2022-01-15
337000,2022-01-16
337000,2022-01-17
337000,2022-01-18
337000,2022-01-19
337000,2022-01-20
337000,2022-01-21
337000,2022-01-22
337000,2022-01-23
337000,2022-01-24
337000,2022-01-25
337000,2022-01-26
337000,2022-01-27
337000,2022-01-28
337000,2022-01-29
337000,2022-01-30
337000,2022-01-31
439000,2022-02-01
439000,2022-02-02
439000,2022-02-03
439000,2022-02-04
439000,2022-02-05
439000,2022-02-06
439000,2022-02-07
439000,2022-02-08
439000,2022-02-09
439000,2022-02-10
439000,2022-02-11
439000,2022-02-12
439000,2022-02-13
439000,2022-02-14
439000,2022-02-15
439000,2022-02-16
439000,2022-02-17
439000,2022-02-18
439000,2022-02-19
439000,2022-02-20
439000,2022-02-21
439000,2022-02-22
439000,2022-02-23
439000,2022-02-24
439000,2022-02-25
439000,2022-02-26
439000,2022-02-27
439000,2022-02-28
531000,2022-03-01
531000,2022-03-02
531000,2022-03-03
531000,2022-03-04
531000,2022-03-05
531000,2022-03-06
531000,2022-03-07
531000,2022-03-08
531000,2022-03-09
531000,2022-03-10
531000,2022-03-11
531000,2022-03-12
531000,2022-03-13
531000,2022-03-14
531000,2022-03-15
531000,2022-03-16
531000,2022-03-17
531000,2022-03-18
531000,2022-03-19
531000,2022-03-20
531000,2022-03-21
531000,2022-03-22
531000,2022-03-23
531000,2022-03-24
531000,2022-03-25
531000,2022-03-26
531000,2022-03-27
531000,2022-03-28
531000,2022-03-29
531000,2022-03-30
531000,2022-03-31
760000,2022-04-01
760000,2022-04-02
760000,2022-04-03
760000,2022-04-04
760000,2022-04-05
760000,2022-04-06
760000,2022-04-07
760000,2022-04-08
760000,2022-04-09
760000,2022-04-10
760000,2022-04-11
760000,2022-04-12
760000,2022-04-13
760000,2022-04-14
760000,2022-04-15
760000,2022-04-16
760000,2022-04-17
760000,2022-04-18
760000,2022-04-19
760000,2022-04-20
760000,2022-04-21
760000,2022-04-22
760000,2022-04-23
760000,2022-04-24
760000,2022-04-25
760000,2022-04-26
760000,2022-04-27
760000,2022-04-28
760000,2022-04-29
760000,2022-04-30
791000,2022-05-01
791000,2022-05-02
791000,2022-05-03
791000,2022-05-04
791000,2022-05-05
791000,2022-05-06
791000,2022-05-07
791000,2022-05-08
791000,2022-05-09
791000,2022-05-10
791000,2022-05-11
791000,2022-05-12
791000,2022-05-13
791000,2022-05-14
791000,2022-05-15
791000,2022-05-16
791000,2022-05-17
791000,2022-05-18
791000,2022-05-19
791000,2022-05-20
791000,2022-05-21
791000,2022-05-22
791000,2022-05-23
791000,2022-05-24
791000,2022-05-25
791000,2022-05-26
791000,2022-05-27
791000,2022-05-28
791000,2022-05-29
791000,2022-05-30
791000,2022-05-31
910000,2022-06-01
910000,2022-06-02
910000,2022-06-03
910000,2022-06-04
910000,2022-06-05
910000,2022-06-06
910000,2022-06-07
910000,2022-06-08
910000,2022-06-09
910000,2022-06-10
910000,2022-06-11
910000,2022-06-12
910000,2022-06-13
910000,2022-06-14
910000,2022-06-15
910000,2022-06-16
910000,2022-06-17
910000,2022-06-18
910000,2022-06-19
910000,2022-06-20
910000,2022-06-21
910000,2022-06-22
910000,2022-06-23
910000,2022-06-24
910000,2022-06-25
910000,2022-06-26
910000,2022-06-27
910000,2022-06-28
910000,2022-06-29
910000,2022-06-30
1037000,2022-07-01
1037000,2022-07-02
1037000,2022-07-03
1037000,2022-07-04
1037000,2022-07-05
1037000,2022-07-06
1037000,2022-07-07
1037000,2022-07-08
1037000,2022-07-09
1037000,2022-07-10
1037000,2022-07-11
1037000,2022-07-12
1037000,2022-07-13
1037000,2022-07-14
1037000,2022-07-15
1037000,2022-07-16
1037000,2022-07-17
1037000,2022-07-18
1037000,2022-07-19
1037000,2022-07-20
1037000,2022-07-21
1037000,2022-07-22
1037000,2022-07-23
1037000,2022-07-24
1037000,2022-07-25
1037000,2022-07-26
1037000,2022-07-27
1037000,2022-07-28
1037000,2022-07-29
1037000,2022-07-30
1037000,2022-07-31
1070000,2022-08-01
1070000,2022-08-02
1070000,2022-08-03
1070000,2022-08-04
1070000,2022-08-05
1070000,2022-08-06
1070000,2022-08-07
1070000,2022-08-08
1070000,2022-08-09
1070000,2022-08-10
1070000,2022-08-11
1070000,2022-08-12
1070000,2022-08-13
1070000,2022-08-14
1070000,2022-08-15
1070000,2022-08-16
1070000,2022-08-17
1070000,2022-08-18
1070000,2022-08-19
1070000,2022-08-20
1070000,2022-08-21
1070000,2022-08-22
1070000,2022-08-23
1070000,2022-08-24
1070000,2022-08-25
1070000,2022-08-26
1070000,2022-08-27
1070000,2022-08-28
1070000,2022-08-29
1070000,2022-08-30
1070000,2022-08-31
849000,2022-09-01
849000,2022-09-02
849000,2022-09-03
849000,2022-09-04
849000,2022-09-05
849000,2022-09-06
849000,2022-09-07
849000,2022-09-08
849000,2022-09-09
849000,2022-09-10
849000,2022-09-11
849000,2022-09-12
849000,2022-09-13
849000,2022-09-14
849000,2022-09-15
849000,2022-09-16
849000,2022-09-17
849000,2022-09-18
849000,2022-09-19
849000,2022-09-20
849000,2022-09-21
849000,2022-09-22
849000,2022-09-23
849000,2022-09-24
849000,2022-09-25
849000,2022-09-26
849000,2022-09-27
849000,2022-09-28
849000,2022-09-29
849000,2022-09-30
894000,2022-10-01
894000,2022-10-02
894000,2022-10-03
894000,2022-10-04
894000,2022-10-05
894000,2022-10-06
894000,2022-10-07
894000,2022-10-08
894000,2022-10-09
894000,2022-10-10
894000,2022-10-11
894000,2022-10-12
894000,2022-10-13
894000,2022-10-14
894000,2022-10-15
894000,2022-10-16
894000,2022-10-17
894000,2022-10-18
894000,2022-10-19
894000,2022-10-20
894000,2022-10-21
894000,2022-10-22
894000,2022-10-23
894000,2022-10-24
894000,2022-10-25
894000,2022-10-26
894000,2022-10-27
894000,2022-10-28
894000,2022-10-29
894000,2022-10-30
894000,2022-10-31
619000,2022-11-01
619000,2022-11-02
619000,2022-11-03
619000,2022-11-04
619000,2022-11-05
619000,2022-11-06
619000,2022-11-07
619000,2022-11-08
619000,2022-11-09
619000,2022-11-10
619000,2022-11-11
619000,2022-11-12
619000,2022-11-13
619000,2022-11-14
619000,2022-11-15
619000,2022-11-16
619000,2022-11-17
619000,2022-11-18
619000,2022-11-19
619000,2022-11-20
619000,2022-11-21
619000,2022-11-22
619000,2022-11-23
619000,2022-11-24
619000,2022-11-25
619000,2022-11-26
619000,2022-11-27
619000,2022-11-28
619000,2022-11-29
619000,2022-11-30
601000,2022-12-01
601000,2022-12-02
601000,2022-12-03
601000,2022-12-04
601000,2022-12-05
601000,2022-12-06
601000,2022-12-07
601000,2022-12-08
601000,2022-12-09
601000,2022-12-10
601000,2022-12-11
601000,2022-12-12
601000,2022-12-13
601000,2022-12-14
601000,2022-12-15
601000,2022-12-16
601000,2022-12-17
601000,2022-12-18
601000,2022-12-19
601000,2022-12-20
601000,2022-12-21
601000,2022-12-22
601000,2022-12-23
601000,2022-12-24
601000,2022-12-25
601000,2022-12-26
601000,2022-12-27
601000,2022-12-28
601000,2022-12-29
601000,2022-12-30
601000,2022-12-31
579000,2023-01-01
579000,2023-01-02
579000,2023-01-03
579000,2023-01-04
579000,2023-01-05
579000,2023-01-06
579000,2023-01-07
579000,2023-01-08
579000,2023-01-09
579000,2023-01-10
579000,2023-01-11
579000,2023-01-12
579000,2023-01-13
579000,2023-01-14
579000,2023-01-15
579000,2023-01-16
579000,2023-01-17
579000,2023-01-18
579000,2023-01-19
579000,2023-01-20
579000,2023-01-21
579000,2023-01-22
579000,2023-01-23
579000,2023-01-24
579000,2023-01-25
579000,2023-01-26
579000,2023-01-27
579000,2023-01-28
579000,2023-01-29
579000,2023-01-30
579000,2023-01-31
668000,2023-02-01
668000,2023-02-02
668000,2023-02-03
668000,2023-02-04
668000,2023-02-05
668000,2023-02-06
668000,2023-02-07
668000,2023-02-08
668000,2023-02-09
668000,2023-02-10
668000,2023-02-11
668000,2023-02-12
668000,2023-02-13
668000,2023-02-14
668000,2023-02-15
668000,2023-02-16
668000,2023-02-17
668000,2023-02-18
668000,2023-02-19
668000,2023-02-20
668000,2023-02-21
668000,2023-02-22
668000,2023-02-23
668000,2023-02-24
668000,2023-02-25
668000,2023-02-26
668000,2023-02-27
668000,2023-02-28
772000,2023-03-01
772000,2023-03-02
772000,2023-03-03
772000,2023-03-04
772000,2023-03-05
772000,2023-03-06
772000,2023-03-07
772000,2023-03-08
772000,2023-03-09
772000,2023-03-10
772000,2023-03-11
772000,2023-03-12
772000,2023-03-13
772000,2023-03-14
772000,2023-03-15
772000,2023-03-16
772000,2023-03-17
772000,2023-03-18
772000,2023-03-19
772000,2023-03-20
772000,2023-03-21
772000,2023-03-22
772000,2023-03-23
772000,2023-03-24
772000,2023-03-25
772000,2023-03-26
772000,2023-03-27
772000,2023-03-28
772000,2023-03-29
772000,2023-03-30
772000,2023-03-31
959000,2023-04-01
959000,2023-04-02
959000,2023-04-03
959000,2023-04-04
959000,2023-04-05
959000,2023-04-06
959000,2023-04-07
959000,2023-04-08
959000,2023-04-09
959000,2023-04-10
959000,2023-04-11
959000,2023-04-12
959000,2023-04-13
959000,2023-04-14
959000,2023-04-15
959000,2023-04-16
959000,2023-04-17
959000,2023-04-18
959000,2023-04-19
959000,2023-04-20
959000,2023-04-21
959000,2023-04-22
959000,2023-04-23
959000,2023-04-24
959000,2023-04-25
959000,2023-04-26
959000,2023-04-27
959000,2023-04-28
959000,2023-04-29
959000,2023-04-30
966000,2023-05-01
966000,2023-05-02
966000,2023-05-03
966000,2023-05-04
966000,2023-05-05
966000,2023-05-06
966000,2023-05-07
966000,2023-05-08
966000,2023-05-09
966000,2023-05-10
966000,2023-05-11
966000,2023-05-12
966000,2023-05-13
966000,2023-05-14
966000,2023-05-15
966000,2023-05-16
966000,2023-05-17
966000,2023-05-18
966000,2023-05-19
966000,2023-05-20
966000,2023-05-21
966000,2023-05-22
966000,2023-05-23
966000,2023-05-24
966000,2023-05-25
966000,2023-05-26
966000,2023-05-27
966000,2023-05-28
966000,2023-05-29
966000,2023-05-30
966000,2023-05-31
981000,2023-06-01
981000,2023-06-02
981000,2023-06-03
981000,2023-06-04
981000,2023-06-05
981000,2023-06-06
981000,2023-06-07
981000,2023-06-08
981000,2023-06-09
981000,2023-06-10
981000,2023-06-11
981000,2023-06-12
981000,2023-06-13
981000,2023-06-14
981000,2023-06-15
981000,2023-06-16
981000,2023-06-17
981000,2023-06-18
981000,2023-06-19
981000,2023-06-20
981000,2023-06-21
981000,2023-06-22
981000,2023-06-23
981000,2023-06-24
981000,2023-06-25
981000,2023-06-26
981000,2023-06-27
981000,2023-06-28
981000,2023-06-29
981000,2023-06-30
1175000,2023-07-01
1175000,2023-07-02
1175000,2023-07-03
1175000,2023-07-04
1175000,2023-07-05
1175000,2023-07-06
1175000,2023-07-07
1175000,2023-07-08
1175000,2023-07-09
1175000,2023-07-10
1175000,2023-07-11
1175000,2023-07-12
1175000,2023-07-13
1175000,2023-07-14
1175000,2023-07-15
1175000,2023-07-16
1175000,2023-07-17
1175000,2023-07-18
1175000,2023-07-19
1175000,2023-07-20
1175000,2023-07-21
1175000,2023-07-22
1175000,2023-07-23
1175000,2023-07-24
1175000,2023-07-25
1175000,2023-07-26
1175000,2023-07-27
1175000,2023-07-28
1175000,2023-07-29
1175000,2023-07-30
1175000,2023-07-31
1183000,2023-08-01
1183000,2023-08-02
1183000,2023-08-03
1183000,2023-08-04
1183000,2023-08-05
1183000,2023-08-06
1183000,2023-08-07
1183000,2023-08-08
1183000,2023-08-09
1183000,2023-08-10
1183000,2023-08-11
1183000,2023-08-12
1183000,2023-08-13
1183000,2023-08-14
1183000,2023-08-15
1183000,2023-08-16
1183000,2023-08-17
1183000,2023-08-18
1183000,2023-08-19
1183000,2023-08-20
1183000,2023-08-21
1183000,2023-08-22
1183000,2023-08-23
1183000,2023-08-24
1183000,2023-08-25
1183000,2023-08-26
1183000,2023-08-27
1183000,2023-08-28
1183000,2023-08-29
1183000,2023-08-30
1183000,2023-08-31
998000,2023-09-01
998000,2023-09-02
998000,2023-09-03
998000,2023-09-04
998000,2023-09-05
998000,2023-09-06
998000,2023-09-07
998000,2023-09-08
998000,2023-09-09
998000,2023-09-10
998000,2023-09-11
998000,2023-09-12
998000,2023-09-13
998000,2023-09-14
998000,2023-09-15
998000,2023-09-16
998000,2023-09-17
998000,2023-09-18
998000,2023-09-19
998000,2023-09-20
998000,2023-09-21
998000,2023-09-22
998000,2023-09-23
998000,2023-09-24
998000,2023-09-25
998000,2023-09-26
998000,2023-09-27
998000,2023-09-28
998000,2023-09-29
998000,2023-09-30
1105000,2023-10-01
1105000,2023-10-02
1105000,2023-10-03
1105000,2023-10-04
1105000,2023-10-05
1105000,2023-10-06
1105000,2023-10-07
1105000,2023-10-08
1105000,2023-10-09
1105000,2023-10-10
1105000,2023-10-11
1105000,2023-10-12
1105000,2023-10-13
1105000,2023-10-14
1105000,2023-10-15
1105000,2023-10-16
1105000,2023-10-17
1105000,2023-10-18
1105000,2023-10-19
1105000,2023-10-20
1105000,2023-10-21
1105000,2023-10-22
1105000,2023-10-23
1105000,2023-10-24
1105000,2023-10-25
1105000,2023-10-26
1105000,2023-10-27
1105000,2023-10-28
1105000,2023-10-29
1105000,2023-10-30
1105000,2023-10-31
794000,2023-11-01
794000,2023-11-02
794000,2023-11-03
794000,2023-11-04
794000,2023-11-05
794000,2023-11-06
794000,2023-11-07
794000,2023-11-08
794000,2023-11-09
794000,2023-11-10
794000,2023-11-11
794000,2023-11-12
794000,2023-11-13
794000,2023-11-14
794000,2023-11-15
794000,2023-11-16
794000,2023-11-17
794000,2023-11-18
794000,2023-11-19
794000,2023-11-20
794000,2023-11-21
794000,2023-11-22
794000,2023-11-23
794000,2023-11-24
794000,2023-11-25
794000,2023-11-26
794000,2023-11-27
794000,2023-11-28
794000,2023-11-29
794000,2023-11-30
743000,2023-12-01
743000,2023-12-02
743000,2023-12-03
743000,2023-12-04
743000,2023-12-05
743000,2023-12-06
743000,2023-12-07
743000,2023-12-08
743000,2023-12-09
743000,2023-12-10
743000,2023-12-11
743000,2023-12-12
743000,2023-12-13
743000,2023-12-14
743000,2023-12-15
743000,2023-12-16
743000,2023-12-17
743000,2023-12-18
743000,2023-12-19
743000,2023-12-20
743000,2023-12-21
743000,2023-12-22
743000,2023-12-23
743000,2023-12-24
743000,2023-12-25
743000,2023-12-26
743000,2023-12-27
743000,2023-12-28
743000,2023-12-29
743000,2023-12-30
743000,2023-12-31
