consumo,fecha,findesemana,festivos,COVID,tmed,t-1
1702091,1546387200,0,0,0,6.617391304347826,995989.0
1826076,1546473600,0,0,0,5.604347826086957,1702091.0
1806926,1546560000,0,0,0,5.004347826086956,1826076.0
1341548,1546646400,1,0,0,6.173913043478261,1806926.0
1201714,1546732800,1,0,0,9.130434782608695,1341548.0
1921881,1546819200,0,0,0,6.92608695652174,1201714.0
2048335,1546905600,0,0,0,4.945454545454545,1921881.0
2074642,1546992000,0,0,0,6.791304347826086,2048335.0
2104779,1547078400,0,0,0,4.926086956521739,2074642.0
2105565,1547164800,0,0,0,2.260869565217391,2104779.0
1524829,1547251200,1,0,0,4.134782608695652,2105565.0
1309722,1547337600,1,0,0,5.9,1524829.0
1990879,1547424000,0,0,0,8.430434782608696,1309722.0
2001561,1547510400,0,0,0,7.28695652173913,1990879.0
2082018,1547596800,0,0,0,6.726086956521739,2001561.0
2085319,1547683200,0,0,0,7.743478260869565,2082018.0
2076651,1547769600,0,0,0,4.566666666666666,2085319.0
1531857,1547856000,1,0,0,5.1875,2076651.0
1330111,1547942400,1,0,0,5.079166666666667,1531857.0
2062403,1548028800,0,0,0,5.029166666666667,1330111.0
2161827,1548115200,0,0,0,3.025,2062403.0
2109277,1548201600,0,0,0,4.3625,2161827.0
2111501,1548288000,0,0,0,5.216666666666667,2109277.0
2059243,1548374400,0,0,0,7.4375,2111501.0
1429824,1548460800,1,0,0,8.4,2059243.0
1258248,1548547200,1,0,0,7.675,1429824.0
1983174,1548633600,0,0,0,6.204166666666667,1258248.0
2077924,1548720000,0,0,0,3.875,1983174.0
2086124,1548806400,0,0,0,6.525,2077924.0
2009211,1548892800,0,0,0,8.533333333333333,2086124.0
1932146,1548979200,0,0,0,9.25,2009211.0
1470254,1549065600,1,0,0,6.3375,1932146.0
1358251,1549152000,1,0,0,5.454166666666667,1470254.0
2105011,1549238400,0,0,0,5.025,1358251.0
2108257,1549324800,0,0,0,8.829166666666667,2105011.0
2091470,1549411200,0,0,0,9.766666666666667,2108257.0
2061069,1549497600,0,0,0,8.875,2091470.0
2035308,1549584000,0,0,0,9.183333333333334,2061069.0
1523376,1549670400,1,0,0,9.975,2035308.0
1391507,1549756800,1,0,0,10.366666666666667,1523376.0
2050558,1549843200,0,0,0,9.008333333333333,1391507.0
2124128,1549929600,0,0,0,8.108333333333333,2050558.0
2112143,1550016000,0,0,0,7.825,2124128.0
2075308,1550102400,0,0,0,8.104166666666666,2112143.0
2024484,1550188800,0,0,0,8.429166666666667,2075308.0
1518710,1550275200,1,0,0,9.465217391304348,2024484.0
1354228,1550361600,1,0,0,8.208695652173912,1518710.0
2052098,1550448000,0,0,0,8.386956521739132,1354228.0
2101645,1550534400,0,0,0,8.626086956521739,2052098.0
2072231,1550620800,0,0,0,8.543478260869565,2101645.0
2043975,1550707200,0,0,0,8.991304347826087,2072231.0
1975354,1550793600,0,0,0,11.795652173913044,2043975.0
1480429,1550880000,1,0,0,12.413636363636364,1975354.0
1293773,1550966400,1,0,0,10.209090909090907,1480429.0
1931481,1551052800,0,0,0,10.395652173913044,1293773.0
1965529,1551139200,0,0,0,12.421739130434782,1931481.0
1967680,1551225600,0,0,0,13.513636363636364,1965529.0
1993447,1551312000,0,0,0,12.945,1967680.0
1834431,1551398400,0,0,0,10.578260869565218,1993447.0
1345708,1551484800,1,0,0,11.360869565217392,1834431.0
1186549,1551571200,1,0,0,12.243478260869566,1345708.0
1875930,1551657600,0,0,0,13.469565217391304,1186549.0
2079242,1551744000,0,0,0,11.42608695652174,1875930.0
2009699,1551830400,0,0,0,9.87391304347826,2079242.0
1947885,1551916800,0,0,0,10.172727272727274,2009699.0
1885019,1552003200,0,0,0,9.642857142857142,1947885.0
1392095,1552089600,1,0,0,10.872727272727271,1885019.0
1211073,1552176000,1,0,0,13.617391304347825,1392095.0
1875307,1552262400,0,0,0,12.38695652173913,1211073.0
1970981,1552348800,0,0,0,11.456521739130435,1875307.0
1917646,1552435200,0,0,0,10.208695652173914,1970981.0
1943165,1552521600,0,0,0,9.326086956521738,1917646.0
1880508,1552608000,0,0,0,12.11304347826087,1943165.0
1424896,1552694400,1,0,0,13.247826086956522,1880508.0
1235045,1552780800,1,0,0,13.20909090909091,1424896.0
1906693,1552867200,0,0,0,10.08695652173913,1235045.0
1950630,1552953600,0,0,0,9.154545454545454,1906693.0
1909376,1553040000,0,0,0,8.743478260869566,1950630.0
1999239,1553126400,0,0,0,9.343478260869563,1909376.0
1923922,1553212800,0,0,0,12.347826086956522,1999239.0
1476619,1553299200,1,0,0,13.913636363636364,1923922.0
1289998,1553385600,1,0,0,14.77391304347826,1476619.0
1823538,1553472000,0,0,0,13.713043478260868,1289998.0
1994701,1553558400,0,0,0,12.117391304347825,1823538.0
2032858,1553644800,0,0,0,10.230434782608697,1994701.0
2027351,1553731200,0,0,0,10.456521739130435,2032858.0
1993465,1553817600,0,0,0,10.113043478260868,2027351.0
1513736,1553904000,1,0,0,9.347826086956522,1993465.0
1331963,1553990400,1,0,0,10.386956521739132,1513736.0
2090346,1554076800,0,0,0,13.082608695652173,1331963.0
2177580,1554163200,0,0,0,12.48695652173913,2090346.0
2134533,1554249600,0,0,0,10.008695652173914,2177580.0
2132844,1554336000,0,0,0,7.643478260869566,2134533.0
2104893,1554422400,0,0,0,8.231818181818182,2132844.0
1527475,1554508800,1,0,0,9.513636363636364,2104893.0
1346879,1554595200,1,0,0,9.439130434782609,1527475.0
2035085,1554681600,0,0,0,11.234782608695651,1346879.0
2015133,1554768000,0,0,0,10.565217391304348,2035085.0
2059902,1554854400,0,0,0,10.804347826086955,2015133.0
2022541,1554940800,0,0,0,11.982608695652177,2059902.0
1950138,1555027200,0,0,0,12.956521739130435,2022541.0
1372045,1555113600,1,0,0,12.617391304347825,1950138.0
1179751,1555200000,1,0,0,12.22608695652174,1372045.0
1668523,1555286400,0,0,0,11.052173913043475,1179751.0
1724042,1555372800,0,0,0,12.039130434782608,1668523.0
1668567,1555459200,0,0,0,12.369565217391305,1724042.0
1555656,1555545600,0,0,0,13.41304347826087,1668567.0
1280010,1555632000,0,1,0,15.386363636363637,1555656.0
1252574,1555718400,1,0,0,13.095652173913043,1280010.0
1216722,1555804800,1,0,0,13.054545454545456,1252574.0
1339961,1555891200,0,1,0,13.634782608695652,1216722.0
1934035,1555977600,0,0,0,14.721739130434784,1339961.0
1934863,1556064000,0,0,0,12.634782608695652,1934035.0
1842591,1556150400,0,0,0,12.204347826086956,1934863.0
1988793,1556236800,0,0,0,12.872727272727271,1842591.0
1495077,1556323200,1,0,0,13.117391304347825,1988793.0
1247520,1556409600,1,0,0,12.382608695652175,1495077.0
1973819,1556496000,0,0,0,13.808695652173911,1247520.0
2010547,1556582400,0,0,0,15.004347826086958,1973819.0
1385697,1556668800,0,1,0,15.130434782608695,2010547.0
1956527,1556755200,0,0,0,14.691304347826089,1385697.0
2052673,1556841600,0,0,0,9.57391304347826,1956527.0
1487725,1556928000,1,0,0,11.98695652173913,2052673.0
1276120,1557014400,1,0,0,12.308695652173911,1487725.0
2026288,1557100800,0,0,0,11.060869565217391,1276120.0
2068123,1557187200,0,0,0,12.26086956521739,2026288.0
1964473,1557273600,0,0,0,17.213636363636365,2068123.0
1946336,1557360000,0,0,0,15.6,1964473.0
2044120,1557446400,0,0,0,17.756521739130438,1946336.0
1548683,1557532800,1,0,0,15.956521739130435,2044120.0
1369931,1557619200,1,0,0,15.247826086956522,1548683.0
2073060,1557705600,0,0,0,14.173913043478262,1369931.0
2177741,1557792000,0,0,0,14.978260869565217,2073060.0
2117715,1557878400,0,0,0,14.295652173913044,2177741.0
2077293,1557964800,0,0,0,13.58695652173913,2117715.0
1983631,1558051200,0,0,0,11.847826086956522,2077293.0
1453765,1558137600,1,0,0,13.052173913043475,1983631.0
1267129,1558224000,1,0,0,11.873913043478264,1453765.0
1902383,1558310400,0,0,0,13.513636363636364,1267129.0
1990067,1558396800,0,0,0,14.934782608695652,1902383.0
2063749,1558483200,0,0,0,16.452380952380953,1990067.0
2100748,1558569600,0,0,0,17.545454545454547,2063749.0
2046971,1558656000,0,0,0,14.177272727272726,2100748.0
1483736,1558742400,1,0,0,16.678260869565218,2046971.0
1301444,1558828800,1,0,0,16.91304347826087,1483736.0
2029224,1558915200,0,0,0,17.071428571428573,1301444.0
2106909,1559001600,0,0,0,16.36818181818182,2029224.0
2091727,1559088000,0,0,0,15.947619047619046,2106909.0
2092238,1559174400,0,0,0,16.154545454545453,2091727.0
1990059,1559260800,0,0,0,17.99047619047619,2092238.0
1451714,1559347200,1,0,0,19.763636363636365,1990059.0
1307091,1559433600,1,0,0,19.763636363636365,1451714.0
2011267,1559520000,0,0,0,19.981818181818184,1307091.0
1971663,1559606400,0,0,0,19.481818181818184,2011267.0
2007176,1559692800,0,0,0,17.86818181818182,1971663.0
2018185,1559779200,0,0,0,15.763636363636364,2007176.0
2060641,1559865600,0,0,0,18.80454545454545,2018185.0
1427686,1559952000,1,0,0,17.645454545454545,2060641.0
1219406,1560038400,1,0,0,20.277272727272727,1427686.0
1541767,1560124800,0,1,0,19.75454545454545,1219406.0
1996468,1560211200,0,0,0,12.91904761904762,1541767.0
2038553,1560297600,0,0,0,14.245454545454544,1996468.0
2070348,1560384000,0,0,0,16.363636363636363,2038553.0
2080209,1560470400,0,0,0,20.045454545454547,2070348.0
1602220,1560556800,1,0,0,19.47391304347826,2080209.0
1435837,1560643200,1,0,0,19.172727272727272,1602220.0
2121433,1560729600,0,0,0,21.10869565217392,1435837.0
2143707,1560816000,0,0,0,21.256521739130434,2121433.0
2167610,1560902400,0,0,0,21.24,2143707.0
2187058,1560988800,0,0,0,22.10434782608696,2167610.0
2165131,1561075200,0,0,0,20.577272727272728,2187058.0
1555967,1561161600,1,0,0,21.545454545454547,2165131.0
1370515,1561248000,1,0,0,23.15,1555967.0
1412176,1561334400,0,1,0,23.209090909090907,1370515.0
2227176,1561420800,0,0,0,24.377272727272725,1412176.0
2309760,1561507200,0,0,0,26.5,2227176.0
2299851,1561593600,0,0,0,27.363636363636363,2309760.0
2439489,1561680000,0,0,0,29.286363636363635,2299851.0
1797473,1561766400,1,0,0,28.895454545454548,2439489.0
1567579,1561852800,1,0,0,26.685,1797473.0
2320414,1561939200,0,0,0,25.628,1567579.0
2393502,1562025600,0,0,0,25.1,2320414.0
2429884,1562112000,0,0,0,25.68,2393502.0
2399186,1562198400,0,0,0,25.18,2429884.0
2435057,1562284800,0,0,0,25.72,2399186.0
1663129,1562371200,1,0,0,26.668000000000003,2435057.0
1481364,1562457600,1,0,0,26.896,1663129.0
2310510,1562544000,0,0,0,24.112,1481364.0
2318150,1562630400,0,0,0,22.8625,2310510.0
2339137,1562716800,0,0,0,23.58,2318150.0
2402979,1562803200,0,0,0,25.14,2339137.0
2388176,1562889600,0,0,0,25.192,2402979.0
1629028,1562976000,1,0,0,25.344,2388176.0
1456869,1563062400,1,0,0,23.432,1629028.0
2275138,1563148800,0,0,0,23.364,1456869.0
2324218,1563235200,0,0,0,23.156,2275138.0
2342260,1563321600,0,0,0,22.968000000000004,2324218.0
2381723,1563408000,0,0,0,22.84,2342260.0
2368084,1563494400,0,0,0,23.16,2381723.0
1644833,1563580800,1,0,0,24.592,2368084.0
1535278,1563667200,1,0,0,25.156,1644833.0
2375370,1563753600,0,0,0,26.492,1535278.0
2395763,1563840000,0,0,0,27.064,2375370.0
2445338,1563926400,0,0,0,26.46,2395763.0
2396725,1564012800,0,0,0,25.836,2445338.0
2410053,1564099200,0,0,0,25.716,2396725.0
1608191,1564185600,1,0,0,21.296,2410053.0
1413486,1564272000,1,0,0,21.076,1608191.0
2233792,1564358400,0,0,0,22.776,1413486.0
2357756,1564444800,0,0,0,24.136,2233792.0
2261363,1564531200,0,0,0,22.828000000000003,2357756.0
2381812,1564617600,0,0,0,24.5,2261363.0
2429841,1564704000,0,0,0,25.036,2381812.0
1755462,1564790400,1,0,0,24.7,2429841.0
1597200,1564876800,1,0,0,25.196,1755462.0
2213293,1564963200,0,0,0,25.916,1597200.0
2312853,1565049600,0,0,0,25.816,2213293.0
2263168,1565136000,0,0,0,25.648000000000003,2312853.0
2217240,1565222400,0,0,0,26.524,2263168.0
2183101,1565308800,0,0,0,27.708,2217240.0
1759668,1565395200,1,0,0,26.716,2183101.0
1508781,1565481600,1,0,0,25.74,1759668.0
1961722,1565568000,0,0,0,22.84,1508781.0
1939072,1565654400,0,0,0,21.3,1961722.0
1936225,1565740800,0,0,0,21.828000000000003,1939072.0
1648269,1565827200,0,1,0,23.64,1936225.0
1816769,1565913600,0,0,0,23.996,1648269.0
1656733,1566000000,1,0,0,24.676,1816769.0
1510235,1566086400,1,0,0,25.052,1656733.0
2034490,1566172800,0,0,0,24.26,1510235.0
2071196,1566259200,0,0,0,21.728,2034490.0
2110096,1566345600,0,0,0,22.10833333333333,2071196.0
2161501,1566432000,0,0,0,23.904,2110096.0
2133564,1566518400,0,0,0,23.508000000000003,2161501.0
1754687,1566604800,1,0,0,24.232,2133564.0
1547527,1566691200,1,0,0,24.936,1754687.0
2291884,1566777600,0,0,0,24.084,1547527.0
2348069,1566864000,0,0,0,21.62,2291884.0
2306881,1566950400,0,0,0,23.356,2348069.0
2284654,1567036800,0,0,0,24.564,2306881.0
2379605,1567123200,0,0,0,25.317391304347822,2284654.0
1797034,1567209600,1,0,0,25.312,2379605.0
1394358,1567296000,1,0,0,23.516,1797034.0
2255581,1567382400,0,0,0,22.176,1394358.0
2316212,1567468800,0,0,0,22.08,2255581.0
2362743,1567555200,0,0,0,22.284,2316212.0
2289466,1567641600,0,0,0,21.296,2362743.0
2172656,1567728000,0,0,0,19.248,2289466.0
1552779,1567814400,1,0,0,19.308,2172656.0
1334620,1567900800,1,0,0,19.18,1552779.0
2121618,1567987200,0,0,0,19.954545454545453,1334620.0
2090050,1568073600,0,0,0,15.7375,2121618.0
1549319,1568160000,0,1,0,18.62,2090050.0
2124106,1568246400,0,0,0,21.94,1549319.0
2094761,1568332800,0,0,0,20.784,2124106.0
1576162,1568419200,1,0,0,22.98,2094761.0
1394467,1568505600,1,0,0,23.016666666666666,1576162.0
2237418,1568592000,0,0,0,22.475,1394467.0
2350742,1568678400,0,0,0,22.879166666666663,2237418.0
2402412,1568764800,0,0,0,22.9125,2350742.0
2388658,1568851200,0,0,0,21.829166666666666,2402412.0
2290262,1568937600,0,0,0,21.0625,2388658.0
1570471,1569024000,1,0,0,19.058333333333334,2290262.0
1374679,1569110400,1,0,0,21.116666666666667,1570471.0
1781766,1569196800,0,0,0,19.341666666666665,1374679.0
1680237,1569283200,0,1,0,21.2625,1781766.0
2209958,1569369600,0,0,0,19.9375,1680237.0
2221236,1569456000,0,0,0,20.529166666666665,2209958.0
2148038,1569542400,0,0,0,20.891666666666666,2221236.0
1484492,1569628800,1,0,0,20.72083333333333,2148038.0
1247378,1569715200,1,0,0,21.766666666666666,1484492.0
2143966,1569801600,0,0,0,20.666666666666668,1247378.0
2180817,1569888000,0,0,0,21.67083333333333,2143966.0
2062148,1569974400,0,0,0,19.72083333333333,2180817.0
1986348,1570060800,0,0,0,17.969565217391306,2062148.0
1964978,1570147200,0,0,0,18.379166666666663,1986348.0
1391120,1570233600,1,0,0,18.6,1964978.0
1172617,1570320000,1,0,0,18.5375,1391120.0
1952211,1570406400,0,0,0,18.320833333333333,1172617.0
2041004,1570492800,0,0,0,19.0,1952211.0
2007025,1570579200,0,0,0,18.445833333333333,2041004.0
1900300,1570665600,0,0,0,17.42083333333333,2007025.0
1902537,1570752000,0,0,0,18.933333333333334,1900300.0
1339236,1570838400,1,1,0,20.391666666666666,1902537.0
1172522,1570924800,1,0,0,20.454166666666666,1339236.0
1976703,1571011200,0,0,0,19.491666666666667,1172522.0
1893750,1571097600,0,0,0,14.720833333333331,1976703.0
1891263,1571184000,0,0,0,15.0875,1893750.0
1912751,1571270400,0,0,0,16.8125,1891263.0
1677293,1571356800,0,0,0,17.433333333333334,1912751.0
1262544,1571443200,1,0,0,18.23913043478261,1677293.0
1139269,1571529600,1,0,0,16.904545454545453,1262544.0
1781004,1571616000,0,0,0,13.330434782608696,1139269.0
1876738,1571702400,0,0,0,15.19,1781004.0
1876201,1571788800,0,0,0,14.395,1876738.0
1904210,1571875200,0,0,0,13.370833333333332,1876201.0
1850932,1571961600,0,0,0,14.643999999999998,1904210.0
1272156,1572048000,1,0,0,15.736,1850932.0
1118552,1572134400,1,0,0,16.084,1272156.0
1737534,1572220800,0,0,0,14.6,1118552.0
1817347,1572307200,0,0,0,15.976,1737534.0
1884792,1572393600,0,0,0,16.576,1817347.0
1883967,1572480000,0,0,0,16.32,1884792.0
2349140,1572566400,0,1,0,14.92,1883967.0
2291900,1572652800,1,0,0,16.984,2349140.0
2205722,1572739200,1,0,0,14.6,2291900.0
3239054,1572825600,0,0,0,15.604,2205722.0
3365371,1572912000,0,0,0,11.972,3239054.0
3306554,1572998400,0,0,0,11.032,3365371.0
3277053,1573084800,0,0,0,10.144,3306554.0
3274329,1573171200,0,0,0,8.196,3277053.0
2465668,1573257600,1,0,0,8.304,3274329.0
2287503,1573344000,1,0,0,8.464,2465668.0
3543165,1573430400,0,0,0,7.928,2287503.0
3436097,1573516800,0,0,0,9.664,3543165.0
3339988,1573603200,0,0,0,8.783999999999999,3436097.0
3339084,1573689600,0,0,0,6.684,3339988.0
3475599,1573776000,0,0,0,5.879166666666666,3339084.0
2514812,1573862400,1,0,0,6.354166666666667,3475599.0
2200520,1573948800,1,0,0,6.1000000000000005,2514812.0
3276041,1574035200,0,0,0,7.85,2200520.0
3291287,1574121600,0,0,0,5.932,3276041.0
3215394,1574208000,0,0,0,6.056,3291287.0
3144618,1574294400,0,0,0,8.024,3215394.0
2959934,1574380800,0,0,0,8.812000000000001,3144618.0
2027090,1574467200,1,0,0,10.164,2959934.0
1796038,1574553600,1,0,0,9.408,2027090.0
3057723,1574640000,0,0,0,9.732,1796038.0
3140335,1574726400,0,0,0,10.958333333333334,3057723.0
2976025,1574812800,0,0,0,12.770833333333334,3140335.0
2965277,1574899200,0,0,0,12.32,2976025.0
2974869,1574985600,0,0,0,12.456,2965277.0
2079872,1575072000,1,0,0,11.876,2974869.0
1031462,1575158400,1,0,0,11.01923076923077,2079872.0
1689425,1575244800,0,0,0,9.261538461538462,1031462.0
1780840,1575331200,0,0,0,7.4192307692307695,1689425.0
1857273,1575417600,0,0,0,9.83846153846154,1780840.0
1815617,1575504000,0,0,0,9.696153846153846,1857273.0
1211922,1575590400,0,1,0,10.476923076923075,1815617.0
1150246,1575676800,1,0,0,10.007692307692308,1211922.0
1086340,1575763200,1,0,0,7.816,1150246.0
1849101,1575849600,0,0,0,9.442307692307692,1086340.0
1946341,1575936000,0,0,0,7.842307692307693,1849101.0
1940022,1576022400,0,0,0,7.461538461538462,1946341.0
1960050,1576108800,0,0,0,6.707692307692308,1940022.0
1875011,1576195200,0,0,0,12.765384615384615,1960050.0
1339530,1576281600,1,0,0,10.938461538461535,1875011.0
1149042,1576368000,1,0,0,10.261538461538462,1339530.0
1805748,1576454400,0,0,0,8.384615384615385,1149042.0
1902144,1576540800,0,0,0,11.953846153846154,1805748.0
1809228,1576627200,0,0,0,11.765384615384615,1902144.0
1833641,1576713600,0,0,0,10.180769230769233,1809228.0
1686432,1576800000,0,0,0,12.553846153846154,1833641.0
1184844,1576886400,1,0,0,12.965384615384616,1686432.0
1063756,1576972800,1,0,0,12.038461538461538,1184844.0
1366888,1577059200,0,0,0,9.48076923076923,1063756.0
1273782,1577145600,0,0,0,10.003846153846156,1366888.0
1004408,1577232000,0,1,0,11.38846153846154,1273782.0
1074429,1577318400,0,1,0,10.680769230769233,1004408.0
1284216,1577404800,0,0,0,8.111538461538462,1074429.0
1108430,1577491200,1,0,0,8.534615384615385,1284216.0
1087886,1577577600,1,0,0,8.3,1108430.0
1416578,1577664000,0,0,0,7.95,1087886.0
1318729,1577750400,0,0,0,6.736000000000001,1416578.0
1840619,1577836800,0,1,0,6.443478260869565,1318729.0
2530835,1577923200,0,0,0,5.956,1840619.0
2742286,1578009600,0,0,0,5.944,2530835.0
2230244,1578096000,1,0,0,7.104,2742286.0
2008513,1578182400,1,0,0,7.612,2230244.0
2030825,1578268800,0,1,0,7.688,2008513.0
3203844,1578355200,0,0,0,7.552,2030825.0
3451551,1578441600,0,0,0,9.044,3203844.0
3467895,1578528000,0,0,0,8.068,3451551.0
3434642,1578614400,0,0,0,6.856,3467895.0
2471020,1578700800,1,0,0,4.972,3434642.0
2158102,1578787200,1,0,0,5.988,2471020.0
3507069,1578873600,0,0,0,5.38,2158102.0
3582975,1578960000,0,0,0,6.984,3507069.0
3430711,1579046400,0,0,0,7.024,3582975.0
3428057,1579132800,0,0,0,8.325000000000001,3430711.0
3315270,1579219200,0,0,0,9.591304347826089,3428057.0
2391528,1579305600,1,0,0,8.036,3315270.0
2047111,1579392000,1,0,0,7.516,2391528.0
3517278,1579478400,0,0,0,6.188,2047111.0
3581980,1579564800,0,0,0,6.891666666666667,3517278.0
3580901,1579651200,0,0,0,9.330434782608696,3581980.0
3533117,1579737600,0,0,0,8.804166666666667,3580901.0
3462167,1579824000,0,0,0,8.595833333333333,3533117.0
2369734,1579910400,1,0,0,8.008333333333333,3462167.0
1966873,1579996800,1,0,0,8.945833333333333,2369734.0
3151161,1580083200,0,0,0,7.879166666666666,1966873.0
3414242,1580169600,0,0,0,10.14090909090909,3151161.0
3459676,1580256000,0,0,0,9.34,3414242.0
3451577,1580342400,0,0,0,11.132,3459676.0
3403140,1580428800,0,0,0,12.504,3451577.0
1368022,1580515200,1,0,0,12.728,3403140.0
1204103,1580601600,1,0,0,13.536,1368022.0
1883556,1580688000,0,0,0,15.328,1204103.0
1934601,1580774400,0,0,0,12.832,1883556.0
1981143,1580860800,0,0,0,8.42,1934601.0
2040938,1580947200,0,0,0,8.088,1981143.0
1946369,1581033600,0,0,0,8.096,2040938.0
1406367,1581120000,1,0,0,8.788,1946369.0
1289236,1581206400,1,0,0,9.244,1406367.0
1899175,1581292800,0,0,0,13.012,1289236.0
1950338,1581379200,0,0,0,11.444,1899175.0
2003946,1581465600,0,0,0,9.808,1950338.0
1971092,1581552000,0,0,0,11.812,2003946.0
1984016,1581638400,0,0,0,10.608,1971092.0
1412962,1581724800,1,0,0,11.292,1984016.0
1204713,1581811200,1,0,0,12.044,1412962.0
1868608,1581897600,0,0,0,12.570833333333333,1204713.0
1963298,1581984000,0,0,0,8.983333333333333,1868608.0
2006955,1582070400,0,0,0,8.2,1963298.0
1987849,1582156800,0,0,0,9.248,2006955.0
1930023,1582243200,0,0,0,10.312,1987849.0
1373344,1582329600,1,0,0,10.732,1930023.0
1208373,1582416000,1,0,0,12.556,1373344.0
1847382,1582502400,0,0,0,13.048,1208373.0
1903979,1582588800,0,0,0,10.2875,1847382.0
1896455,1582675200,0,0,0,10.529166666666669,1903979.0
1915752,1582761600,0,0,0,10.744000000000002,1896455.0
1873233,1582848000,0,0,0,10.529166666666669,1915752.0
1326387,1582934400,1,0,0,12.656,1873233.0
1215322,1583020800,1,0,0,13.168,1326387.0
1922303,1583107200,0,0,0,10.224,1215322.0
1968828,1583193600,0,0,0,8.296,1922303.0
1920926,1583280000,0,0,0,10.484000000000002,1968828.0
1917233,1583366400,0,0,0,12.6,1920926.0
1855932,1583452800,0,0,0,8.636000000000001,1917233.0
1341991,1583539200,1,0,0,9.168,1855932.0
1230004,1583625600,1,0,0,10.1625,1341991.0
1903821,1583712000,0,0,0,11.012,1230004.0
1949925,1583798400,0,0,0,10.04,1903821.0
1917192,1583884800,0,0,0,13.204,1949925.0
1897608,1583971200,0,0,0,14.908,1917192.0
1839894,1584057600,0,0,0,13.576,1897608.0
1335727,1584144000,1,0,0,12.275,1839894.0
1159383,1584230400,1,0,2,11.184,1335727.0
1575150,1584316800,0,0,2,10.820833333333333,1159383.0
1492713,1584403200,0,0,2,11.86,1575150.0
1399856,1584489600,0,0,2,11.968,1492713.0
1405800,1584576000,0,0,2,10.844,1399856.0
1408966,1584662400,0,0,2,10.188,1405800.0
1099797,1584748800,1,0,2,10.004,1408966.0
1113528,1584835200,1,0,2,11.272,1099797.0
1348972,1584921600,0,0,2,11.356,1113528.0
1328984,1585008000,0,0,2,9.592,1348972.0
1330919,1585094400,0,0,2,6.896,1328984.0
1308211,1585180800,0,0,2,5.5520000000000005,1330919.0
1308722,1585267200,0,0,2,6.68,1308211.0
1104723,1585353600,1,0,2,11.336,1308722.0
1031258,1585440000,1,0,2,12.04,1104723.0
1258595,1585526400,0,0,2,7.747999999999999,1031258.0
1322209,1585612800,0,0,2,8.68,1258595.0
1204868,1585699200,0,0,2,8.4,1322209.0
1174811,1585785600,0,0,2,9.841666666666669,1204868.0
1194418,1585872000,0,0,2,9.9125,1174811.0
1059616,1585958400,1,0,2,10.979166666666666,1194418.0
1010864,1586044800,1,0,2,10.679166666666667,1059616.0
1177798,1586131200,0,0,2,11.620833333333332,1010864.0
1199939,1586217600,0,0,2,12.2625,1177798.0
1165431,1586304000,0,0,2,13.154166666666669,1199939.0
1129911,1586390400,0,0,2,13.3,1165431.0
1052852,1586476800,0,1,2,13.483333333333334,1129911.0
1081747,1586563200,1,0,2,12.983333333333334,1052852.0
1065108,1586649600,1,0,2,13.020833333333334,1081747.0
1101250,1586736000,0,1,2,10.8,1065108.0
1311472,1586822400,0,0,2,14.041666666666666,1101250.0
1376328,1586908800,0,0,2,13.1125,1311472.0
1360597,1586995200,0,0,2,15.408333333333331,1376328.0
1329492,1587081600,0,0,2,15.520833333333334,1360597.0
1126457,1587168000,1,0,2,15.583333333333334,1329492.0
1046977,1587254400,1,0,2,14.15,1126457.0
1285811,1587340800,0,0,2,14.775,1046977.0
1336741,1587427200,0,0,2,12.5,1285811.0
1334407,1587513600,0,0,2,12.720833333333331,1336741.0
1341635,1587600000,0,0,2,15.045833333333334,1334407.0
1311952,1587686400,0,0,2,15.329166666666666,1341635.0
1109485,1587772800,1,0,2,14.520833333333334,1311952.0
1062793,1587859200,1,0,2,15.2125,1109485.0
1370014,1587945600,0,0,2,14.225,1062793.0
1410587,1588032000,0,0,2,14.482608695652177,1370014.0
1398630,1588118400,0,0,2,14.070833333333333,1410587.0
1330454,1588204800,0,0,2,16.104166666666668,1398630.0
1087080,1588291200,0,1,2,17.966666666666665,1330454.0
1155978,1588377600,1,0,2,18.941666666666663,1087080.0
1186054,1588464000,1,0,2,18.2375,1155978.0
1572782,1588550400,0,0,2,18.979166666666668,1186054.0
1569723,1588636800,0,0,2,19.216666666666665,1572782.0
1581836,1588723200,0,0,2,19.541666666666668,1569723.0
1531428,1588809600,0,0,2,18.90833333333333,1581836.0
1523408,1588896000,0,0,2,18.120833333333334,1531428.0
1173421,1588982400,1,0,2,15.4375,1523408.0
1148067,1589068800,1,0,2,14.745833333333332,1173421.0
1488812,1589155200,0,0,2,16.650000000000002,1148067.0
1462277,1589241600,0,0,2,15.020833333333334,1488812.0
1483605,1589328000,0,0,2,17.065217391304348,1462277.0
1477376,1589414400,0,0,2,13.934782608695652,1483605.0
1429792,1589500800,0,0,2,15.156521739130437,1477376.0
1122181,1589587200,1,0,2,16.556521739130435,1429792.0
1030984,1589673600,1,0,2,16.83478260869565,1122181.0
1445529,1589760000,0,0,2,17.57391304347826,1030984.0
1497342,1589846400,0,0,2,19.613636363636363,1445529.0
1520729,1589932800,0,0,2,20.35,1497342.0
1575176,1590019200,0,0,2,21.730434782608697,1520729.0
1559618,1590105600,0,0,2,22.10869565217392,1575176.0
1183995,1590192000,1,0,2,20.9,1559618.0
1076047,1590278400,1,0,2,19.621739130434783,1183995.0
1509356,1590364800,0,0,2,19.421739130434784,1076047.0
1629393,1590451200,0,0,2,20.145454545454545,1509356.0
1604700,1590537600,0,0,2,19.831818181818186,1629393.0
1552635,1590624000,0,0,2,19.104761904761904,1604700.0
1556994,1590710400,0,0,2,19.47272727272728,1552635.0
1180367,1590796800,1,0,2,18.0,1556994.0
1085553,1590883200,1,0,2,18.42727272727273,1180367.0
1288977,1590969600,0,1,2,18.613043478260867,1085553.0
1545505,1591056000,0,0,2,18.63043478260869,1288977.0
1628192,1591142400,0,0,2,19.895238095238096,1545505.0
1536399,1591228800,0,0,2,15.871428571428572,1628192.0
1498573,1591315200,0,0,2,17.061904761904763,1536399.0
1200048,1591401600,1,0,2,18.728571428571428,1498573.0
1030400,1591488000,1,0,2,16.4,1200048.0
1442616,1591574400,0,0,2,14.676190476190476,1030400.0
1523091,1591660800,0,0,2,15.095,1442616.0
1547328,1591747200,0,0,2,15.856521739130434,1523091.0
1573016,1591833600,0,0,2,16.991304347826087,1547328.0
1592696,1591920000,0,0,2,18.847826086956523,1573016.0
1203851,1592006400,1,0,2,18.643478260869564,1592696.0
1098900,1592092800,1,0,2,18.14782608695652,1203851.0
1578910,1592179200,0,0,2,19.343478260869563,1098900.0
1629708,1592265600,0,0,2,17.117391304347827,1578910.0
1652966,1592352000,0,0,2,17.847826086956523,1629708.0
1598633,1592438400,0,0,2,17.31304347826087,1652966.0
1603333,1592524800,0,0,2,18.64782608695652,1598633.0
1261743,1592611200,1,0,2,19.782608695652176,1603333.0
1167105,1592697600,1,0,2,21.773913043478263,1261743.0
1560974,1592784000,0,0,0,22.35454545454545,1167105.0
1523741,1592870400,0,0,0,22.35909090909091,1560974.0
1260463,1592956800,0,1,0,22.09090909090909,1523741.0
1683636,1593043200,0,0,0,23.38571428571429,1260463.0
1702637,1593129600,0,0,0,23.563636363636363,1683636.0
1422452,1593216000,1,0,0,23.05454545454545,1702637.0
1257897,1593302400,1,0,0,23.895454545454548,1422452.0
1838793,1593388800,0,0,0,23.35909090909091,1257897.0
1904043,1593475200,0,0,0,23.704545454545453,1838793.0
1788681,1593561600,0,0,1,25.071428571428573,1904043.0
1838489,1593648000,0,0,1,23.535,1788681.0
1691983,1593734400,0,0,1,21.085,1838489.0
1267017,1593820800,1,0,1,21.623809523809523,1691983.0
1140586,1593907200,1,0,1,23.28095238095237,1267017.0
1649836,1593993600,0,0,1,24.54285714285714,1140586.0
1702775,1594080000,0,0,1,22.99047619047619,1649836.0
1809112,1594166400,0,0,1,23.305,1702775.0
1825667,1594252800,0,0,1,25.104761904761908,1809112.0
1751703,1594339200,0,0,1,24.609523809523807,1825667.0
1350753,1594425600,1,0,1,23.73333333333333,1751703.0
1153207,1594512000,1,0,1,23.585,1350753.0
1719943,1594598400,0,0,1,23.88095238095238,1153207.0
1791867,1594684800,0,0,1,22.63809523809524,1719943.0
1789628,1594771200,0,0,1,21.78181818181818,1791867.0
1742912,1594857600,0,0,1,21.154545454545453,1789628.0
1706300,1594944000,0,0,1,22.422727272727272,1742912.0
1336168,1595030400,1,0,1,23.40909090909091,1706300.0
1184641,1595116800,1,0,1,23.84090909090909,1336168.0
1742196,1595203200,0,0,1,23.23809523809524,1184641.0
1862141,1595289600,0,0,1,24.1,1742196.0
1820921,1595376000,0,0,1,24.29047619047619,1862141.0
1814495,1595462400,0,0,1,25.563636363636363,1820921.0
1755134,1595548800,0,0,1,24.94545454545454,1814495.0
1341111,1595635200,1,0,1,24.39090909090909,1755134.0
1206668,1595721600,1,0,1,24.85454545454545,1341111.0
1787849,1595808000,0,0,1,25.94545454545454,1206668.0
1855864,1595894400,0,0,1,26.518181818181816,1787849.0
1859286,1595980800,0,0,1,25.922727272727272,1855864.0
1825668,1596067200,0,0,1,26.8904761904762,1859286.0
1784202,1596153600,0,0,1,27.277272727272727,1825668.0
1471260,1596240000,1,0,1,27.40952380952381,1784202.0
1253375,1596326400,1,0,1,25.94545454545454,1471260.0
1713123,1596412800,0,0,1,22.19090909090909,1253375.0
1791142,1596499200,0,0,1,21.93636363636364,1713123.0
1837562,1596585600,0,0,1,23.05,1791142.0
1873582,1596672000,0,0,1,24.75909090909091,1837562.0
1811661,1596758400,0,0,1,25.604761904761908,1873582.0
1411765,1596844800,1,0,1,26.61818181818182,1811661.0
1271562,1596931200,1,0,1,27.24761904761905,1411765.0
1693987,1597017600,0,0,1,25.96190476190477,1271562.0
1697880,1597104000,0,0,1,26.305,1693987.0
1696908,1597190400,0,0,1,25.9,1697880.0
1649060,1597276800,0,0,1,24.91428571428572,1696908.0
1600046,1597363200,0,0,1,24.571428571428573,1649060.0
1235161,1597449600,1,1,1,24.3,1600046.0
1174134,1597536000,1,0,1,23.914285714285715,1235161.0
1629822,1597622400,0,0,1,22.96666666666667,1174134.0
1670129,1597708800,0,0,1,23.666666666666668,1629822.0
1699760,1597795200,0,0,1,24.5,1670129.0
1731410,1597881600,0,0,1,25.363636363636363,1699760.0
1742227,1597968000,0,0,1,26.204545454545453,1731410.0
1395781,1598054400,1,0,1,25.895454545454548,1742227.0
1225391,1598140800,1,0,1,24.21818181818181,1395781.0
1821795,1598227200,0,0,1,23.09090909090909,1225391.0
1883569,1598313600,0,0,1,24.60454545454546,1821795.0
1918452,1598400000,0,0,1,25.781818181818185,1883569.0
1963049,1598486400,0,0,1,25.24090909090909,1918452.0
1893257,1598572800,0,0,1,23.76363636363636,1963049.0
1271505,1598659200,1,0,1,17.47142857142857,1893257.0
1177131,1598745600,1,0,1,17.73333333333333,1271505.0
1665584,1598832000,0,0,1,18.15714285714286,1177131.0
1847171,1598918400,0,0,1,19.30952380952381,1665584.0
1887182,1599004800,0,0,1,20.081818181818186,1847171.0
1935647,1599091200,0,0,1,21.395454545454545,1887182.0
1880659,1599177600,0,0,1,22.495454545454542,1935647.0
1449663,1599264000,1,0,1,22.454545454545453,1880659.0
1298520,1599350400,1,0,1,22.422727272727272,1449663.0
1827809,1599436800,0,0,1,18.219047619047625,1298520.0
1882306,1599523200,0,0,1,18.795454545454547,1827809.0
1813849,1599609600,0,0,1,18.845454545454547,1882306.0
1830877,1599696000,0,0,1,20.37272727272727,1813849.0
1544117,1599782400,0,1,1,22.723809523809525,1830877.0
1403526,1599868800,1,0,1,23.05454545454545,1544117.0
1323880,1599955200,1,0,1,23.73636363636364,1403526.0
1919034,1600041600,0,0,1,22.92727272727273,1323880.0
2048044,1600128000,0,0,1,22.37727272727273,1919034.0
2035544,1600214400,0,0,1,23.217391304347824,2048044.0
2073249,1600300800,0,0,1,23.231818181818184,2035544.0
1963991,1600387200,0,0,1,20.465217391304343,2073249.0
1452367,1600473600,1,0,1,21.61304347826087,1963991.0
1239706,1600560000,1,0,1,20.83478260869565,1452367.0
1770709,1600646400,0,0,1,19.4,1239706.0
1891909,1600732800,0,0,1,19.85217391304348,1770709.0
1855249,1600819200,0,0,1,20.57391304347826,1891909.0
1531040,1600905600,0,1,1,20.717391304347824,1855249.0
1518473,1600992000,0,0,1,15.422727272727274,1531040.0
1265591,1601078400,1,0,1,14.590909090909092,1518473.0
1122992,1601164800,1,0,1,13.577272727272726,1265591.0
1594285,1601251200,0,0,1,16.077272727272728,1122992.0
1699988,1601337600,0,0,1,17.313636363636363,1594285.0
1783124,1601424000,0,0,1,17.539130434782606,1699988.0
1676829,1601510400,0,0,1,19.454545454545453,1783124.0
1595434,1601596800,0,0,1,13.191304347826089,1676829.0
1185993,1601683200,1,0,1,11.986363636363636,1595434.0
1094768,1601769600,1,0,1,13.656521739130437,1185993.0
1528951,1601856000,0,0,1,13.791304347826086,1094768.0
1557525,1601942400,0,0,1,16.152173913043477,1528951.0
1621962,1602028800,0,0,1,18.44782608695652,1557525.0
1647916,1602115200,0,0,1,18.691304347826087,1621962.0
1659102,1602201600,0,0,1,18.89130434782609,1647916.0
1221115,1602288000,1,0,1,16.05909090909091,1659102.0
1075463,1602374400,1,0,1,13.61904761904762,1221115.0
1122738,1602460800,0,1,1,14.090909090909092,1075463.0
1522975,1602547200,0,0,1,14.013636363636364,1122738.0
1625451,1602633600,0,0,1,10.777272727272727,1522975.0
1641703,1602720000,0,0,1,10.709090909090907,1625451.0
1618182,1602806400,0,0,1,10.660869565217393,1641703.0
1208768,1602892800,1,0,1,11.408695652173911,1618182.0
1045397,1602979200,1,0,1,12.43913043478261,1208768.0
1566837,1603065600,0,0,1,13.417391304347827,1045397.0
1625059,1603152000,0,0,1,16.07391304347826,1566837.0
1653357,1603238400,0,0,1,18.691304347826087,1625059.0
1684830,1603324800,0,0,1,16.747826086956522,1653357.0
1624438,1603411200,0,0,1,16.308695652173913,1684830.0
1228802,1603497600,1,0,1,14.11304347826087,1624438.0
1105553,1603584000,1,0,1,15.117391304347825,1228802.0
1614978,1603670400,0,0,1,12.31304347826087,1105553.0
1658642,1603756800,0,0,1,11.247826086956522,1614978.0
1585114,1603843200,0,0,1,13.808695652173911,1658642.0
1556831,1603929600,0,0,1,14.595652173913043,1585114.0
1510015,1604016000,0,0,1,15.565217391304348,1556831.0
1099140,1604102400,1,0,1,15.873913043478264,1510015.0
1066631,1604188800,1,0,1,16.06086956521739,1099140.0
1565454,1604275200,0,0,1,16.717391304347824,1066631.0
1622338,1604361600,0,0,1,14.417391304347827,1565454.0
1612237,1604448000,0,0,1,10.878260869565215,1622338.0
1620835,1604534400,0,0,1,12.604347826086956,1612237.0
1566503,1604620800,0,0,1,15.045833333333334,1620835.0
1193588,1604707200,1,0,1,14.126086956521736,1566503.0
1037771,1604793600,1,0,1,14.152173913043478,1193588.0
1534002,1604880000,0,0,1,13.682608695652174,1037771.0
1537480,1604966400,0,0,1,13.669565217391304,1534002.0
1536624,1605052800,0,0,1,13.104166666666666,1537480.0
1669383,1605139200,0,0,1,12.845833333333331,1536624.0
1634614,1605225600,0,0,1,13.095833333333331,1669383.0
1258982,1605312000,1,0,1,13.23913043478261,1634614.0
1143709,1605398400,1,0,1,14.654166666666669,1258982.0
1607126,1605484800,0,0,1,13.55,1143709.0
1609818,1605571200,0,0,1,12.717391304347826,1607126.0
1612408,1605657600,0,0,1,12.421739130434782,1609818.0
1614093,1605744000,0,0,1,13.121739130434785,1612408.0
1643563,1605830400,0,0,1,9.69090909090909,1614093.0
1278537,1605916800,1,0,1,8.131818181818183,1643563.0
1139510,1606003200,1,0,1,8.391666666666667,1278537.0
1654838,1606089600,0,0,1,9.341666666666669,1139510.0
1636209,1606176000,0,0,1,9.221739130434782,1654838.0
1622682,1606262400,0,0,1,10.854166666666666,1636209.0
1572100,1606348800,0,0,1,11.730434782608697,1622682.0
1542435,1606435200,0,0,1,12.0375,1572100.0
1204728,1606521600,1,0,1,10.478260869565217,1542435.0
1029538,1606608000,1,0,1,12.369565217391305,1204728.0
1538153,1606694400,0,0,1,10.995833333333332,1029538.0
1629893,1606780800,0,0,1,8.404166666666667,1538153.0
1672550,1606867200,0,0,1,7.004347826086956,1629893.0
1671597,1606953600,0,0,1,5.895833333333333,1672550.0
1614431,1607040000,0,0,1,5.747826086956521,1671597.0
1177382,1607126400,1,0,1,4.5625,1614431.0
1060807,1607212800,1,0,1,5.356521739130435,1177382.0
1343518,1607299200,0,0,1,5.895833333333333,1060807.0
1161003,1607385600,0,1,1,5.752173913043479,1343518.0
1662192,1607472000,0,0,1,5.882608695652174,1161003.0
1684625,1607558400,0,0,1,7.5375,1662192.0
1720149,1607644800,0,0,1,8.069565217391304,1684625.0
1213212,1607731200,1,0,1,9.483333333333333,1720149.0
1080404,1607817600,1,0,1,7.7,1213212.0
1656190,1607904000,0,0,1,9.465217391304348,1080404.0
1719230,1607990400,0,0,1,11.5,1656190.0
1629220,1608076800,0,0,1,9.845454545454546,1719230.0
1621254,1608163200,0,0,1,10.509090909090908,1629220.0
1578925,1608249600,0,0,1,11.395652173913044,1621254.0
1148181,1608336000,1,0,1,11.215,1578925.0
1041377,1608422400,1,0,1,10.0,1148181.0
1573516,1608508800,0,0,1,9.336363636363636,1041377.0
1604238,1608595200,0,0,1,10.777272727272727,1573516.0
1480485,1608681600,0,0,1,10.91304347826087,1604238.0
1212636,1608768000,0,0,1,8.027272727272727,1480485.0
923546,1608854400,0,1,1,5.8,1212636.0
973718,1608940800,1,1,1,5.1695652173913045,923546.0
998760,1609027200,1,0,1,3.1090909090909093,973718.0
1284787,1609113600,0,0,1,6.709090909090909,998760.0
1293681,1609200000,0,0,1,6.021739130434782,1284787.0
1309179,1609286400,0,0,1,5.079166666666667,1293681.0
1189859,1609372800,0,0,1,5.747619047619048,1309179.0
1022674,1609459200,0,1,1,4.326086956521739,1189859.0
1087037,1609545600,1,0,1,2.9086956521739133,1022674.0
1083139,1609632000,1,0,1,3.0043478260869563,1087037.0
1502585,1609718400,0,0,1,2.875,1083139.0
1501858,1609804800,0,0,1,2.375,1502585.0
1139538,1609891200,0,1,1,1.6666666666666667,1501858.0
1806375,1609977600,0,0,1,1.9666666666666668,1139538.0
1835928,1610064000,0,0,1,1.472,1806375.0
1298661,1610150400,1,0,1,2.5875,1835928.0
1204310,1610236800,1,0,1,4.154166666666667,1298661.0
1854509,1610323200,0,0,1,2.2,1204310.0
1910942,1610409600,0,0,1,2.265217391304348,1854509.0
1929903,1610496000,0,0,1,4.141666666666667,1910942.0
1895820,1610582400,0,0,1,3.804166666666666,1929903.0
1844164,1610668800,0,0,1,5.492000000000001,1895820.0
1287331,1610755200,1,0,1,5.270833333333333,1844164.0
1185509,1610841600,1,0,1,7.708333333333333,1287331.0
1824325,1610928000,0,0,1,6.313043478260869,1185509.0
1844290,1611014400,0,0,1,6.8,1824325.0
1813100,1611100800,0,0,1,7.340909090909091,1844290.0
1802734,1611187200,0,0,1,8.709090909090909,1813100.0
1737069,1611273600,0,0,1,8.530434782608696,1802734.0
1189238,1611360000,1,0,1,7.756521739130435,1737069.0
1075685,1611446400,1,0,1,9.769565217391303,1189238.0
1678968,1611532800,0,0,1,8.165217391304347,1075685.0
1710595,1611619200,0,0,1,7.326086956521739,1678968.0
1709964,1611705600,0,0,1,9.37391304347826,1710595.0
1678407,1611792000,0,0,1,12.129166666666668,1709964.0
1632696,1611878400,0,0,1,13.670833333333334,1678407.0
1167569,1611964800,1,0,1,11.0,1632696.0
1068983,1612051200,1,0,1,10.4625,1167569.0
1672150,1612137600,0,0,1,12.61304347826087,1068983.0
1742750,1612224000,0,0,1,12.045833333333334,1672150.0
1710015,1612310400,0,0,1,12.708695652173914,1742750.0
1740322,1612396800,0,0,1,11.617391304347825,1710015.0
1698519,1612483200,0,0,1,12.004347826086958,1740322.0
1289204,1612569600,1,0,1,11.921739130434782,1698519.0
1171074,1612656000,1,0,1,7.378260869565217,1289204.0
1739776,1612742400,0,0,1,7.28695652173913,1171074.0
1773662,1612828800,0,0,1,7.621739130434783,1739776.0
1784050,1612915200,0,0,1,8.782608695652174,1773662.0
1760184,1613001600,0,0,1,8.817391304347826,1784050.0
1709483,1613088000,0,0,1,10.352173913043478,1760184.0
1238372,1613174400,1,0,1,10.12608695652174,1709483.0
1171806,1613260800,1,0,1,6.843478260869565,1238372.0
1737694,1613347200,0,0,1,6.313043478260869,1171806.0
1805610,1613433600,0,0,1,10.48695652173913,1737694.0
1822466,1613520000,0,0,1,11.008695652173913,1805610.0
1755820,1613606400,0,0,1,10.656521739130437,1822466.0
1796195,1613692800,0,0,1,10.695652173913045,1755820.0
1287711,1613779200,1,0,1,9.9,1796195.0
1182388,1613865600,1,0,1,9.48,1287711.0
1817657,1613952000,0,0,1,11.232,1182388.0
1844380,1614038400,0,0,1,12.848,1817657.0
1825978,1614124800,0,0,1,11.748,1844380.0
1818148,1614211200,0,0,1,11.0625,1825978.0
1759981,1614297600,0,0,1,10.296,1818148.0
1323745,1614384000,1,0,1,9.58,1759981.0
1141358,1614470400,1,0,1,10.412,1323745.0
1681505,1614556800,0,0,1,10.328,1141358.0
1759882,1614643200,0,0,1,10.592,1681505.0
1738418,1614729600,0,0,1,11.048,1759882.0
1748709,1614816000,0,0,1,10.508,1738418.0
1697385,1614902400,0,0,1,10.504,1748709.0
1252241,1614988800,1,0,1,10.376,1697385.0
1155165,1615075200,1,0,1,10.3,1252241.0
1739783,1615161600,0,0,1,9.704,1155165.0
1779185,1615248000,0,0,1,9.283333333333331,1739783.0
1832032,1615334400,0,0,1,8.916,1779185.0
1788520,1615420800,0,0,1,11.183333333333332,1832032.0
1724144,1615507200,0,0,1,9.92,1788520.0
1246446,1615593600,1,0,1,10.08,1724144.0
1131228,1615680000,1,0,1,9.792,1246446.0
1686703,1615766400,0,0,1,9.752,1131228.0
1771980,1615852800,0,0,1,10.425,1686703.0
1730381,1615939200,0,0,1,11.376,1771980.0
1767286,1616025600,0,0,1,9.02,1730381.0
1787609,1616112000,0,0,1,6.34,1767286.0
1336342,1616198400,1,0,1,7.324,1787609.0
1203514,1616284800,1,0,1,7.888,1336342.0
1703907,1616371200,0,0,1,10.176,1203514.0
1775352,1616457600,0,0,1,10.284,1703907.0
1785148,1616544000,0,0,1,11.641666666666666,1775352.0
1784402,1616630400,0,0,1,11.904166666666669,1785148.0
1738652,1616716800,0,0,1,12.252,1784402.0
1269217,1616803200,1,0,1,12.364,1738652.0
1086212,1616889600,1,0,1,12.533333333333331,1269217.0
1571899,1616976000,0,0,1,12.625,1086212.0
1623020,1617062400,0,0,1,13.316,1571899.0
1558785,1617148800,0,0,1,12.68,1623020.0
1513483,1617235200,0,0,1,12.904000000000002,1558785.0
1297155,1617321600,0,1,1,14.772,1513483.0
1267163,1617408000,1,0,1,15.45,1297155.0
1282761,1617494400,1,0,1,13.079166666666666,1267163.0
1314775,1617580800,0,1,1,13.125,1282761.0
1799344,1617667200,0,0,1,11.283333333333331,1314775.0
1870954,1617753600,0,0,1,8.8125,1799344.0
1881734,1617840000,0,0,1,9.925,1870954.0
1872767,1617926400,0,0,1,8.887500000000001,1881734.0
1458997,1618012800,1,0,1,9.645833333333334,1872767.0
1344554,1618099200,1,0,1,11.3125,1458997.0
1881821,1618185600,0,0,1,10.25,1344554.0
1902158,1618272000,0,0,1,9.858333333333333,1881821.0
1900022,1618358400,0,0,1,11.2125,1902158.0
1888104,1618444800,0,0,1,11.483333333333334,1900022.0
1870563,1618531200,0,0,1,8.375,1888104.0
1428231,1618617600,1,0,1,8.191304347826087,1870563.0
1277694,1618704000,1,0,1,9.483333333333333,1428231.0
1810016,1618790400,0,0,1,10.941666666666668,1277694.0
1881040,1618876800,0,0,1,10.817391304347826,1810016.0
1864401,1618963200,0,0,1,10.333333333333334,1881040.0
1868596,1619049600,0,0,1,10.8625,1864401.0
1853078,1619136000,0,0,1,12.713043478260868,1868596.0
1406338,1619222400,1,0,1,12.5875,1853078.0
1333882,1619308800,1,0,1,14.55,1406338.0
1852536,1619395200,0,0,1,13.358333333333334,1333882.0
1910394,1619481600,0,0,1,12.766666666666666,1852536.0
1856758,1619568000,0,0,1,13.5875,1910394.0
1854825,1619654400,0,0,1,14.720833333333331,1856758.0
1837259,1619740800,0,0,1,14.725,1854825.0
1263841,1619827200,1,1,1,12.6,1837259.0
1231953,1619913600,1,0,1,11.1125,1263841.0
1837153,1620000000,0,0,1,12.020833333333334,1231953.0
1770032,1620086400,0,0,1,13.383333333333333,1837153.0
1842502,1620172800,0,0,1,15.895833333333334,1770032.0
1869319,1620259200,0,0,1,16.395833333333332,1842502.0
1893914,1620345600,0,0,1,16.833333333333332,1869319.0
1469960,1620432000,1,0,1,17.920833333333334,1893914.0
1285939,1620518400,1,0,1,16.9,1469960.0
1832079,1620604800,0,0,1,16.330434782608698,1285939.0
1902050,1620691200,0,0,1,13.995833333333332,1832079.0
1897491,1620777600,0,0,1,14.241666666666667,1902050.0
1908457,1620864000,0,0,1,15.130434782608695,1897491.0
1903356,1620950400,0,0,1,15.108333333333334,1908457.0
1480184,1621036800,1,0,1,16.391304347826086,1903356.0
1350418,1621123200,1,0,1,19.317391304347822,1480184.0
1849011,1621209600,0,0,1,16.01304347826087,1350418.0
1841238,1621296000,0,0,1,15.991304347826087,1849011.0
1837284,1621382400,0,0,1,16.079166666666666,1841238.0
1819480,1621468800,0,0,1,16.0125,1837284.0
1722855,1621555200,0,0,1,16.6125,1819480.0
1296822,1621641600,1,0,1,15.95,1722855.0
1145836,1621728000,1,0,1,14.333333333333334,1296822.0
1282439,1621814400,0,1,1,17.079166666666666,1145836.0
1670439,1621900800,0,0,1,14.995833333333332,1282439.0
1720446,1621987200,0,0,1,15.854166666666666,1670439.0
1734983,1622073600,0,0,1,18.10833333333333,1720446.0
1842470,1622160000,0,0,1,19.445833333333333,1734983.0
1440752,1622246400,1,0,1,20.575,1842470.0
1348727,1622332800,1,0,1,20.54583333333333,1440752.0
1892620,1622419200,0,0,1,19.2,1348727.0
1918633,1622505600,0,0,1,19.129166666666663,1892620.0
1916018,1622592000,0,0,1,18.820833333333333,1918633.0
2001066,1622678400,0,0,1,19.825,1916018.0
1900003,1622764800,0,0,1,19.808333333333334,2001066.0
1311954,1622851200,1,0,1,19.33333333333333,1900003.0
1136649,1622937600,1,0,1,19.92083333333333,1311954.0
1886243,1623024000,0,0,1,19.441666666666663,1136649.0
2002732,1623110400,0,0,1,20.616666666666667,1886243.0
2039652,1623196800,0,0,1,21.6625,2002732.0
2071015,1623283200,0,0,1,22.175,2039652.0
2067456,1623369600,0,0,1,22.8625,2071015.0
1514881,1623456000,1,0,1,23.504166666666663,2067456.0
1288510,1623542400,1,0,1,25.195833333333336,1514881.0
2089302,1623628800,0,0,1,25.79583333333333,1288510.0
2232546,1623715200,0,0,1,25.404347826086955,2089302.0
2231031,1623801600,0,0,1,25.230434782608693,2232546.0
2200937,1623888000,0,0,1,21.54583333333333,2231031.0
2100462,1623974400,0,0,1,22.6375,2200937.0
1505588,1624060800,1,0,1,23.1,2100462.0
1256447,1624147200,1,0,1,22.10833333333333,1505588.0
2009704,1624233600,0,0,1,22.08333333333333,1256447.0
2069963,1624320000,0,0,1,20.717391304347824,2009704.0
1724100,1624406400,0,0,1,18.916666666666668,2069963.0
1251069,1624492800,0,1,1,19.17391304347826,1724100.0
1460353,1624579200,0,0,1,20.570833333333333,1251069.0
1280412,1624665600,1,0,1,21.929166666666664,1460353.0
1195612,1624752000,1,0,1,22.55,1280412.0
1816925,1624838400,0,0,1,22.254166666666663,1195612.0
1899763,1624924800,0,0,1,21.51304347826087,1816925.0
1929499,1625011200,0,0,1,21.725,1899763.0
2076759,1625097600,0,0,1,23.221739130434784,1929499.0
2015446,1625184000,0,0,1,23.56086956521739,2076759.0
1383238,1625270400,1,0,1,24.15217391304348,2015446.0
1262739,1625356800,1,0,1,23.691304347826087,1383238.0
2043368,1625443200,0,0,1,23.645454545454548,1262739.0
2096289,1625529600,0,0,1,24.578260869565216,2043368.0
1934276,1625616000,0,0,1,22.48260869565217,2096289.0
1947814,1625702400,0,0,1,21.878260869565217,1934276.0
1915118,1625788800,0,0,1,22.50434782608696,1947814.0
1368300,1625875200,1,0,1,23.76521739130435,1915118.0
1227514,1625961600,1,0,1,23.93478260869565,1368300.0
2021578,1626048000,0,0,1,23.52173913043478,1227514.0
1926931,1626134400,0,0,1,19.643478260869564,2021578.0
2014061,1626220800,0,0,1,20.1,1926931.0
2124510,1626307200,0,0,1,21.81304347826087,2014061.0
1922370,1626393600,0,0,1,22.39130434782609,2124510.0
1259429,1626480000,1,0,1,23.247826086956525,1922370.0
1121945,1626566400,1,0,1,23.89565217391305,1259429.0
1799020,1626652800,0,0,1,25.595652173913045,1121945.0
1916834,1626739200,0,0,1,25.63043478260869,1799020.0
1961818,1626825600,0,0,1,26.169565217391305,1916834.0
2050371,1626912000,0,0,1,26.76086956521739,1961818.0
1994276,1626998400,0,0,1,26.404347826086955,2050371.0
1420708,1627084800,1,0,1,25.691304347826087,1994276.0
1177953,1627171200,1,0,1,24.00434782608696,1420708.0
1790856,1627257600,0,0,1,22.76086956521739,1177953.0
1873722,1627344000,0,0,1,23.53478260869565,1790856.0
1900906,1627430400,0,0,1,23.8,1873722.0
1893778,1627516800,0,0,1,23.98695652173913,1900906.0
1871389,1627603200,0,0,1,25.095652173913045,1893778.0
1217015,1627689600,1,0,1,21.47391304347826,1871389.0
1178264,1627776000,1,0,1,19.45217391304348,1217015.0
1580688,1627862400,0,0,1,20.97083333333333,1178264.0
1662395,1627948800,0,0,1,22.2125,1580688.0
1602470,1628035200,0,0,1,22.995833333333334,1662395.0
1644415,1628121600,0,0,1,23.165217391304346,1602470.0
1619079,1628208000,0,0,1,23.48260869565217,1644415.0
1276258,1628294400,1,0,1,25.266666666666666,1619079.0
1098150,1628380800,1,0,1,21.98333333333333,1276258.0
1400294,1628467200,0,0,1,22.1375,1098150.0
1479145,1628553600,0,0,1,23.741666666666664,1400294.0
1553403,1628640000,0,0,1,26.21666666666667,1479145.0
1579753,1628726400,0,0,1,29.09130434782609,1553403.0
1587044,1628812800,0,0,1,28.058333333333334,1579753.0
1345046,1628899200,1,0,1,28.541666666666668,1587044.0
1243946,1628985600,1,0,1,27.77916666666667,1345046.0
1595677,1629072000,0,0,1,25.866666666666664,1243946.0
1533687,1629158400,0,0,1,22.9875,1595677.0
1567640,1629244800,0,0,1,22.704166666666666,1533687.0
1417552,1629331200,0,0,1,21.75,1567640.0
1404018,1629417600,0,0,1,22.90416666666667,1417552.0
1261560,1629504000,1,0,1,25.017391304347825,1404018.0
1216494,1629590400,1,0,1,24.40416666666667,1261560.0
1781028,1629676800,0,0,1,23.3875,1216494.0
1876673,1629763200,0,0,1,22.6375,1781028.0
1893790,1629849600,0,0,1,22.03333333333333,1876673.0
1826317,1629936000,0,0,1,22.816666666666663,1893790.0
1830609,1630022400,0,0,1,25.5625,1826317.0
1299314,1630108800,1,0,1,23.104166666666668,1830609.0
1180993,1630195200,1,0,1,22.09130434782609,1299314.0
1715705,1630281600,0,0,1,20.52608695652174,1180993.0
1857716,1630368000,0,0,1,21.991304347826087,1715705.0
1897518,1630454400,0,0,1,20.808333333333334,1857716.0
1914257,1630540800,0,0,1,21.34166666666667,1897518.0
1842196,1630627200,0,0,1,22.329166666666666,1914257.0
1177886,1630713600,1,0,1,21.89583333333333,1842196.0
1078684,1630800000,1,0,1,24.079166666666666,1177886.0
1800617,1630886400,0,0,1,24.60833333333333,1078684.0
1894979,1630972800,0,0,1,23.40416666666667,1800617.0
2043538,1631059200,0,0,1,23.6375,1894979.0
2083588,1631145600,0,0,1,23.53478260869565,2043538.0
1912024,1631232000,0,0,1,21.95652173913044,2083588.0
1170230,1631318400,1,1,1,21.056521739130435,1912024.0
1139201,1631404800,1,0,1,22.46521739130435,1170230.0
1845530,1631491200,0,0,1,23.18260869565217,1139201.0
1948270,1631577600,0,0,1,24.53478260869565,1845530.0
2046589,1631664000,0,0,1,24.35652173913044,1948270.0
1885866,1631750400,0,0,1,21.09583333333333,2046589.0
1803194,1631836800,0,0,1,21.0875,1885866.0
1200170,1631923200,1,0,1,19.879166666666663,1803194.0
1083710,1632009600,1,0,1,18.27083333333333,1200170.0
1500373,1632096000,0,0,1,17.941666666666666,1083710.0
1626266,1632182400,0,0,1,16.379166666666666,1500373.0
1634161,1632268800,0,0,1,18.6,1626266.0
1614092,1632355200,0,0,1,18.64583333333333,1634161.0
1286198,1632441600,0,1,1,19.25,1614092.0
1142314,1632528000,1,0,1,22.34583333333333,1286198.0
1043543,1632614400,1,0,1,21.554166666666664,1142314.0
1658520,1632700800,0,0,1,21.258333333333333,1043543.0
1774126,1632787200,0,0,1,20.0375,1658520.0
1849045,1632873600,0,0,1,19.591666666666665,1774126.0
1797793,1632960000,0,0,1,18.825,1849045.0
1750039,1633046400,0,0,0,18.370833333333334,1797793.0
1205288,1633132800,1,0,0,19.288,1750039.0
1117111,1633219200,1,0,0,19.332,1205288.0
1544932,1633305600,0,0,0,13.74,1117111.0
1620842,1633392000,0,0,0,15.74,1544932.0
1693331,1633478400,0,0,0,16.788,1620842.0
1749295,1633564800,0,0,0,16.276,1693331.0
1711085,1633651200,0,0,0,16.108,1749295.0
1262304,1633737600,1,0,0,16.264,1711085.0
1095211,1633824000,1,0,0,15.948,1262304.0
1396713,1633910400,0,0,0,15.88,1095211.0
1154810,1633996800,0,1,0,15.728,1396713.0
1572438,1634083200,0,0,0,15.792,1154810.0
1623603,1634169600,0,0,0,15.436,1572438.0
1656267,1634256000,0,0,0,16.808,1623603.0
1182978,1634342400,1,0,0,16.636,1656267.0
1139404,1634428800,1,0,0,15.916,1182978.0
1697856,1634515200,0,0,0,17.676,1139404.0
1862528,1634601600,0,0,0,18.12,1697856.0
1884109,1634688000,0,0,0,17.576,1862528.0
1833148,1634774400,0,0,0,16.072,1884109.0
1669383,1634860800,0,0,0,14.896,1833148.0
1212411,1634947200,1,0,0,13.476,1669383.0
1166465,1635033600,1,0,0,14.116,1212411.0
1761069,1635120000,0,0,0,14.612,1166465.0
1839103,1635206400,0,0,0,14.788,1761069.0
1754729,1635292800,0,0,0,14.048,1839103.0
1680582,1635379200,0,0,0,13.844,1754729.0
1575234,1635465600,0,0,0,14.956,1680582.0
1133880,1635552000,1,0,0,16.066666666666666,1575234.0
990211,1635638400,1,0,0,17.924,1133880.0
1097895,1635724800,0,1,0,15.088,990211.0
1643622,1635811200,0,0,0,11.720833333333331,1097895.0
1756536,1635897600,0,0,0,10.132,1643622.0
1792857,1635984000,0,0,0,9.204,1756536.0
1710424,1636070400,0,0,0,8.927999999999999,1792857.0
1239126,1636156800,1,0,0,9.54,1710424.0
1151347,1636243200,1,0,0,9.352,1239126.0
1708494,1636329600,0,0,0,11.628,1151347.0
1801665,1636416000,0,0,0,10.608333333333333,1708494.0
1811030,1636502400,0,0,0,11.716666666666669,1801665.0
1811613,1636588800,0,0,0,13.208,1811030.0
1679983,1636675200,0,0,0,13.5,1811613.0
1198056,1636761600,1,0,0,13.664,1679983.0
1179989,1636848000,1,0,0,10.656,1198056.0
1736646,1636934400,0,0,0,9.98,1179989.0
1798928,1637020800,0,0,0,9.012,1736646.0
1760458,1637107200,0,0,0,8.876,1798928.0
1794934,1637193600,0,0,0,9.208,1760458.0
1750993,1637280000,0,0,0,9.956,1794934.0
1255721,1637366400,1,0,0,9.46,1750993.0
1155904,1637452800,1,0,0,11.504166666666668,1255721.0
1766182,1637539200,0,0,0,9.675,1155904.0
1817409,1637625600,0,0,0,9.770833333333334,1766182.0
1851265,1637712000,0,0,0,8.416666666666666,1817409.0
1814905,1637798400,0,0,0,8.15,1851265.0
1721131,1637884800,0,0,0,7.065217391304348,1814905.0
1279628,1637971200,1,0,0,6.108695652173913,1721131.0
1190908,1638057600,1,0,0,4.833333333333333,1279628.0
1874263,1638144000,0,0,0,5.916666666666667,1190908.0
1840954,1638230400,0,0,0,7.345833333333334,1874263.0
1888477,1638316800,0,0,0,6.964,1840954.0
1828600,1638403200,0,0,0,7.38,1888477.0
1775239,1638489600,0,0,0,6.06,1828600.0
1194177,1638576000,1,0,0,8.641666666666667,1775239.0
1071252,1638662400,1,0,0,6.241666666666667,1194177.0
1136348,1638748800,0,1,0,6.608333333333333,1071252.0
1362766,1638835200,0,0,0,8.273913043478261,1136348.0
1221616,1638921600,0,1,0,7.803999999999999,1362766.0
1770082,1639008000,0,0,0,5.452000000000001,1221616.0
1668834,1639094400,0,0,0,9.436,1770082.0
1191776,1639180800,1,0,0,7.816,1668834.0
1142249,1639267200,1,0,0,9.34,1191776.0
1782814,1639353600,0,0,0,9.204,1142249.0
1844587,1639440000,0,0,0,9.476,1782814.0
1792716,1639526400,0,0,0,9.844,1844587.0
1740124,1639612800,0,0,0,8.852,1792716.0
1655447,1639699200,0,0,0,7.84,1740124.0
1148974,1639785600,1,0,0,8.107999999999999,1655447.0
1085208,1639872000,1,0,0,6.876,1148974.0
1604234,1639958400,0,0,0,6.688,1085208.0
1628510,1640044800,0,0,0,6.803999999999999,1604234.0
1579412,1640131200,0,0,0,7.688,1628510.0
1422943,1640217600,0,0,0,9.612,1579412.0
1210590,1640304000,0,0,0,10.864,1422943.0
977286,1640390400,1,1,0,11.372,1210590.0
975124,1640476800,1,0,0,10.08,977286.0
1219248,1640563200,0,0,0,12.545833333333334,975124.0
1210869,1640649600,0,0,0,12.664,1219248.0
1205915,1640736000,0,0,0,12.712,1210869.0
1209276,1640822400,0,0,0,12.876,1205915.0
1099839,1640908800,0,0,0,12.4875,1209276.0
964700,1640995200,1,1,0,12.554166666666667,1099839.0
1019860,1641081600,1,0,0,11.170833333333334,964700.0
1393808,1641168000,0,0,0,10.7,1019860.0
1371396,1641254400,0,0,0,12.795652173913044,1393808.0
1354421,1641340800,0,0,0,6.625,1371396.0
1086147,1641427200,0,1,0,3.829166666666667,1354421.0
1275267,1641513600,0,0,0,4.945833333333334,1086147.0
1088513,1641600000,1,0,0,6.175,1275267.0
1029192,1641686400,1,0,0,8.533333333333333,1088513.0
1590095,1641772800,0,0,0,7.191666666666666,1029192.0
1659874,1641859200,0,0,0,8.0,1590095.0
1699925,1641945600,0,0,0,6.2,1659874.0
1760046,1642032000,0,0,0,6.040909090909091,1699925.0
1694824,1642118400,0,0,0,5.927272727272728,1760046.0
1167344,1642204800,1,0,0,5.5181818181818185,1694824.0
1089329,1642291200,1,0,0,5.709090909090909,1167344.0
1663318,1642377600,0,0,0,6.308695652173912,1089329.0
1840281,1642464000,0,0,0,5.878260869565217,1663318.0
1792955,1642550400,0,0,0,5.617391304347826,1840281.0
1810953,1642636800,0,0,0,6.117391304347826,1792955.0
1860633,1642723200,0,0,0,3.717391304347826,1810953.0
1401972,1642809600,1,0,0,3.726086956521739,1860633.0
1345981,1642896000,1,0,0,5.2043478260869565,1401972.0
1912632,1642982400,0,0,0,5.904347826086957,1345981.0
1954111,1643068800,0,0,0,6.843478260869565,1912632.0
1927140,1643155200,0,0,0,7.71304347826087,1954111.0
1882838,1643241600,0,0,0,8.304347826086957,1927140.0
1758912,1643328000,0,0,0,8.569565217391304,1882838.0
1280411,1643414400,1,0,0,9.42608695652174,1758912.0
1077682,1643500800,1,0,0,9.678260869565218,1280411.0
1593183,1643587200,0,0,0,8.160869565217391,1077682.0
1585009,1643673600,0,0,0,8.208333333333334,1593183.0
1688877,1643760000,0,0,0,10.575,1585009.0
1730885,1643846400,0,0,0,11.279166666666669,1688877.0
1624729,1643932800,0,0,0,9.504166666666666,1730885.0
1253510,1644019200,1,0,0,9.070833333333333,1624729.0
1141614,1644105600,1,0,0,7.745833333333334,1253510.0
1652873,1644192000,0,0,0,8.4,1141614.0
1699263,1644278400,0,0,0,9.183333333333334,1652873.0
1728650,1644364800,0,0,0,9.795833333333333,1699263.0
1761603,1644451200,0,0,0,8.543478260869565,1728650.0
1763702,1644537600,0,0,0,9.458333333333334,1761603.0
1308257,1644624000,1,0,0,8.583333333333334,1763702.0
1150116,1644710400,1,0,0,9.891666666666667,1308257.0
1682676,1644796800,0,0,0,9.708333333333334,1150116.0
1678829,1644883200,0,0,0,8.536363636363637,1682676.0
1641691,1644969600,0,0,0,9.454166666666667,1678829.0
1598843,1645056000,0,0,0,12.220833333333331,1641691.0
1619349,1645142400,0,0,0,13.2,1598843.0
1317007,1645228800,1,0,0,8.058333333333334,1619349.0
1213281,1645315200,1,0,0,8.7875,1317007.0
1603235,1645401600,0,0,0,10.752173913043478,1213281.0
1631726,1645488000,0,0,0,9.856521739130434,1603235.0
1643914,1645574400,0,0,0,9.970833333333331,1631726.0
1648750,1645660800,0,0,0,11.339130434782607,1643914.0
1583333,1645747200,0,0,0,9.5,1648750.0
1326189,1645833600,1,0,0,8.433333333333334,1583333.0
1275228,1645920000,1,0,0,8.933333333333334,1326189.0
1678693,1646006400,0,0,0,9.070833333333333,1275228.0
1645091,1646092800,0,0,0,9.604347826086956,1678693.0
1630240,1646179200,0,0,0,9.1625,1645091.0
1538566,1646265600,0,0,0,10.258333333333333,1630240.0
1481645,1646352000,0,0,0,10.241666666666667,1538566.0
1175781,1646438400,1,0,0,9.720833333333331,1481645.0
1102169,1646524800,1,0,0,7.691666666666666,1175781.0
1588402,1646611200,0,0,0,8.321739130434782,1102169.0
1620613,1646697600,0,0,0,6.730434782608696,1588402.0
1569209,1646784000,0,0,0,9.1375,1620613.0
1585519,1646870400,0,0,0,9.339130434782607,1569209.0
1528977,1646956800,0,0,0,9.2375,1585519.0
1267287,1647043200,1,0,0,8.85,1528977.0
1170400,1647129600,1,0,0,9.920833333333333,1267287.0
1619526,1647216000,0,0,0,9.845833333333331,1170400.0
1575997,1647302400,0,0,0,12.008333333333333,1619526.0
1560033,1647388800,0,0,0,12.0625,1575997.0
1533415,1647475200,0,0,0,12.225,1560033.0
1470892,1647561600,0,0,0,11.375,1533415.0
1235657,1647648000,1,0,0,9.2875,1470892.0
1142430,1647734400,1,0,0,10.2125,1235657.0
1475848,1647820800,0,0,0,9.716666666666669,1142430.0
1505544,1647907200,0,0,0,8.429166666666667,1475848.0
1521988,1647993600,0,0,0,8.012500000000001,1505544.0
1572387,1648080000,0,0,0,8.229166666666666,1521988.0
1566164,1648166400,0,0,0,11.804166666666667,1572387.0
1347564,1648252800,1,0,0,9.729166666666666,1566164.0
1602530,1648339200,1,0,0,13.113636363636363,1347564.0
1680243,1648425600,0,0,0,12.482608695652177,1602530.0
1631849,1648512000,0,0,0,11.2125,1680243.0
1601381,1648598400,0,0,0,10.97391304347826,1631849.0
1609194,1648684800,0,0,0,10.075,1601381.0
1649258,1648771200,0,0,0,6.941666666666666,1609194.0
1302316,1648857600,1,0,0,6.775,1649258.0
1193073,1648944000,1,0,0,4.621739130434783,1302316.0
1743088,1649030400,0,0,0,6.21304347826087,1193073.0
1776068,1649116800,0,0,0,8.57391304347826,1743088.0
1827930,1649203200,0,0,0,11.095454545454546,1776068.0
1671256,1649289600,0,0,0,13.427272727272726,1827930.0
1610759,1649376000,0,0,0,15.04090909090909,1671256.0
1262257,1649462400,1,0,0,13.025,1610759.0
1189168,1649548800,1,0,0,11.633333333333333,1262257.0
1561626,1649635200,0,0,0,12.179166666666667,1189168.0
1659232,1649721600,0,0,0,12.620833333333332,1561626.0
1616059,1649808000,0,0,0,11.766666666666666,1659232.0
1357324,1649894400,0,0,0,15.5625,1616059.0
1135160,1649980800,0,1,0,17.8,1357324.0
1119087,1650067200,1,0,0,18.4125,1135160.0
1143538,1650153600,1,0,0,16.216666666666665,1119087.0
1214473,1650240000,0,1,0,14.325,1143538.0
1508926,1650326400,0,0,0,13.016666666666666,1214473.0
1601534,1650412800,0,0,0,11.643478260869566,1508926.0
1801562,1650499200,0,0,0,10.160869565217393,1601534.0
1727915,1650585600,0,0,0,12.866666666666667,1801562.0
1341652,1650672000,1,0,0,10.879166666666668,1727915.0
1197198,1650758400,1,0,0,14.1875,1341652.0
1639411,1650844800,0,0,0,13.766666666666666,1197198.0
1713572,1650931200,0,0,0,14.620833333333332,1639411.0
1693962,1651017600,0,0,0,14.995454545454544,1713572.0
1719805,1651104000,0,0,0,15.9,1693962.0
1666673,1651190400,0,0,0,16.870833333333334,1719805.0
1267431,1651276800,1,0,0,16.341666666666665,1666673.0
1171339,1651363200,1,0,0,15.775,1267431.0
1596380,1651449600,0,0,0,15.108333333333334,1171339.0
1696205,1651536000,0,0,0,13.76086956521739,1596380.0
1743058,1651622400,0,0,0,14.204347826086956,1696205.0
1738352,1651708800,0,0,0,15.156521739130431,1743058.0
1692904,1651795200,0,0,0,15.941666666666668,1738352.0
1344423,1651881600,1,0,0,16.5,1692904.0
1211434,1651968000,1,0,0,16.599999999999998,1344423.0
1673726,1652054400,0,0,0,17.091666666666665,1211434.0
1733972,1652140800,0,0,0,17.904166666666665,1673726.0
1731103,1652227200,0,0,0,17.991666666666667,1733972.0
1725059,1652313600,0,0,0,17.754166666666666,1731103.0
1736262,1652400000,0,0,0,17.545833333333334,1725059.0
1368693,1652486400,1,0,0,19.725,1736262.0
1243751,1652572800,1,0,0,20.27083333333333,1368693.0
1723369,1652659200,0,0,0,21.016666666666666,1243751.0
1790635,1652745600,0,0,0,21.070833333333333,1723369.0
1821274,1652832000,0,0,0,22.975,1790635.0
1910251,1652918400,0,0,0,21.8,1821274.0
1863495,1653004800,0,0,0,22.354166666666668,1910251.0
1413607,1653091200,1,0,0,23.83333333333333,1863495.0
1375527,1653177600,1,0,0,25.14583333333333,1413607.0
1897051,1653264000,0,0,0,21.7125,1375527.0
1946013,1653350400,0,0,0,15.383333333333333,1897051.0
1825170,1653436800,0,0,0,15.356521739130434,1946013.0
1836573,1653523200,0,0,0,18.9375,1825170.0
1766363,1653609600,0,0,0,20.745833333333334,1836573.0
1382698,1653696000,1,0,0,22.679166666666664,1766363.0
1258989,1653782400,1,0,0,20.054166666666667,1382698.0
1827474,1653868800,0,0,0,19.816666666666663,1258989.0
1888596,1653955200,0,0,0,20.316666666666663,1827474.0
1898571,1654041600,0,0,0,21.577272727272728,1888596.0
1968707,1654128000,0,0,0,21.40434782608696,1898571.0
1987296,1654214400,0,0,0,23.33043478260869,1968707.0
1551677,1654300800,1,0,0,23.20434782608696,1987296.0
1370818,1654387200,1,0,0,22.1,1551677.0
1454205,1654473600,0,1,0,21.995652173913044,1370818.0
1944378,1654560000,0,0,0,21.95652173913044,1454205.0
1969437,1654646400,0,0,0,22.2,1944378.0
2013367,1654732800,0,0,0,20.617391304347827,1969437.0
2003132,1654819200,0,0,0,21.930434782608696,2013367.0
1513477,1654905600,1,0,0,24.13478260869565,2003132.0
1389046,1654992000,1,0,0,25.73478260869565,1513477.0
1972867,1655078400,0,0,0,25.536363636363635,1389046.0
1889753,1655164800,0,0,0,25.082608695652173,1972867.0
2026994,1655251200,0,0,0,27.95652173913044,1889753.0
2098086,1655337600,0,0,0,27.59130434782609,2026994.0
2106425,1655424000,0,0,0,28.6608695652174,2098086.0
1538753,1655510400,1,0,0,27.05217391304348,2106425.0
1316609,1655596800,1,0,0,24.547826086956523,1538753.0
1965637,1655683200,0,0,0,23.904347826086955,1316609.0
2102806,1655769600,0,0,0,25.02380952380953,1965637.0
2033076,1655856000,0,0,0,22.35,2102806.0
1762994,1655942400,0,0,0,23.02,2033076.0
1264712,1656028800,0,1,0,22.917391304347827,1762994.0
1281187,1656115200,1,0,0,22.282608695652176,1264712.0
1255997,1656201600,1,0,0,22.83043478260869,1281187.0
1947189,1656288000,0,0,0,22.37826086956522,1255997.0
1863045,1656374400,0,0,0,22.44782608695652,1947189.0
1904500,1656460800,0,0,0,22.39130434782609,1863045.0
1931797,1656547200,0,0,0,22.9,1904500.0
1979768,1656633600,0,0,0,21.98260869565217,1931797.0
1390459,1656720000,1,0,0,22.73478260869565,1979768.0
1342895,1656806400,1,0,0,25.44782608695652,1390459.0
2002705,1656892800,0,0,0,26.02173913043478,1342895.0
2101879,1656979200,0,0,0,25.53478260869565,2002705.0
2068201,1657065600,0,0,0,23.38695652173913,2101879.0
2039181,1657152000,0,0,0,23.87826086956522,2068201.0
1973613,1657238400,0,0,0,24.417391304347827,2039181.0
1440969,1657324800,1,0,0,24.843478260869563,1973613.0
1310848,1657411200,1,0,0,25.821739130434786,1440969.0
1966760,1657497600,0,0,0,25.50869565217392,1310848.0
2056575,1657584000,0,0,0,26.20434782608696,1966760.0
2111157,1657670400,0,0,0,26.469565217391303,2056575.0
2138248,1657756800,0,0,0,26.18260869565217,2111157.0
2109484,1657843200,0,0,0,28.213043478260868,2138248.0
1484120,1657929600,1,0,0,27.85652173913044,2109484.0
1337029,1658016000,1,0,0,27.769565217391307,1484120.0
2081544,1658102400,0,0,0,26.67826086956521,1337029.0
2225064,1658188800,0,0,0,26.430434782608696,2081544.0
2173422,1658275200,0,0,0,26.0,2225064.0
2178229,1658361600,0,0,0,26.57272727272728,2173422.0
2208674,1658448000,0,0,0,27.45,2178229.0
1577276,1658534400,1,0,0,26.28095238095237,2208674.0
1511314,1658620800,1,0,0,27.41428571428572,1577276.0
2122463,1658707200,0,0,0,26.45238095238096,1511314.0
2179177,1658793600,0,0,0,26.05714285714286,2122463.0
2091364,1658880000,0,0,0,24.84210526315789,2179177.0
2056310,1658966400,0,0,0,24.685714285714283,2091364.0
2046810,1659052800,0,0,0,24.96190476190477,2056310.0
1504341,1659139200,1,0,0,24.55,2046810.0
1356069,1659225600,1,0,0,26.277272727272727,1504341.0
1760293,1659312000,0,0,0,26.63913043478261,1356069.0
1846954,1659398400,0,0,0,28.0,1760293.0
1810432,1659484800,0,0,0,27.643478260869564,1846954.0
1806405,1659571200,0,0,0,27.0,1810432.0
1780484,1659657600,0,0,0,26.063636363636363,1806405.0
1338373,1659744000,1,0,0,26.204545454545453,1780484.0
1279097,1659830400,1,0,0,25.58181818181818,1338373.0
1655975,1659916800,0,0,0,25.681818181818183,1279097.0
1721654,1660003200,0,0,0,26.45909090909091,1655975.0
1700184,1660089600,0,0,0,27.10909090909091,1721654.0
1778798,1660176000,0,0,0,26.78695652173913,1700184.0
1712812,1660262400,0,0,0,28.291304347826088,1778798.0
1299105,1660348800,1,0,0,28.37826086956522,1712812.0
1250831,1660435200,1,0,0,27.317391304347822,1299105.0
1288419,1660521600,0,1,0,25.23478260869565,1250831.0
1585019,1660608000,0,0,0,24.60869565217392,1288419.0
1564683,1660694400,0,0,0,23.595652173913045,1585019.0
1446407,1660780800,0,0,0,20.87727272727273,1564683.0
1392874,1660867200,0,0,0,21.39130434782609,1446407.0
1135613,1660953600,1,0,0,23.70434782608696,1392874.0
1133981,1661040000,1,0,0,24.85217391304348,1135613.0
1668308,1661126400,0,0,0,23.98695652173913,1133981.0
1704220,1661212800,0,0,0,24.82608695652174,1668308.0
1795638,1661299200,0,0,0,26.065217391304348,1704220.0
1813464,1661385600,0,0,0,24.89130434782609,1795638.0
1794078,1661472000,0,0,0,24.369565217391305,1813464.0
1322328,1661558400,1,0,0,24.03478260869565,1794078.0
1174611,1661644800,1,0,0,24.578260869565216,1322328.0
1789360,1661731200,0,0,0,24.45217391304348,1174611.0
1888323,1661817600,0,0,0,25.536363636363635,1789360.0
1776788,1661904000,0,0,0,21.991304347826087,1888323.0
1777131,1661990400,0,0,0,22.62608695652174,1776788.0
1866077,1662076800,0,0,0,23.63478260869565,1777131.0
1374423,1662163200,1,0,0,23.11304347826087,1866077.0
1260294,1662249600,1,0,0,23.713043478260868,1374423.0
1897034,1662336000,0,0,0,24.47391304347826,1260294.0
1949539,1662422400,0,0,0,25.37391304347826,1897034.0
1914067,1662508800,0,0,0,23.578260869565216,1949539.0
1845368,1662595200,0,0,0,22.43478260869565,1914067.0
1812847,1662681600,0,0,0,22.68260869565217,1845368.0
1219949,1662768000,1,0,0,22.35652173913044,1812847.0
1207613,1662854400,1,0,0,24.27391304347826,1219949.0
1963018,1662940800,0,0,0,25.59130434782609,1207613.0
1983617,1663027200,0,0,0,24.14782608695652,1963018.0
1879532,1663113600,0,0,0,21.817391304347822,1983617.0
1938812,1663200000,0,0,0,22.93913043478261,1879532.0
1809822,1663286400,0,0,0,21.95217391304348,1938812.0
1278903,1663372800,1,0,0,20.09090909090909,1809822.0
1187434,1663459200,1,0,0,20.065217391304348,1278903.0
1765207,1663545600,0,0,0,20.534782608695654,1187434.0
1849348,1663632000,0,0,0,20.943478260869565,1765207.0
1819248,1663718400,0,0,0,20.14090909090909,1849348.0
1804577,1663804800,0,0,0,19.821739130434786,1819248.0
1760192,1663891200,0,0,0,19.24782608695652,1804577.0
1264839,1663977600,1,1,0,17.565217391304348,1760192.0
1182760,1664064000,1,0,0,17.217391304347824,1264839.0
1406240,1664150400,0,1,0,16.63478260869565,1182760.0
1639097,1664236800,0,0,0,16.68695652173913,1406240.0
1643713,1664323200,0,0,0,17.860869565217392,1639097.0
1690162,1664409600,0,0,0,16.56086956521739,1643713.0
1578562,1664496000,0,0,0,15.347826086956522,1690162.0
1126498,1664582400,1,0,0,16.121739130434783,1578562.0
1089596,1664668800,1,0,0,19.713043478260868,1126498.0
1491804,1664755200,0,0,0,19.639130434782608,1089596.0
1577006,1664841600,0,0,0,19.67826086956521,1491804.0
1548695,1664928000,0,0,0,18.736363636363635,1577006.0
1544141,1665014400,0,0,0,19.208695652173912,1548695.0
1512046,1665100800,0,0,0,16.356521739130436,1544141.0
1173848,1665187200,1,0,0,17.956521739130434,1512046.0
1077170,1665273600,1,0,0,17.743478260869566,1173848.0
1437897,1665360000,0,0,0,18.069565217391304,1077170.0
1561353,1665446400,0,0,0,17.64782608695652,1437897.0
1209281,1665532800,0,1,0,18.62608695652174,1561353.0
1567198,1665619200,0,0,0,18.75217391304348,1209281.0
1573791,1665705600,0,0,0,19.15652173913044,1567198.0
1227837,1665792000,1,0,0,19.80434782608696,1573791.0
1130354,1665878400,1,0,0,19.969565217391303,1227837.0
1589040,1665964800,0,0,0,19.97391304347826,1130354.0
1647776,1666051200,0,0,0,20.04090909090909,1589040.0
1644218,1666137600,0,0,0,20.726086956521737,1647776.0
1648713,1666224000,0,0,0,19.321739130434786,1644218.0
1581946,1666310400,0,0,0,20.5,1648713.0
1211364,1666396800,1,0,0,19.925,1581946.0
1053260,1666483200,1,0,0,18.83636363636364,1211364.0
1515861,1666569600,0,0,0,19.977272727272727,1053260.0
1532900,1666656000,0,0,0,20.318181818181817,1515861.0
1617428,1666742400,0,0,0,21.15909090909091,1532900.0
1535549,1666828800,0,0,0,20.02380952380953,1617428.0
1447229,1666915200,0,0,0,19.31428571428572,1535549.0
1047189,1667001600,1,0,0,17.26666666666667,1447229.0
996989,1667088000,1,0,0,16.823809523809523,1047189.0
1168665,1667174400,0,0,0,17.252380952380953,996989.0
946586,1667260800,0,1,0,17.695652173913043,1168665.0
1276152,1667347200,0,0,0,16.621739130434783,946586.0
1359816,1667433600,0,0,0,16.03181818181818,1276152.0
1318279,1667520000,0,0,0,13.290476190476191,1359816.0
978164,1667606400,1,0,0,12.565217391304348,1318279.0
938573,1667692800,1,0,0,13.308695652173911,978164.0
1289349,1667779200,0,0,0,13.982608695652177,938573.0
1356085,1667865600,0,0,0,15.5,1289349.0
1348110,1667952000,0,0,0,15.465217391304348,1356085.0
1325876,1668038400,0,0,0,14.78181818181818,1348110.0
1330358,1668124800,0,0,0,15.265217391304349,1325876.0
980488,1668211200,1,0,0,15.839130434782607,1330358.0
902378,1668297600,1,0,0,14.73913043478261,980488.0
1292976,1668384000,0,0,0,15.504545454545456,902378.0
1383389,1668470400,0,0,0,15.752173913043478,1292976.0
1366410,1668556800,0,0,0,14.92608695652174,1383389.0
1360929,1668643200,0,0,0,15.772727272727272,1366410.0
1321825,1668729600,0,0,0,11.217391304347826,1360929.0
1005199,1668816000,1,0,0,9.130434782608695,1321825.0
963338,1668902400,1,0,0,8.182608695652174,1005199.0
1386273,1668988800,0,0,0,9.782608695652174,963338.0
1477611,1669075200,0,0,0,8.704545454545455,1386273.0
1460102,1669161600,0,0,0,12.734782608695651,1477611.0
1406740,1669248000,0,0,0,12.056521739130435,1460102.0
1400002,1669334400,0,0,0,11.521739130434783,1406740.0
1065884,1669420800,1,0,0,9.382608695652175,1400002.0
928621,1669507200,1,0,0,9.443478260869565,1065884.0
1346714,1669593600,0,0,0,8.98695652173913,928621.0
1367346,1669680000,0,0,0,8.178260869565218,1346714.0
1429163,1669766400,0,0,0,7.882608695652174,1367346.0
1430235,1669852800,0,0,0,7.51304347826087,1429163.0
1428815,1669939200,0,0,0,6.830434782608696,1430235.0
1051406,1670025600,1,0,0,6.260869565217392,1428815.0
978285,1670112000,1,0,0,6.643478260869564,1051406.0
2595270,1670198400,0,0,0,7.491304347826087,978285.0
1001754,1670284800,0,1,0,9.691304347826089,2595270.0
1178163,1670371200,0,0,0,8.990909090909092,1001754.0
890822,1670457600,0,1,0,9.322727272727272,1178163.0
1060667,1670544000,0,0,0,12.47272727272727,890822.0
835018,1670630400,1,0,0,6.947826086956522,1060667.0
817359,1670716800,1,0,0,4.440909090909091,835018.0
1380319,1670803200,0,0,0,5.9173913043478255,817359.0
1451781,1670889600,0,0,0,9.460869565217392,1380319.0
1415644,1670976000,0,0,0,11.408695652173911,1451781.0
1445473,1671062400,0,0,0,11.452173913043476,1415644.0
1422658,1671148800,0,0,0,10.02608695652174,1445473.0
1112110,1671235200,1,0,0,8.860869565217392,1422658.0
1029800,1671321600,1,0,0,8.668181818181818,1112110.0
1335219,1671408000,0,0,0,10.50952380952381,1029800.0
1386408,1671494400,0,0,0,11.086363636363636,1335219.0
1352772,1671580800,0,0,0,11.052173913043475,1386408.0
1328493,1671667200,0,0,0,11.27391304347826,1352772.0
1202030,1671753600,0,0,0,13.847826086956522,1328493.0
933716,1671840000,1,0,0,13.578260869565218,1202030.0
865303,1671926400,1,0,0,13.745454545454544,933716.0
880080,1672012800,0,1,0,13.072727272727274,865303.0
1025013,1672099200,0,0,0,11.3,880080.0
1079717,1672185600,0,0,0,10.769565217391303,1025013.0
1083711,1672272000,0,0,0,10.269565217391303,1079717.0
1047766,1672358400,0,0,0,11.795652173913044,1083711.0
873866,1672444800,1,0,0,13.671428571428573,1047766.0
728173,1672531200,1,0,0,11.104347826086956,873866.0
1045105,1672617600,0,0,0,9.3375,728173.0
1107104,1672704000,0,0,0,10.125,1045105.0
1132259,1672790400,0,0,0,9.129166666666666,1107104.0
1014334,1672876800,0,0,0,8.637500000000001,1132259.0
851450,1672963200,0,1,0,8.179166666666667,1014334.0
863483,1673049600,1,0,0,7.725,851450.0
856570,1673136000,1,0,0,9.8125,863483.0
1205290,1673222400,0,0,0,9.695833333333333,856570.0
1259617,1673308800,0,0,0,7.587499999999999,1205290.0
1293682,1673395200,0,0,0,7.729166666666667,1259617.0
1350774,1673481600,0,0,0,7.8,1293682.0
1330973,1673568000,0,0,0,8.666666666666666,1350774.0
1068871,1673654400,1,0,0,8.950000000000001,1330973.0
1041288,1673740800,1,0,0,9.225,1068871.0
1336158,1673827200,0,0,0,6.895833333333333,1041288.0
1364623,1673913600,0,0,0,8.433333333333334,1336158.0
1332967,1674000000,0,0,0,5.613043478260869,1364623.0
1344983,1674086400,0,0,0,4.483333333333333,1332967.0
1352274,1674172800,0,0,0,5.829166666666667,1344983.0
1078631,1674259200,1,0,0,3.1166666666666667,1352274.0
1026415,1674345600,1,0,0,2.7125,1078631.0
1376364,1674432000,0,0,0,2.4166666666666665,1026415.0
1418624,1674518400,0,0,0,2.333333333333333,1376364.0
1400335,1674604800,0,0,0,5.4625,1418624.0
1430750,1674691200,0,0,0,3.108333333333333,1400335.0
1411365,1674777600,0,0,0,3.5583333333333336,1430750.0
1104637,1674864000,1,0,0,2.858333333333333,1411365.0
974721,1674950400,1,0,0,3.925,1104637.0
1317850,1675036800,0,0,0,3.7625,974721.0
1312935,1675123200,0,0,0,5.670833333333333,1317850.0
1384670,1675209600,0,0,0,6.375,1312935.0
1422439,1675296000,0,0,0,7.420833333333333,1384670.0
1374196,1675382400,0,0,0,8.5875,1422439.0
1078577,1675468800,1,0,0,10.479166666666666,1374196.0
1025596,1675555200,1,0,0,8.174999999999999,1078577.0
1374853,1675641600,0,0,0,5.516666666666667,1025596.0
1435814,1675728000,0,0,0,5.25,1374853.0
1433817,1675814400,0,0,0,6.1125,1435814.0
1429619,1675900800,0,0,0,5.9125000000000005,1433817.0
1404459,1675987200,0,0,0,5.8478260869565215,1429619.0
1143650,1676073600,1,0,0,5.829166666666667,1404459.0
1072248,1676160000,1,0,0,6.145833333333333,1143650.0
1374683,1676246400,0,0,0,7.043478260869565,1072248.0
1388687,1676332800,0,0,0,7.686956521739131,1374683.0
1377735,1676419200,0,0,0,8.31304347826087,1388687.0
1380618,1676505600,0,0,0,7.936363636363636,1377735.0
1349063,1676592000,0,0,0,9.552173913043475,1380618.0
1071534,1676678400,1,0,0,11.295652173913044,1349063.0
1013270,1676764800,1,0,0,11.891304347826088,1071534.0
1317104,1676851200,0,0,0,12.56086956521739,1013270.0
1342828,1676937600,0,0,0,11.91304347826087,1317104.0
1333397,1677024000,0,0,0,11.113043478260868,1342828.0
1336371,1677110400,0,0,0,8.843478260869565,1333397.0
1327637,1677196800,0,0,0,7.078260869565218,1336371.0
1068527,1677283200,1,0,0,6.330434782608696,1327637.0
1021453,1677369600,1,0,0,6.0,1068527.0
1365955,1677456000,0,0,0,3.008695652173913,1021453.0
1370417,1677542400,0,0,0,6.213636363636363,1365955.0
1542878,1677628800,0,0,0,4.236363636363636,1370417.0
1653278,1677715200,0,0,0,5.0227272727272725,1542878.0
1558073,1677801600,0,0,0,6.766666666666667,1653278.0
1230718,1677888000,1,0,0,7.0590909090909095,1558073.0
1177925,1677974400,1,0,0,8.013636363636364,1230718.0
1509946,1678060800,0,0,0,8.731818181818182,1177925.0
1519551,1678147200,0,0,0,9.60909090909091,1509946.0
1461416,1678233600,0,0,0,13.563636363636364,1519551.0
1451762,1678320000,0,0,0,15.491304347826087,1461416.0
1411899,1678406400,0,0,0,15.57391304347826,1451762.0
1171544,1678492800,1,0,0,17.452173913043477,1411899.0
1075356,1678579200,1,0,0,15.456521739130435,1171544.0
1401266,1678665600,0,0,0,16.43913043478261,1075356.0
1451453,1678752000,0,0,0,13.786363636363635,1401266.0
1431185,1678838400,0,0,0,11.3,1451453.0
1377571,1678924800,0,0,0,11.960869565217392,1431185.0
1366474,1679011200,0,0,0,11.282608695652174,1377571.0
1153917,1679097600,1,0,0,11.982608695652177,1366474.0
1067654,1679184000,1,0,0,12.617391304347825,1153917.0
1435390,1679270400,0,0,0,11.72608695652174,1067654.0
1400826,1679356800,0,0,0,12.495652173913042,1435390.0
1324315,1679443200,0,0,0,13.51304347826087,1400826.0
1303417,1679529600,0,0,0,15.286956521739132,1324315.0
1300016,1679616000,0,0,0,14.947826086956525,1303417.0
1132560,1679702400,1,0,0,13.191304347826089,1300016.0
999703,1679788800,1,0,0,14.854545454545455,1132560.0
1310102,1679875200,0,0,0,12.97391304347826,999703.0
1352247,1679961600,0,0,0,12.521739130434783,1310102.0
1286578,1680048000,0,0,0,14.182608695652174,1352247.0
1215848,1680134400,0,0,0,15.45217391304348,1286578.0
1284814,1680220800,0,0,0,16.643478260869564,1215848.0
1177445,1680307200,1,0,0,13.617391304347825,1284814.0
1100406,1680393600,1,0,0,12.191304347826089,1177445.0
1490691,1680480000,0,0,0,11.717391304347826,1100406.0
1566735,1680566400,0,0,0,10.443478260869565,1490691.0
1492111,1680652800,0,0,0,10.995652173913044,1566735.0
1322484,1680739200,0,0,0,11.58695652173913,1492111.0
1068364,1680825600,0,1,0,12.834782608695653,1322484.0
1065881,1680912000,1,0,0,12.434782608695652,1068364.0
1067083,1680998400,1,0,0,13.078260869565218,1065881.0
1060864,1681084800,0,1,0,15.581818181818182,1067083.0
1354297,1681171200,0,0,0,15.143478260869566,1060864.0
1442815,1681257600,0,0,0,16.543478260869566,1354297.0
1527198,1681344000,0,0,0,11.917391304347824,1442815.0
1517194,1681430400,0,0,0,12.382608695652175,1527198.0
1173559,1681516800,1,0,0,14.727272727272728,1517194.0
1039432,1681603200,1,0,0,13.465217391304348,1173559.0
1449863,1681689600,0,0,0,12.38695652173913,1039432.0
1482127,1681776000,0,0,0,12.08695652173913,1449863.0
1497264,1681862400,0,0,0,13.008695652173913,1482127.0
1525531,1681948800,0,0,0,14.76086956521739,1497264.0
1526739,1682035200,0,0,0,14.945454545454544,1525531.0
1167564,1682121600,1,0,0,15.9,1526739.0
1131307,1682208000,1,0,0,16.273913043478263,1167564.0
1516561,1682294400,0,0,0,16.12608695652174,1131307.0
1580000,1682380800,0,0,0,17.17391304347826,1516561.0
1611192,1682467200,0,0,0,16.21818181818182,1580000.0
1672976,1682553600,0,0,0,18.063636363636363,1611192.0
1621302,1682640000,0,0,0,18.860869565217392,1672976.0
1146523,1682726400,1,0,0,19.577272727272728,1621302.0
1064756,1682812800,1,0,0,17.995652173913044,1146523.0
901546,1682899200,0,1,0,16.391304347826086,1064756.0
1319146,1682985600,0,0,0,16.46818181818182,901546.0
1421996,1683072000,0,0,0,17.05,1319146.0
1540201,1683158400,0,0,0,17.068181818181817,1421996.0
3151700,1683244800,0,0,0,18.230434782608697,1540201.0
3407913,1683331200,1,0,0,18.5,3151700.0
3345244,1683417600,1,0,0,17.808333333333334,3407913.0
3165792,1683504000,0,0,0,17.795833333333334,3345244.0
3208249,1683590400,0,0,0,18.754166666666663,3165792.0
3237975,1683676800,0,0,0,16.8,3208249.0
3159148,1683763200,0,0,0,14.433333333333332,3237975.0
1555255,1683849600,0,0,0,12.670833333333334,3159148.0
1151340,1683936000,1,0,0,12.460869565217392,1555255.0
1108108,1684022400,1,0,0,14.104347826086956,1151340.0
1520391,1684108800,0,0,0,16.195652173913043,1108108.0
1604642,1684195200,0,0,0,16.047826086956523,1520391.0
1601553,1684281600,0,0,0,15.243478260869566,1604642.0
1603222,1684368000,0,0,0,14.27391304347826,1601553.0
1555877,1684454400,0,0,0,14.80909090909091,1603222.0
1214660,1684540800,1,0,0,15.791304347826086,1555877.0
1124672,1684627200,1,0,0,14.8,1214660.0
1566337,1684713600,0,0,0,17.0,1124672.0
1667593,1684800000,0,0,0,17.433333333333334,1566337.0
1715936,1684886400,0,0,0,18.30952380952381,1667593.0
1593851,1684972800,0,0,0,14.872727272727271,1715936.0
1559903,1685059200,0,0,0,16.9,1593851.0
1197576,1685145600,1,0,0,19.766666666666666,1559903.0
1121661,1685232000,1,0,0,19.425,1197576.0
1556563,1685318400,0,0,0,18.829166666666666,1121661.0
1611201,1685404800,0,0,0,18.95833333333333,1556563.0
1608338,1685491200,0,0,0,18.55217391304348,1611201.0
1582709,1685577600,0,0,0,17.786956521739132,1608338.0
1590691,1685664000,0,0,0,18.143478260869564,1582709.0
1235317,1685750400,1,0,0,17.808695652173913,1590691.0
1135450,1685836800,1,0,0,18.15217391304348,1235317.0
1367502,1685923200,0,1,0,19.23913043478261,1135450.0
1702979,1686009600,0,0,0,19.81304347826087,1367502.0
1723276,1686096000,0,0,0,18.969565217391303,1702979.0
1779440,1686182400,0,0,0,20.17391304347826,1723276.0
1767006,1686268800,0,0,0,21.31304347826087,1779440.0
1378505,1686355200,1,0,0,21.317391304347822,1767006.0
1271441,1686441600,1,0,0,21.30434782608696,1378505.0
1780643,1686528000,0,0,0,21.41304347826087,1271441.0
1849986,1686614400,0,0,0,20.4608695652174,1780643.0
1833148,1686700800,0,0,0,20.921739130434784,1849986.0
1806151,1686787200,0,0,0,21.773913043478263,1833148.0
1841090,1686873600,0,0,0,22.60909090909091,1806151.0
1414403,1686960000,1,0,0,23.52173913043478,1841090.0
1173017,1687046400,1,0,0,22.513636363636365,1414403.0
1764576,1687132800,0,0,0,22.313636363636363,1173017.0
1895139,1687219200,0,0,0,23.55,1764576.0
1960265,1687305600,0,0,0,24.79565217391304,1895139.0
1936015,1687392000,0,0,0,24.67826086956521,1960265.0
1530244,1687478400,0,0,0,24.104166666666668,1936015.0
1152460,1687564800,1,1,0,24.34166666666667,1530244.0
1250698,1687651200,1,0,0,25.28333333333333,1152460.0
1851696,1687737600,0,0,0,26.229166666666668,1250698.0
1916628,1687824000,0,0,0,25.05,1851696.0
1929379,1687910400,0,0,0,24.86521739130435,1916628.0
2003603,1687996800,0,0,0,22.820833333333336,1929379.0
1749797,1688083200,0,0,0,21.213043478260868,2003603.0
1308872,1688169600,1,0,0,21.745454545454542,1749797.0
1179597,1688256000,1,0,0,23.02608695652174,1308872.0
1753137,1688342400,0,0,0,23.369565217391305,1179597.0
1818577,1688428800,0,0,0,22.7,1753137.0
1877996,1688515200,0,0,0,22.056521739130435,1818577.0
1834717,1688601600,0,0,0,23.547826086956523,1877996.0
1799907,1688688000,0,0,0,24.15217391304348,1834717.0
2744340,1688774400,1,0,0,26.321739130434786,1799907.0
1249472,1688860800,1,0,0,26.60869565217392,2744340.0
1895524,1688947200,0,0,0,26.782608695652176,1249472.0
2011596,1689033600,0,0,0,27.63043478260869,1895524.0
2026519,1689120000,0,0,0,26.33478260869565,2011596.0
1951699,1689206400,0,0,0,25.49090909090909,2026519.0
1922363,1689292800,0,0,0,26.117391304347827,1951699.0
1451994,1689379200,1,0,0,25.76521739130435,1922363.0
1231754,1689465600,1,0,0,26.00869565217392,1451994.0
1867405,1689552000,0,0,0,26.13913043478261,1231754.0
2011101,1689638400,0,0,0,29.039130434782606,1867405.0
2088858,1689724800,0,0,0,28.817391304347822,2011101.0
2051171,1689811200,0,0,0,26.33478260869565,2088858.0
1995034,1689897600,0,0,0,26.2,2051171.0
1423880,1689984000,1,0,0,24.786363636363635,1995034.0
1283841,1690070400,1,0,0,25.622727272727275,1423880.0
1917265,1690156800,0,0,0,27.281818181818185,1283841.0
1840129,1690243200,0,0,0,24.35909090909091,1917265.0
1823202,1690329600,0,0,0,22.41818181818181,1840129.0
1874580,1690416000,0,0,0,23.51363636363636,1823202.0
1805783,1690502400,0,0,0,24.00909090909091,1874580.0
1318635,1690588800,1,0,0,26.07272727272728,1805783.0
1240814,1690675200,1,0,0,25.55454545454546,1318635.0
1795884,1690761600,0,0,0,25.21818181818181,1240814.0
1238879,1690848000,0,0,0,27.1,1795884.0
1247905,1690934400,0,0,0,26.75454545454545,1238879.0
1271207,1691020800,0,0,0,23.49090909090909,1247905.0
1080321,1691107200,0,0,0,21.33636363636364,1271207.0
668980,1691193600,1,0,0,22.068181818181817,1080321.0
640246,1691280000,1,0,0,22.081818181818186,668980.0
1013869,1691366400,0,0,0,22.33636363636364,640246.0
1065015,1691452800,0,0,0,23.622727272727275,1013869.0
1106951,1691539200,0,0,0,25.295454545454547,1065015.0
1199322,1691625600,0,0,0,27.2,1106951.0
1092538,1691712000,0,0,0,26.813636363636363,1199322.0
828759,1691798400,1,0,0,26.38636363636364,1092538.0
783314,1691884800,1,0,0,25.904545454545453,828759.0
1009570,1691971200,0,0,0,25.68636363636364,783314.0
903601,1692057600,0,1,0,26.18636363636364,1009570.0
1154341,1692144000,0,0,0,25.57272727272728,903601.0
1246757,1692230400,0,0,0,26.44545454545454,1154341.0
1192496,1692316800,0,0,0,25.922727272727272,1246757.0
850768,1692403200,1,0,0,26.518181818181816,1192496.0
796959,1692489600,1,0,0,29.077272727272728,850768.0
1277361,1692576000,0,0,0,30.35909090909091,796959.0
1371366,1692662400,0,0,0,30.185714285714283,1277361.0
1337454,1692748800,0,0,0,31.204545454545453,1371366.0
1382676,1692835200,0,0,0,29.904545454545453,1337454.0
1385611,1692921600,0,0,0,27.527272727272727,1382676.0
926890,1693008000,1,0,0,24.842857142857145,1385611.0
751135,1693094400,1,0,0,18.37619047619048,926890.0
1123374,1693180800,0,0,0,20.904761904761905,751135.0
1179982,1693267200,0,0,0,20.52272727272728,1123374.0
1159409,1693353600,0,0,0,20.231818181818184,1179982.0
1220497,1693440000,0,0,0,21.922727272727272,1159409.0
1154175,1693526400,0,0,0,22.45652173913044,1220497.0
775856,1693612800,1,0,0,21.98260869565217,1154175.0
663710,1693699200,1,0,0,23.747826086956525,775856.0
1189743,1693785600,0,0,0,26.382608695652173,663710.0
1258663,1693872000,0,0,0,24.93478260869565,1189743.0
1234999,1693958400,0,0,0,23.643478260869564,1258663.0
1208829,1694044800,0,0,0,22.33478260869565,1234999.0
1148120,1694131200,0,0,0,22.195652173913043,1208829.0
715344,1694217600,1,0,0,21.843478260869563,1148120.0
628557,1694304000,1,0,0,22.8,715344.0
732534,1694390400,0,1,0,23.078260869565216,628557.0
1019242,1694476800,0,0,0,23.00869565217392,732534.0
1184962,1694563200,0,0,0,22.517391304347825,1019242.0
1214404,1694649600,0,0,0,22.30434782608696,1184962.0
1133385,1694736000,0,0,0,20.317391304347822,1214404.0
751810,1694822400,1,0,0,21.7,1133385.0
680171,1694908800,1,0,0,23.543478260869566,751810.0
1091856,1694995200,0,0,0,23.00434782608696,680171.0
1162452,1695081600,0,0,0,20.57391304347826,1091856.0
1119399,1695168000,0,0,0,19.48260869565217,1162452.0
1127840,1695254400,0,0,0,21.345454545454547,1119399.0
1045847,1695340800,0,0,0,19.518181818181816,1127840.0
699419,1695427200,1,0,0,17.652173913043477,1045847.0
584202,1695513600,1,0,0,19.17826086956521,699419.0
782324,1695600000,0,1,0,20.03043478260869,584202.0
1022847,1695686400,0,0,0,19.97826086956522,782324.0
1073147,1695772800,0,0,0,21.26086956521739,1022847.0
1092435,1695859200,0,0,0,21.79090909090909,1073147.0
1051715,1695945600,0,0,0,22.786363636363635,1092435.0
690327,1696032000,1,0,0,23.52608695652174,1051715.0
807233,1696118400,1,0,0,22.93478260869565,690327.0
1266822,1696204800,0,0,0,21.547826086956523,807233.0
1322714,1696291200,0,0,0,21.60869565217392,1266822.0
1290055,1696377600,0,0,0,22.730434782608693,1322714.0
1315621,1696464000,0,0,0,21.509090909090908,1290055.0
1299793,1696550400,0,0,0,22.426086956521736,1315621.0
924310,1696636800,1,0,0,22.034782608695654,1299793.0
672988,1696723200,1,0,0,21.534782608695654,924310.0
1137553,1696809600,0,0,0,21.45652173913044,672988.0
1301229,1696896000,0,0,0,21.313636363636363,1137553.0
1208864,1696982400,0,0,0,20.52608695652174,1301229.0
866885,1697068800,0,1,0,20.4608695652174,1208864.0
1049365,1697155200,0,0,0,20.226086956521737,866885.0
844189,1697241600,1,0,0,20.65217391304348,1049365.0
761268,1697328000,1,0,0,18.85652173913044,844189.0
1117010,1697414400,0,0,0,16.76521739130435,761268.0
1215964,1697500800,0,0,0,18.643478260869564,1117010.0
1228537,1697587200,0,0,0,20.93478260869565,1215964.0
1117176,1697673600,0,0,0,18.65714285714286,1228537.0
994555,1697760000,0,0,0,16.62608695652174,1117176.0
677477,1697846400,1,0,0,14.343478260869563,994555.0
592567,1697932800,1,0,0,13.765217391304349,677477.0
986630,1698019200,0,0,0,18.917391304347827,592567.0
971368,1698105600,0,0,0,15.98695652173913,986630.0
931566,1698192000,0,0,0,16.747826086956522,971368.0
990126,1698278400,0,0,0,19.09565217391304,931566.0
958406,1698364800,0,0,0,16.18695652173913,990126.0
675891,1698451200,1,0,0,16.16086956521739,958406.0
603827,1698537600,1,0,0,16.42608695652174,675891.0
876720,1698624000,0,0,0,15.430434782608694,603827.0
958533,1698710400,0,0,0,12.513636363636364,876720.0
649894,1698796800,0,1,0,13.517391304347823,958533.0
956640,1698883200,0,0,0,13.991304347826087,649894.0
987631,1698969600,0,0,0,11.795652173913044,956640.0
723071,1699056000,1,0,0,13.35217391304348,987631.0
641971,1699142400,1,0,0,13.98695652173913,723071.0
924136,1699228800,0,0,0,12.304347826086955,641971.0
946200,1699315200,0,0,0,9.934782608695652,924136.0
970004,1699401600,0,0,0,9.947826086956525,946200.0
1005170,1699488000,0,0,0,11.004347826086956,970004.0
976352,1699574400,0,0,0,13.321739130434782,1005170.0
741344,1699660800,1,0,0,13.160869565217393,976352.0
661731,1699747200,1,0,0,16.59130434782609,741344.0
974376,1699833600,0,0,0,16.682608695652174,661731.0
1038375,1699920000,0,0,0,18.191304347826087,974376.0
952004,1700006400,0,0,0,14.373913043478264,1038375.0
990866,1700092800,0,0,0,15.434782608695652,952004.0
988229,1700179200,0,0,0,13.495652173913042,990866.0
735515,1700265600,1,0,0,13.743478260869566,988229.0
656067,1700352000,1,0,0,14.591304347826089,735515.0
975200,1700438400,0,0,0,13.343478260869563,656067.0
987602,1700524800,0,0,0,11.965217391304348,975200.0
951207,1700611200,0,0,0,11.247826086956522,987602.0
1014665,1700697600,0,0,0,9.060869565217391,951207.0
968451,1700784000,0,0,0,10.486956521739131,1014665.0
727970,1700870400,1,0,0,10.317391304347826,968451.0
649182,1700956800,1,0,0,9.856521739130436,727970.0
998074,1701043200,0,0,0,9.621739130434785,649182.0
1017865,1701129600,0,0,0,10.943478260869565,998074.0
966164,1701216000,0,0,0,10.165217391304347,1017865.0
1012667,1701302400,0,0,0,14.660869565217393,966164.0
999033,1701388800,0,0,0,11.795652173913044,1012667.0
743471,1701475200,1,0,0,8.539130434782608,999033.0
649216,1701561600,1,0,0,6.539130434782609,743471.0
983419,1701648000,0,0,0,8.97391304347826,649216.0
1014012,1701734400,0,0,0,7.260869565217392,983419.0
684861,1701820800,0,1,0,7.891304347826087,1014012.0
729065,1701907200,0,0,0,8.152173913043478,684861.0
664480,1701993600,0,1,0,9.54782608695652,729065.0
652387,1702080000,1,0,0,9.356521739130434,664480.0
634019,1702166400,1,0,0,11.330434782608696,652387.0
971701,1702252800,0,0,0,12.443478260869565,634019.0
1002509,1702339200,0,0,0,12.490909090909092,971701.0
958476,1702425600,0,0,0,10.731818181818182,1002509.0
1007389,1702512000,0,0,0,9.7,958476.0
985515,1702598400,0,0,0,9.508695652173913,1007389.0
717814,1702684800,1,0,0,7.727272727272727,985515.0
635116,1702771200,1,0,0,7.904347826086957,717814.0
995127,1702857600,0,0,0,8.534782608695652,635116.0
1011684,1702944000,0,0,0,9.41304347826087,995127.0
936140,1703030400,0,0,0,7.921739130434782,1011684.0
936345,1703116800,0,0,0,8.65,936140.0
851760,1703203200,0,0,0,12.44090909090909,936345.0
615142,1703289600,1,0,0,8.963636363636363,851760.0
511767,1703376000,1,0,0,8.377272727272727,615142.0
445283,1703462400,0,1,0,9.490909090909092,511767.0
461529,1703548800,0,1,0,9.8,445283.0
631546,1703635200,0,0,0,9.654545454545454,461529.0
715610,1703721600,0,0,0,6.709090909090909,631546.0
692261,1703808000,0,0,0,7.954545454545454,715610.0
596523,1703894400,1,0,0,8.961904761904762,692261.0
506193,1703980800,1,0,0,9.223809523809525,596523.0
444614,1704067200,0,1,0,7.859090909090909,506193.0
802045,1704153600,0,0,0,7.795454545454546,444614.0
788873,1704240000,0,0,0,11.80909090909091,802045.0
858211,1704326400,0,0,0,10.540909090909093,788873.0
770359,1704412800,0,0,0,8.256521739130434,858211.0
580366,1704499200,1,1,0,7.334782608695652,770359.0
606013,1704585600,1,0,0,6.443478260869565,580366.0
1022296,1704672000,0,0,0,4.782608695652174,606013.0
1113699,1704758400,0,0,0,4.065217391304348,1022296.0
990299,1704844800,0,0,0,4.795652173913044,1113699.0
999248,1704931200,0,0,0,5.913043478260869,990299.0
1004483,1705017600,0,0,0,5.052173913043478,999248.0
749780,1705104000,1,0,0,5.652173913043479,1004483.0
607674,1705190400,1,0,0,8.6,749780.0
1007106,1705276800,0,0,0,9.28695652173913,607674.0
1048659,1705363200,0,0,0,10.117391304347825,1007106.0
1044091,1705449600,0,0,0,12.52608695652174,1048659.0
965297,1705536000,0,0,0,13.621739130434785,1044091.0
958813,1705622400,0,0,0,7.878260869565217,965297.0
687841,1705708800,1,0,0,5.869565217391305,958813.0
651111,1705795200,1,0,0,6.108695652173913,687841.0
1113938,1705881600,0,0,0,7.0,651111.0
1179163,1705968000,0,0,0,9.334782608695653,1113938.0
1150763,1706054400,0,0,0,12.695652173913045,1179163.0
1132477,1706140800,0,0,0,13.169565217391304,1150763.0
1107050,1706227200,0,0,0,13.634782608695652,1132477.0
828412,1706313600,1,0,0,12.021739130434783,1107050.0
756398,1706400000,1,0,0,10.356521739130434,828412.0
1123729,1706486400,0,0,0,9.26086956521739,756398.0
1154234,1706572800,0,0,0,9.886956521739132,1123729.0
1168338,1706659200,0,0,0,9.534782608695652,1154234.0
1132477,1706745600,0,0,0,9.995652173913044,1168338.0
1107050,1706832000,0,0,0,10.043478260869565,1132477.0
828412,1706918400,1,0,0,11.434782608695652,1107050.0
756398,1707004800,1,0,0,13.104347826086958,828412.0
1123729,1707091200,0,0,0,13.143478260869566,756398.0
1154234,1707177600,0,0,0,10.221739130434782,1123729.0
1168338,1707264000,0,0,0,10.6,1154234.0
1132477,1707350400,0,0,0,11.378260869565215,1168338.0
1107050,1707436800,0,0,0,11.108695652173912,1132477.0
828412,1707523200,1,0,0,9.034782608695652,1107050.0
756398,1707609600,1,0,0,8.765217391304347,828412.0
1123729,1707696000,0,0,0,10.069565217391304,756398.0
1154234,1707782400,0,0,0,10.747826086956522,1123729.0
1168338,1707868800,0,0,0,12.673913043478262,1154234.0
1132477,1707955200,0,0,0,13.391304347826088,1168338.0
1107050,1708041600,0,0,0,10.92608695652174,1132477.0
828412,1708128000,1,0,0,12.3,1107050.0
756398,1708214400,1,0,0,11.373913043478264,828412.0
1123729,1708300800,0,0,0,13.63181818181818,756398.0
1154234,1708387200,0,0,0,11.877272727272729,1123729.0
1168338,1708473600,0,0,0,11.02608695652174,1154234.0
1132477,1708560000,0,0,0,12.943478260869565,1168338.0
1107050,1708646400,0,0,0,8.76086956521739,1132477.0
828412,1708732800,1,0,0,7.630434782608695,1107050.0
756398,1708819200,1,0,0,7.665217391304348,828412.0
1123729,1708905600,0,0,0,10.72608695652174,756398.0
1154234,1708992000,0,0,0,10.21304347826087,1123729.0
1168338,1709078400,0,0,0,10.878260869565215,1154234.0
1132477,1709164800,0,0,0,9.847826086956522,1168338.0
768659,1709251200,0,0,0,10.521739130434783,1132477.0
546322,1709337600,1,0,0,9.917391304347824,768659.0
466642,1709424000,1,0,0,7.647826086956522,546322.0
913607,1709510400,0,0,0,7.913636363636363,466642.0
944940,1709596800,0,0,0,9.847826086956522,913607.0
847699,1709683200,0,0,0,9.330434782608696,944940.0
810138,1709769600,0,0,0,9.36086956521739,847699.0
918961,1709856000,0,0,0,9.45,810138.0
674777,1709942400,1,0,0,7.365217391304348,918961.0
576070,1710028800,1,0,0,8.204347826086956,674777.0
879300,1710115200,0,0,0,9.72608695652174,576070.0
1121665,1710201600,0,0,0,9.469565217391304,879300.0
1115614,1710288000,0,0,0,11.3,1121665.0
1113167,1710374400,0,0,0,11.817391304347826,1115614.0
1099056,1710460800,0,0,0,14.460869565217392,1113167.0
833751,1710547200,1,0,0,13.947826086956525,1099056.0
735201,1710633600,1,0,0,15.88695652173913,833751.0
1059437,1710720000,0,0,0,15.169565217391304,735201.0
1064587,1710806400,0,0,0,15.52608695652174,1059437.0
1030039,1710892800,0,0,0,14.07391304347826,1064587.0
1073737,1710979200,0,0,0,14.665217391304347,1030039.0
1065196,1711065600,0,0,0,17.182608695652174,1073737.0
820559,1711152000,1,0,0,15.27391304347826,1065196.0
723374,1711238400,1,0,0,11.960869565217392,820559.0
1009012,1711324800,0,0,0,9.782608695652174,723374.0
1038376,1711411200,0,0,0,9.595652173913043,1009012.0
966388,1711497600,0,0,0,8.58695652173913,1038376.0
800861,1711584000,0,0,0,14.660869565217393,966388.0
634523,1711670400,0,1,0,14.860869565217392,800861.0
700882,1711756800,1,0,0,11.608695652173912,634523.0
681817,1711843200,1,0,0,10.413636363636364,700882.0
717925,1711929600,0,1,0,10.569565217391304,681817.0
985688,1712016000,0,0,0,11.478260869565217,717925.0
996986,1712102400,0,0,0,13.52608695652174,985688.0
1027753,1712188800,0,0,0,14.91304347826087,996986.0
994555,1712275200,0,0,0,15.682608695652174,1027753.0
756972,1712361600,1,0,0,16.178260869565218,994555.0
654610,1712448000,1,0,0,17.12608695652174,756972.0
990435,1712534400,0,0,0,17.752173913043478,654610.0
770119,1712620800,0,0,0,11.76086956521739,990435.0
1131260,1712707200,0,0,0,11.43913043478261,770119.0
1101714,1712793600,0,0,0,13.356521739130434,1131260.0
1076282,1712880000,0,0,0,16.617391304347827,1101714.0
831043,1712966400,1,0,0,18.95652173913044,1076282.0
726368,1713052800,1,0,0,19.117391304347827,831043.0
1055079,1713139200,0,0,0,17.530434782608694,726368.0
1104980,1713225600,0,0,0,14.934782608695652,1055079.0
1074054,1713312000,0,0,0,12.231818181818182,1104980.0
1105543,1713398400,0,0,0,11.665217391304347,1074054.0
1059308,1713484800,0,0,0,11.569565217391306,1105543.0
824346,1713571200,1,0,0,13.134782608695652,1059308.0
735180,1713657600,1,0,0,12.547826086956524,824346.0
1066106,1713744000,0,0,0,9.491304347826087,735180.0
1078297,1713830400,0,0,0,8.417391304347825,1066106.0
1054506,1713916800,0,0,0,9.639130434782608,1078297.0
1093059,1714003200,0,0,0,10.77391304347826,1054506.0
1076123,1714089600,0,0,0,12.282608695652174,1093059.0
799363,1714176000,1,0,0,14.108695652173912,1076123.0
749970,1714262400,1,0,0,12.460869565217392,799363.0
1066271,1714348800,0,0,0,11.617391304347825,749970.0
1076872,1714435200,0,0,0,13.543478260869565,1066271.0
741119,1714521600,0,1,0,13.58695652173913,1076872.0
