Data,Sector_Economic,Valor,año
2019-01-01,Indústria,995989,2019
2019-01-02,Indústria,1702091,2019
2019-01-03,Indústria,1826076,2019
2019-01-04,Indústria,1806926,2019
2019-01-05,Indústria,1341548,2019
2019-01-06,Indústria,1201714,2019
2019-01-07,Indústria,1921881,2019
2019-01-08,Indústria,2048335,2019
2019-01-09,Indústria,2074642,2019
2019-01-10,Indústria,2104779,2019
2019-01-11,Indústria,2105565,2019
2019-01-12,Indústria,1524829,2019
2019-01-13,Indústria,1309722,2019
2019-01-14,Indústria,1990879,2019
2019-01-15,Indústria,2001561,2019
2019-01-16,Indústria,2082018,2019
2019-01-17,Indústria,2085319,2019
2019-01-18,Indústria,2076651,2019
2019-01-19,Indústria,1531857,2019
2019-01-20,Indústria,1330111,2019
2019-01-21,Indústria,2062403,2019
2019-01-22,Indústria,2161827,2019
2019-01-23,Indústria,2109277,2019
2019-01-24,Indústria,2111501,2019
2019-01-25,Indústria,2059243,2019
2019-01-26,Indústria,1429824,2019
2019-01-27,Indústria,1258248,2019
2019-01-28,Indústria,1983174,2019
2019-01-29,Indústria,2077924,2019
2019-01-30,Indústria,2086124,2019
2019-01-31,Indústria,2009211,2019
2019-02-01,Indústria,1932146,2019
2019-02-02,Indústria,1470254,2019
2019-02-03,Indústria,1358251,2019
2019-02-04,Indústria,2105011,2019
2019-02-05,Indústria,2108257,2019
2019-02-06,Indústria,2091470,2019
2019-02-07,Indústria,2061069,2019
2019-02-08,Indústria,2035308,2019
2019-02-09,Indústria,1523376,2019
2019-02-10,Indústria,1391507,2019
2019-02-11,Indústria,2050558,2019
2019-02-12,Indústria,2124128,2019
2019-02-13,Indústria,2112143,2019
2019-02-14,Indústria,2075308,2019
2019-02-15,Indústria,2024484,2019
2019-02-16,Indústria,1518710,2019
2019-02-17,Indústria,1354228,2019
2019-02-18,Indústria,2052098,2019
2019-02-19,Indústria,2101645,2019
2019-02-20,Indústria,2072231,2019
2019-02-21,Indústria,2043975,2019
2019-02-22,Indústria,1975354,2019
2019-02-23,Indústria,1480429,2019
2019-02-24,Indústria,1293773,2019
2019-02-25,Indústria,1931481,2019
2019-02-26,Indústria,1965529,2019
2019-02-27,Indústria,1967680,2019
2019-02-28,Indústria,1993447,2019
2019-03-01,Indústria,1834431,2019
2019-03-02,Indústria,1345708,2019
2019-03-03,Indústria,1186549,2019
2019-03-04,Indústria,1875930,2019
2019-03-05,Indústria,2079242,2019
2019-03-06,Indústria,2009699,2019
2019-03-07,Indústria,1947885,2019
2019-03-08,Indústria,1885019,2019
2019-03-09,Indústria,1392095,2019
2019-03-10,Indústria,1211073,2019
2019-03-11,Indústria,1875307,2019
2019-03-12,Indústria,1970981,2019
2019-03-13,Indústria,1917646,2019
2019-03-14,Indústria,1943165,2019
2019-03-15,Indústria,1880508,2019
2019-03-16,Indústria,1424896,2019
2019-03-17,Indústria,1235045,2019
2019-03-18,Indústria,1906693,2019
2019-03-19,Indústria,1950630,2019
2019-03-20,Indústria,1909376,2019
2019-03-21,Indústria,1999239,2019
2019-03-22,Indústria,1923922,2019
2019-03-23,Indústria,1476619,2019
2019-03-24,Indústria,1289998,2019
2019-03-25,Indústria,1823538,2019
2019-03-26,Indústria,1994701,2019
2019-03-27,Indústria,2032858,2019
2019-03-28,Indústria,2027351,2019
2019-03-29,Indústria,1993465,2019
2019-03-30,Indústria,1513736,2019
2019-03-31,Indústria,1331963,2019
2019-04-01,Indústria,2090346,2019
2019-04-02,Indústria,2177580,2019
2019-04-03,Indústria,2134533,2019
2019-04-04,Indústria,2132844,2019
2019-04-05,Indústria,2104893,2019
2019-04-06,Indústria,1527475,2019
2019-04-07,Indústria,1346879,2019
2019-04-08,Indústria,2035085,2019
2019-04-09,Indústria,2015133,2019
2019-04-10,Indústria,2059902,2019
2019-04-11,Indústria,2022541,2019
2019-04-12,Indústria,1950138,2019
2019-04-13,Indústria,1372045,2019
2019-04-14,Indústria,1179751,2019
2019-04-15,Indústria,1668523,2019
2019-04-16,Indústria,1724042,2019
2019-04-17,Indústria,1668567,2019
2019-04-18,Indústria,1555656,2019
2019-04-19,Indústria,1280010,2019
2019-04-20,Indústria,1252574,2019
2019-04-21,Indústria,1216722,2019
2019-04-22,Indústria,1339961,2019
2019-04-23,Indústria,1934035,2019
2019-04-24,Indústria,1934863,2019
2019-04-25,Indústria,1842591,2019
2019-04-26,Indústria,1988793,2019
2019-04-27,Indústria,1495077,2019
2019-04-28,Indústria,1247520,2019
2019-04-29,Indústria,1973819,2019
2019-04-30,Indústria,2010547,2019
2019-05-01,Indústria,1385697,2019
2019-05-02,Indústria,1956527,2019
2019-05-03,Indústria,2052673,2019
2019-05-04,Indústria,1487725,2019
2019-05-05,Indústria,1276120,2019
2019-05-06,Indústria,2026288,2019
2019-05-07,Indústria,2068123,2019
2019-05-08,Indústria,1964473,2019
2019-05-09,Indústria,1946336,2019
2019-05-10,Indústria,2044120,2019
2019-05-11,Indústria,1548683,2019
2019-05-12,Indústria,1369931,2019
2019-05-13,Indústria,2073060,2019
2019-05-14,Indústria,2177741,2019
2019-05-15,Indústria,2117715,2019
2019-05-16,Indústria,2077293,2019
2019-05-17,Indústria,1983631,2019
2019-05-18,Indústria,1453765,2019
2019-05-19,Indústria,1267129,2019
2019-05-20,Indústria,1902383,2019
2019-05-21,Indústria,1990067,2019
2019-05-22,Indústria,2063749,2019
2019-05-23,Indústria,2100748,2019
2019-05-24,Indústria,2046971,2019
2019-05-25,Indústria,1483736,2019
2019-05-26,Indústria,1301444,2019
2019-05-27,Indústria,2029224,2019
2019-05-28,Indústria,2106909,2019
2019-05-29,Indústria,2091727,2019
2019-05-30,Indústria,2092238,2019
2019-05-31,Indústria,1990059,2019
2019-06-01,Indústria,1451714,2019
2019-06-02,Indústria,1307091,2019
2019-06-03,Indústria,2011267,2019
2019-06-04,Indústria,1971663,2019
2019-06-05,Indústria,2007176,2019
2019-06-06,Indústria,2018185,2019
2019-06-07,Indústria,2060641,2019
2019-06-08,Indústria,1427686,2019
2019-06-09,Indústria,1219406,2019
2019-06-10,Indústria,1541767,2019
2019-06-11,Indústria,1996468,2019
2019-06-12,Indústria,2038553,2019
2019-06-13,Indústria,2070348,2019
2019-06-14,Indústria,2080209,2019
2019-06-15,Indústria,1602220,2019
2019-06-16,Indústria,1435837,2019
2019-06-17,Indústria,2121433,2019
2019-06-18,Indústria,2143707,2019
2019-06-19,Indústria,2167610,2019
2019-06-20,Indústria,2187058,2019
2019-06-21,Indústria,2165131,2019
2019-06-22,Indústria,1555967,2019
2019-06-23,Indústria,1370515,2019
2019-06-24,Indústria,1412176,2019
2019-06-25,Indústria,2227176,2019
2019-06-26,Indústria,2309760,2019
2019-06-27,Indústria,2299851,2019
2019-06-28,Indústria,2439489,2019
2019-06-29,Indústria,1797473,2019
2019-06-30,Indústria,1567579,2019
2019-07-01,Indústria,2320414,2019
2019-07-02,Indústria,2393502,2019
2019-07-03,Indústria,2429884,2019
2019-07-04,Indústria,2399186,2019
2019-07-05,Indústria,2435057,2019
2019-07-06,Indústria,1663129,2019
2019-07-07,Indústria,1481364,2019
2019-07-08,Indústria,2310510,2019
2019-07-09,Indústria,2318150,2019
2019-07-10,Indústria,2339137,2019
2019-07-11,Indústria,2402979,2019
2019-07-12,Indústria,2388176,2019
2019-07-13,Indústria,1629028,2019
2019-07-14,Indústria,1456869,2019
2019-07-15,Indústria,2275138,2019
2019-07-16,Indústria,2324218,2019
2019-07-17,Indústria,2342260,2019
2019-07-18,Indústria,2381723,2019
2019-07-19,Indústria,2368084,2019
2019-07-20,Indústria,1644833,2019
2019-07-21,Indústria,1535278,2019
2019-07-22,Indústria,2375370,2019
2019-07-23,Indústria,2395763,2019
2019-07-24,Indústria,2445338,2019
2019-07-25,Indústria,2396725,2019
2019-07-26,Indústria,2410053,2019
2019-07-27,Indústria,1608191,2019
2019-07-28,Indústria,1413486,2019
2019-07-29,Indústria,2233792,2019
2019-07-30,Indústria,2357756,2019
2019-07-31,Indústria,2261363,2019
2019-08-01,Indústria,2381812,2019
2019-08-02,Indústria,2429841,2019
2019-08-03,Indústria,1755462,2019
2019-08-04,Indústria,1597200,2019
2019-08-05,Indústria,2213293,2019
2019-08-06,Indústria,2312853,2019
2019-08-07,Indústria,2263168,2019
2019-08-08,Indústria,2217240,2019
2019-08-09,Indústria,2183101,2019
2019-08-10,Indústria,1759668,2019
2019-08-11,Indústria,1508781,2019
2019-08-12,Indústria,1961722,2019
2019-08-13,Indústria,1939072,2019
2019-08-14,Indústria,1936225,2019
2019-08-15,Indústria,1648269,2019
2019-08-16,Indústria,1816769,2019
2019-08-17,Indústria,1656733,2019
2019-08-18,Indústria,1510235,2019
2019-08-19,Indústria,2034490,2019
2019-08-20,Indústria,2071196,2019
2019-08-21,Indústria,2110096,2019
2019-08-22,Indústria,2161501,2019
2019-08-23,Indústria,2133564,2019
2019-08-24,Indústria,1754687,2019
2019-08-25,Indústria,1547527,2019
2019-08-26,Indústria,2291884,2019
2019-08-27,Indústria,2348069,2019
2019-08-28,Indústria,2306881,2019
2019-08-29,Indústria,2284654,2019
2019-08-30,Indústria,2379605,2019
2019-08-31,Indústria,1797034,2019
2019-09-01,Indústria,1394358,2019
2019-09-02,Indústria,2255581,2019
2019-09-03,Indústria,2316212,2019
2019-09-04,Indústria,2362743,2019
2019-09-05,Indústria,2289466,2019
2019-09-06,Indústria,2172656,2019
2019-09-07,Indústria,1552779,2019
2019-09-08,Indústria,1334620,2019
2019-09-09,Indústria,2121618,2019
2019-09-10,Indústria,2090050,2019
2019-09-11,Indústria,1549319,2019
2019-09-12,Indústria,2124106,2019
2019-09-13,Indústria,2094761,2019
2019-09-14,Indústria,1576162,2019
2019-09-15,Indústria,1394467,2019
2019-09-16,Indústria,2237418,2019
2019-09-17,Indústria,2350742,2019
2019-09-18,Indústria,2402412,2019
2019-09-19,Indústria,2388658,2019
2019-09-20,Indústria,2290262,2019
2019-09-21,Indústria,1570471,2019
2019-09-22,Indústria,1374679,2019
2019-09-23,Indústria,1781766,2019
2019-09-24,Indústria,1680237,2019
2019-09-25,Indústria,2209958,2019
2019-09-26,Indústria,2221236,2019
2019-09-27,Indústria,2148038,2019
2019-09-28,Indústria,1484492,2019
2019-09-29,Indústria,1247378,2019
2019-09-30,Indústria,2143966,2019
2019-10-01,Indústria,2180817,2019
2019-10-02,Indústria,2062148,2019
2019-10-03,Indústria,1986348,2019
2019-10-04,Indústria,1964978,2019
2019-10-05,Indústria,1391120,2019
2019-10-06,Indústria,1172617,2019
2019-10-07,Indústria,1952211,2019
2019-10-08,Indústria,2041004,2019
2019-10-09,Indústria,2007025,2019
2019-10-10,Indústria,1900300,2019
2019-10-11,Indústria,1902537,2019
2019-10-12,Indústria,1339236,2019
2019-10-13,Indústria,1172522,2019
2019-10-14,Indústria,1976703,2019
2019-10-15,Indústria,1893750,2019
2019-10-16,Indústria,1891263,2019
2019-10-17,Indústria,1912751,2019
2019-10-18,Indústria,1677293,2019
2019-10-19,Indústria,1262544,2019
2019-10-20,Indústria,1139269,2019
2019-10-21,Indústria,1781004,2019
2019-10-22,Indústria,1876738,2019
2019-10-23,Indústria,1876201,2019
2019-10-24,Indústria,1904210,2019
2019-10-25,Indústria,1850932,2019
2019-10-26,Indústria,1272156,2019
2019-10-27,Indústria,1118552,2019
2019-10-28,Indústria,1737534,2019
2019-10-29,Indústria,1817347,2019
2019-10-30,Indústria,1884792,2019
2019-10-31,Indústria,1883967,2019
2019-11-01,Indústria,2349140,2019
2019-11-02,Indústria,2291900,2019
2019-11-03,Indústria,2205722,2019
2019-11-04,Indústria,3239054,2019
2019-11-05,Indústria,3365371,2019
2019-11-06,Indústria,3306554,2019
2019-11-07,Indústria,3277053,2019
2019-11-08,Indústria,3274329,2019
2019-11-09,Indústria,2465668,2019
2019-11-10,Indústria,2287503,2019
2019-11-11,Indústria,3543165,2019
2019-11-12,Indústria,3436097,2019
2019-11-13,Indústria,3339988,2019
2019-11-14,Indústria,3339084,2019
2019-11-15,Indústria,3475599,2019
2019-11-16,Indústria,2514812,2019
2019-11-17,Indústria,2200520,2019
2019-11-18,Indústria,3276041,2019
2019-11-19,Indústria,3291287,2019
2019-11-20,Indústria,3215394,2019
2019-11-21,Indústria,3144618,2019
2019-11-22,Indústria,2959934,2019
2019-11-23,Indústria,2027090,2019
2019-11-24,Indústria,1796038,2019
2019-11-25,Indústria,3057723,2019
2019-11-26,Indústria,3140335,2019
2019-11-27,Indústria,2976025,2019
2019-11-28,Indústria,2965277,2019
2019-11-29,Indústria,2974869,2019
2019-11-30,Indústria,2079872,2019
2019-12-01,Indústria,1031462,2019
2019-12-02,Indústria,1689425,2019
2019-12-03,Indústria,1780840,2019
2019-12-04,Indústria,1857273,2019
2019-12-05,Indústria,1815617,2019
2019-12-06,Indústria,1211922,2019
2019-12-07,Indústria,1150246,2019
2019-12-08,Indústria,1086340,2019
2019-12-09,Indústria,1849101,2019
2019-12-10,Indústria,1946341,2019
2019-12-11,Indústria,1940022,2019
2019-12-12,Indústria,1960050,2019
2019-12-13,Indústria,1875011,2019
2019-12-14,Indústria,1339530,2019
2019-12-15,Indústria,1149042,2019
2019-12-16,Indústria,1805748,2019
2019-12-17,Indústria,1902144,2019
2019-12-18,Indústria,1809228,2019
2019-12-19,Indústria,1833641,2019
2019-12-20,Indústria,1686432,2019
2019-12-21,Indústria,1184844,2019
2019-12-22,Indústria,1063756,2019
2019-12-23,Indústria,1366888,2019
2019-12-24,Indústria,1273782,2019
2019-12-25,Indústria,1004408,2019
2019-12-26,Indústria,1074429,2019
2019-12-27,Indústria,1284216,2019
2019-12-28,Indústria,1108430,2019
2019-12-29,Indústria,1087886,2019
2019-12-30,Indústria,1416578,2019
2019-12-31,Indústria,1318729,2019
2020-01-01,Indústria,1840619,2020
2020-01-02,Indústria,2530835,2020
2020-01-03,Indústria,2742286,2020
2020-01-04,Indústria,2230244,2020
2020-01-05,Indústria,2008513,2020
2020-01-06,Indústria,2030825,2020
2020-01-07,Indústria,3203844,2020
2020-01-08,Indústria,3451551,2020
2020-01-09,Indústria,3467895,2020
2020-01-10,Indústria,3434642,2020
2020-01-11,Indústria,2471020,2020
2020-01-12,Indústria,2158102,2020
2020-01-13,Indústria,3507069,2020
2020-01-14,Indústria,3582975,2020
2020-01-15,Indústria,3430711,2020
2020-01-16,Indústria,3428057,2020
2020-01-17,Indústria,3315270,2020
2020-01-18,Indústria,2391528,2020
2020-01-19,Indústria,2047111,2020
2020-01-20,Indústria,3517278,2020
2020-01-21,Indústria,3581980,2020
2020-01-22,Indústria,3580901,2020
2020-01-23,Indústria,3533117,2020
2020-01-24,Indústria,3462167,2020
2020-01-25,Indústria,2369734,2020
2020-01-26,Indústria,1966873,2020
2020-01-27,Indústria,3151161,2020
2020-01-28,Indústria,3414242,2020
2020-01-29,Indústria,3459676,2020
2020-01-30,Indústria,3451577,2020
2020-01-31,Indústria,3403140,2020
2020-02-01,Indústria,1368022,2020
2020-02-02,Indústria,1204103,2020
2020-02-03,Indústria,1883556,2020
2020-02-04,Indústria,1934601,2020
2020-02-05,Indústria,1981143,2020
2020-02-06,Indústria,2040938,2020
2020-02-07,Indústria,1946369,2020
2020-02-08,Indústria,1406367,2020
2020-02-09,Indústria,1289236,2020
2020-02-10,Indústria,1899175,2020
2020-02-11,Indústria,1950338,2020
2020-02-12,Indústria,2003946,2020
2020-02-13,Indústria,1971092,2020
2020-02-14,Indústria,1984016,2020
2020-02-15,Indústria,1412962,2020
2020-02-16,Indústria,1204713,2020
2020-02-17,Indústria,1868608,2020
2020-02-18,Indústria,1963298,2020
2020-02-19,Indústria,2006955,2020
2020-02-20,Indústria,1987849,2020
2020-02-21,Indústria,1930023,2020
2020-02-22,Indústria,1373344,2020
2020-02-23,Indústria,1208373,2020
2020-02-24,Indústria,1847382,2020
2020-02-25,Indústria,1903979,2020
2020-02-26,Indústria,1896455,2020
2020-02-27,Indústria,1915752,2020
2020-02-28,Indústria,1873233,2020
2020-02-29,Indústria,1326387,2020
2020-03-01,Indústria,1215322,2020
2020-03-02,Indústria,1922303,2020
2020-03-03,Indústria,1968828,2020
2020-03-04,Indústria,1920926,2020
2020-03-05,Indústria,1917233,2020
2020-03-06,Indústria,1855932,2020
2020-03-07,Indústria,1341991,2020
2020-03-08,Indústria,1230004,2020
2020-03-09,Indústria,1903821,2020
2020-03-10,Indústria,1949925,2020
2020-03-11,Indústria,1917192,2020
2020-03-12,Indústria,1897608,2020
2020-03-13,Indústria,1839894,2020
2020-03-14,Indústria,1335727,2020
2020-03-15,Indústria,1159383,2020
2020-03-16,Indústria,1575150,2020
2020-03-17,Indústria,1492713,2020
2020-03-18,Indústria,1399856,2020
2020-03-19,Indústria,1405800,2020
2020-03-20,Indústria,1408966,2020
2020-03-21,Indústria,1099797,2020
2020-03-22,Indústria,1113528,2020
2020-03-23,Indústria,1348972,2020
2020-03-24,Indústria,1328984,2020
2020-03-25,Indústria,1330919,2020
2020-03-26,Indústria,1308211,2020
2020-03-27,Indústria,1308722,2020
2020-03-28,Indústria,1104723,2020
2020-03-29,Indústria,1031258,2020
2020-03-30,Indústria,1258595,2020
2020-03-31,Indústria,1322209,2020
2020-04-01,Indústria,1204868,2020
2020-04-02,Indústria,1174811,2020
2020-04-03,Indústria,1194418,2020
2020-04-04,Indústria,1059616,2020
2020-04-05,Indústria,1010864,2020
2020-04-06,Indústria,1177798,2020
2020-04-07,Indústria,1199939,2020
2020-04-08,Indústria,1165431,2020
2020-04-09,Indústria,1129911,2020
2020-04-10,Indústria,1052852,2020
2020-04-11,Indústria,1081747,2020
2020-04-12,Indústria,1065108,2020
2020-04-13,Indústria,1101250,2020
2020-04-14,Indústria,1311472,2020
2020-04-15,Indústria,1376328,2020
2020-04-16,Indústria,1360597,2020
2020-04-17,Indústria,1329492,2020
2020-04-18,Indústria,1126457,2020
2020-04-19,Indústria,1046977,2020
2020-04-20,Indústria,1285811,2020
2020-04-21,Indústria,1336741,2020
2020-04-22,Indústria,1334407,2020
2020-04-23,Indústria,1341635,2020
2020-04-24,Indústria,1311952,2020
2020-04-25,Indústria,1109485,2020
2020-04-26,Indústria,1062793,2020
2020-04-27,Indústria,1370014,2020
2020-04-28,Indústria,1410587,2020
2020-04-29,Indústria,1398630,2020
2020-04-30,Indústria,1330454,2020
2020-05-01,Indústria,1087080,2020
2020-05-02,Indústria,1155978,2020
2020-05-03,Indústria,1186054,2020
2020-05-04,Indústria,1572782,2020
2020-05-05,Indústria,1569723,2020
2020-05-06,Indústria,1581836,2020
2020-05-07,Indústria,1531428,2020
2020-05-08,Indústria,1523408,2020
2020-05-09,Indústria,1173421,2020
2020-05-10,Indústria,1148067,2020
2020-05-11,Indústria,1488812,2020
2020-05-12,Indústria,1462277,2020
2020-05-13,Indústria,1483605,2020
2020-05-14,Indústria,1477376,2020
2020-05-15,Indústria,1429792,2020
2020-05-16,Indústria,1122181,2020
2020-05-17,Indústria,1030984,2020
2020-05-18,Indústria,1445529,2020
2020-05-19,Indústria,1497342,2020
2020-05-20,Indústria,1520729,2020
2020-05-21,Indústria,1575176,2020
2020-05-22,Indústria,1559618,2020
2020-05-23,Indústria,1183995,2020
2020-05-24,Indústria,1076047,2020
2020-05-25,Indústria,1509356,2020
2020-05-26,Indústria,1629393,2020
2020-05-27,Indústria,1604700,2020
2020-05-28,Indústria,1552635,2020
2020-05-29,Indústria,1556994,2020
2020-05-30,Indústria,1180367,2020
2020-05-31,Indústria,1085553,2020
2020-06-01,Indústria,1288977,2020
2020-06-02,Indústria,1545505,2020
2020-06-03,Indústria,1628192,2020
2020-06-04,Indústria,1536399,2020
2020-06-05,Indústria,1498573,2020
2020-06-06,Indústria,1200048,2020
2020-06-07,Indústria,1030400,2020
2020-06-08,Indústria,1442616,2020
2020-06-09,Indústria,1523091,2020
2020-06-10,Indústria,1547328,2020
2020-06-11,Indústria,1573016,2020
2020-06-12,Indústria,1592696,2020
2020-06-13,Indústria,1203851,2020
2020-06-14,Indústria,1098900,2020
2020-06-15,Indústria,1578910,2020
2020-06-16,Indústria,1629708,2020
2020-06-17,Indústria,1652966,2020
2020-06-18,Indústria,1598633,2020
2020-06-19,Indústria,1603333,2020
2020-06-20,Indústria,1261743,2020
2020-06-21,Indústria,1167105,2020
2020-06-22,Indústria,1560974,2020
2020-06-23,Indústria,1523741,2020
2020-06-24,Indústria,1260463,2020
2020-06-25,Indústria,1683636,2020
2020-06-26,Indústria,1702637,2020
2020-06-27,Indústria,1422452,2020
2020-06-28,Indústria,1257897,2020
2020-06-29,Indústria,1838793,2020
2020-06-30,Indústria,1904043,2020
2020-07-01,Indústria,1788681,2020
2020-07-02,Indústria,1838489,2020
2020-07-03,Indústria,1691983,2020
2020-07-04,Indústria,1267017,2020
2020-07-05,Indústria,1140586,2020
2020-07-06,Indústria,1649836,2020
2020-07-07,Indústria,1702775,2020
2020-07-08,Indústria,1809112,2020
2020-07-09,Indústria,1825667,2020
2020-07-10,Indústria,1751703,2020
2020-07-11,Indústria,1350753,2020
2020-07-12,Indústria,1153207,2020
2020-07-13,Indústria,1719943,2020
2020-07-14,Indústria,1791867,2020
2020-07-15,Indústria,1789628,2020
2020-07-16,Indústria,1742912,2020
2020-07-17,Indústria,1706300,2020
2020-07-18,Indústria,1336168,2020
2020-07-19,Indústria,1184641,2020
2020-07-20,Indústria,1742196,2020
2020-07-21,Indústria,1862141,2020
2020-07-22,Indústria,1820921,2020
2020-07-23,Indústria,1814495,2020
2020-07-24,Indústria,1755134,2020
2020-07-25,Indústria,1341111,2020
2020-07-26,Indústria,1206668,2020
2020-07-27,Indústria,1787849,2020
2020-07-28,Indústria,1855864,2020
2020-07-29,Indústria,1859286,2020
2020-07-30,Indústria,1825668,2020
2020-07-31,Indústria,1784202,2020
2020-08-01,Indústria,1471260,2020
2020-08-02,Indústria,1253375,2020
2020-08-03,Indústria,1713123,2020
2020-08-04,Indústria,1791142,2020
2020-08-05,Indústria,1837562,2020
2020-08-06,Indústria,1873582,2020
2020-08-07,Indústria,1811661,2020
2020-08-08,Indústria,1411765,2020
2020-08-09,Indústria,1271562,2020
2020-08-10,Indústria,1693987,2020
2020-08-11,Indústria,1697880,2020
2020-08-12,Indústria,1696908,2020
2020-08-13,Indústria,1649060,2020
2020-08-14,Indústria,1600046,2020
2020-08-15,Indústria,1235161,2020
2020-08-16,Indústria,1174134,2020
2020-08-17,Indústria,1629822,2020
2020-08-18,Indústria,1670129,2020
2020-08-19,Indústria,1699760,2020
2020-08-20,Indústria,1731410,2020
2020-08-21,Indústria,1742227,2020
2020-08-22,Indústria,1395781,2020
2020-08-23,Indústria,1225391,2020
2020-08-24,Indústria,1821795,2020
2020-08-25,Indústria,1883569,2020
2020-08-26,Indústria,1918452,2020
2020-08-27,Indústria,1963049,2020
2020-08-28,Indústria,1893257,2020
2020-08-29,Indústria,1271505,2020
2020-08-30,Indústria,1177131,2020
2020-08-31,Indústria,1665584,2020
2020-09-01,Indústria,1847171,2020
2020-09-02,Indústria,1887182,2020
2020-09-03,Indústria,1935647,2020
2020-09-04,Indústria,1880659,2020
2020-09-05,Indústria,1449663,2020
2020-09-06,Indústria,1298520,2020
2020-09-07,Indústria,1827809,2020
2020-09-08,Indústria,1882306,2020
2020-09-09,Indústria,1813849,2020
2020-09-10,Indústria,1830877,2020
2020-09-11,Indústria,1544117,2020
2020-09-12,Indústria,1403526,2020
2020-09-13,Indústria,1323880,2020
2020-09-14,Indústria,1919034,2020
2020-09-15,Indústria,2048044,2020
2020-09-16,Indústria,2035544,2020
2020-09-17,Indústria,2073249,2020
2020-09-18,Indústria,1963991,2020
2020-09-19,Indústria,1452367,2020
2020-09-20,Indústria,1239706,2020
2020-09-21,Indústria,1770709,2020
2020-09-22,Indústria,1891909,2020
2020-09-23,Indústria,1855249,2020
2020-09-24,Indústria,1531040,2020
2020-09-25,Indústria,1518473,2020
2020-09-26,Indústria,1265591,2020
2020-09-27,Indústria,1122992,2020
2020-09-28,Indústria,1594285,2020
2020-09-29,Indústria,1699988,2020
2020-09-30,Indústria,1783124,2020
2020-10-01,Indústria,1676829,2020
2020-10-02,Indústria,1595434,2020
2020-10-03,Indústria,1185993,2020
2020-10-04,Indústria,1094768,2020
2020-10-05,Indústria,1528951,2020
2020-10-06,Indústria,1557525,2020
2020-10-07,Indústria,1621962,2020
2020-10-08,Indústria,1647916,2020
2020-10-09,Indústria,1659102,2020
2020-10-10,Indústria,1221115,2020
2020-10-11,Indústria,1075463,2020
2020-10-12,Indústria,1122738,2020
2020-10-13,Indústria,1522975,2020
2020-10-14,Indústria,1625451,2020
2020-10-15,Indústria,1641703,2020
2020-10-16,Indústria,1618182,2020
2020-10-17,Indústria,1208768,2020
2020-10-18,Indústria,1045397,2020
2020-10-19,Indústria,1566837,2020
2020-10-20,Indústria,1625059,2020
2020-10-21,Indústria,1653357,2020
2020-10-22,Indústria,1684830,2020
2020-10-23,Indústria,1624438,2020
2020-10-24,Indústria,1228802,2020
2020-10-25,Indústria,1105553,2020
2020-10-26,Indústria,1614978,2020
2020-10-27,Indústria,1658642,2020
2020-10-28,Indústria,1585114,2020
2020-10-29,Indústria,1556831,2020
2020-10-30,Indústria,1510015,2020
2020-10-31,Indústria,1099140,2020
2020-11-01,Indústria,1066631,2020
2020-11-02,Indústria,1565454,2020
2020-11-03,Indústria,1622338,2020
2020-11-04,Indústria,1612237,2020
2020-11-05,Indústria,1620835,2020
2020-11-06,Indústria,1566503,2020
2020-11-07,Indústria,1193588,2020
2020-11-08,Indústria,1037771,2020
2020-11-09,Indústria,1534002,2020
2020-11-10,Indústria,1537480,2020
2020-11-11,Indústria,1536624,2020
2020-11-12,Indústria,1669383,2020
2020-11-13,Indústria,1634614,2020
2020-11-14,Indústria,1258982,2020
2020-11-15,Indústria,1143709,2020
2020-11-16,Indústria,1607126,2020
2020-11-17,Indústria,1609818,2020
2020-11-18,Indústria,1612408,2020
2020-11-19,Indústria,1614093,2020
2020-11-20,Indústria,1643563,2020
2020-11-21,Indústria,1278537,2020
2020-11-22,Indústria,1139510,2020
2020-11-23,Indústria,1654838,2020
2020-11-24,Indústria,1636209,2020
2020-11-25,Indústria,1622682,2020
2020-11-26,Indústria,1572100,2020
2020-11-27,Indústria,1542435,2020
2020-11-28,Indústria,1204728,2020
2020-11-29,Indústria,1029538,2020
2020-11-30,Indústria,1538153,2020
2020-12-01,Indústria,1629893,2020
2020-12-02,Indústria,1672550,2020
2020-12-03,Indústria,1671597,2020
2020-12-04,Indústria,1614431,2020
2020-12-05,Indústria,1177382,2020
2020-12-06,Indústria,1060807,2020
2020-12-07,Indústria,1343518,2020
2020-12-08,Indústria,1161003,2020
2020-12-09,Indústria,1662192,2020
2020-12-10,Indústria,1684625,2020
2020-12-11,Indústria,1720149,2020
2020-12-12,Indústria,1213212,2020
2020-12-13,Indústria,1080404,2020
2020-12-14,Indústria,1656190,2020
2020-12-15,Indústria,1719230,2020
2020-12-16,Indústria,1629220,2020
2020-12-17,Indústria,1621254,2020
2020-12-18,Indústria,1578925,2020
2020-12-19,Indústria,1148181,2020
2020-12-20,Indústria,1041377,2020
2020-12-21,Indústria,1573516,2020
2020-12-22,Indústria,1604238,2020
2020-12-23,Indústria,1480485,2020
2020-12-24,Indústria,1212636,2020
2020-12-25,Indústria,923546,2020
2020-12-26,Indústria,973718,2020
2020-12-27,Indústria,998760,2020
2020-12-28,Indústria,1284787,2020
2020-12-29,Indústria,1293681,2020
2020-12-30,Indústria,1309179,2020
2020-12-31,Indústria,1189859,2020
2021-01-01,Indústria,1022674,2021
2021-01-02,Indústria,1087037,2021
2021-01-03,Indústria,1083139,2021
2021-01-04,Indústria,1502585,2021
2021-01-05,Indústria,1501858,2021
2021-01-06,Indústria,1139538,2021
2021-01-07,Indústria,1806375,2021
2021-01-08,Indústria,1835928,2021
2021-01-09,Indústria,1298661,2021
2021-01-10,Indústria,1204310,2021
2021-01-11,Indústria,1854509,2021
2021-01-12,Indústria,1910942,2021
2021-01-13,Indústria,1929903,2021
2021-01-14,Indústria,1895820,2021
2021-01-15,Indústria,1844164,2021
2021-01-16,Indústria,1287331,2021
2021-01-17,Indústria,1185509,2021
2021-01-18,Indústria,1824325,2021
2021-01-19,Indústria,1844290,2021
2021-01-20,Indústria,1813100,2021
2021-01-21,Indústria,1802734,2021
2021-01-22,Indústria,1737069,2021
2021-01-23,Indústria,1189238,2021
2021-01-24,Indústria,1075685,2021
2021-01-25,Indústria,1678968,2021
2021-01-26,Indústria,1710595,2021
2021-01-27,Indústria,1709964,2021
2021-01-28,Indústria,1678407,2021
2021-01-29,Indústria,1632696,2021
2021-01-30,Indústria,1167569,2021
2021-01-31,Indústria,1068983,2021
2021-02-01,Indústria,1672150,2021
2021-02-02,Indústria,1742750,2021
2021-02-03,Indústria,1710015,2021
2021-02-04,Indústria,1740322,2021
2021-02-05,Indústria,1698519,2021
2021-02-06,Indústria,1289204,2021
2021-02-07,Indústria,1171074,2021
2021-02-08,Indústria,1739776,2021
2021-02-09,Indústria,1773662,2021
2021-02-10,Indústria,1784050,2021
2021-02-11,Indústria,1760184,2021
2021-02-12,Indústria,1709483,2021
2021-02-13,Indústria,1238372,2021
2021-02-14,Indústria,1171806,2021
2021-02-15,Indústria,1737694,2021
2021-02-16,Indústria,1805610,2021
2021-02-17,Indústria,1822466,2021
2021-02-18,Indústria,1755820,2021
2021-02-19,Indústria,1796195,2021
2021-02-20,Indústria,1287711,2021
2021-02-21,Indústria,1182388,2021
2021-02-22,Indústria,1817657,2021
2021-02-23,Indústria,1844380,2021
2021-02-24,Indústria,1825978,2021
2021-02-25,Indústria,1818148,2021
2021-02-26,Indústria,1759981,2021
2021-02-27,Indústria,1323745,2021
2021-02-28,Indústria,1141358,2021
2021-03-01,Indústria,1681505,2021
2021-03-02,Indústria,1759882,2021
2021-03-03,Indústria,1738418,2021
2021-03-04,Indústria,1748709,2021
2021-03-05,Indústria,1697385,2021
2021-03-06,Indústria,1252241,2021
2021-03-07,Indústria,1155165,2021
2021-03-08,Indústria,1739783,2021
2021-03-09,Indústria,1779185,2021
2021-03-10,Indústria,1832032,2021
2021-03-11,Indústria,1788520,2021
2021-03-12,Indústria,1724144,2021
2021-03-13,Indústria,1246446,2021
2021-03-14,Indústria,1131228,2021
2021-03-15,Indústria,1686703,2021
2021-03-16,Indústria,1771980,2021
2021-03-17,Indústria,1730381,2021
2021-03-18,Indústria,1767286,2021
2021-03-19,Indústria,1787609,2021
2021-03-20,Indústria,1336342,2021
2021-03-21,Indústria,1203514,2021
2021-03-22,Indústria,1703907,2021
2021-03-23,Indústria,1775352,2021
2021-03-24,Indústria,1785148,2021
2021-03-25,Indústria,1784402,2021
2021-03-26,Indústria,1738652,2021
2021-03-27,Indústria,1269217,2021
2021-03-28,Indústria,1086212,2021
2021-03-29,Indústria,1571899,2021
2021-03-30,Indústria,1623020,2021
2021-03-31,Indústria,1558785,2021
2021-04-01,Indústria,1513483,2021
2021-04-02,Indústria,1297155,2021
2021-04-03,Indústria,1267163,2021
2021-04-04,Indústria,1282761,2021
2021-04-05,Indústria,1314775,2021
2021-04-06,Indústria,1799344,2021
2021-04-07,Indústria,1870954,2021
2021-04-08,Indústria,1881734,2021
2021-04-09,Indústria,1872767,2021
2021-04-10,Indústria,1458997,2021
2021-04-11,Indústria,1344554,2021
2021-04-12,Indústria,1881821,2021
2021-04-13,Indústria,1902158,2021
2021-04-14,Indústria,1900022,2021
2021-04-15,Indústria,1888104,2021
2021-04-16,Indústria,1870563,2021
2021-04-17,Indústria,1428231,2021
2021-04-18,Indústria,1277694,2021
2021-04-19,Indústria,1810016,2021
2021-04-20,Indústria,1881040,2021
2021-04-21,Indústria,1864401,2021
2021-04-22,Indústria,1868596,2021
2021-04-23,Indústria,1853078,2021
2021-04-24,Indústria,1406338,2021
2021-04-25,Indústria,1333882,2021
2021-04-26,Indústria,1852536,2021
2021-04-27,Indústria,1910394,2021
2021-04-28,Indústria,1856758,2021
2021-04-29,Indústria,1854825,2021
2021-04-30,Indústria,1837259,2021
2021-05-01,Indústria,1263841,2021
2021-05-02,Indústria,1231953,2021
2021-05-03,Indústria,1837153,2021
2021-05-04,Indústria,1770032,2021
2021-05-05,Indústria,1842502,2021
2021-05-06,Indústria,1869319,2021
2021-05-07,Indústria,1893914,2021
2021-05-08,Indústria,1469960,2021
2021-05-09,Indústria,1285939,2021
2021-05-10,Indústria,1832079,2021
2021-05-11,Indústria,1902050,2021
2021-05-12,Indústria,1897491,2021
2021-05-13,Indústria,1908457,2021
2021-05-14,Indústria,1903356,2021
2021-05-15,Indústria,1480184,2021
2021-05-16,Indústria,1350418,2021
2021-05-17,Indústria,1849011,2021
2021-05-18,Indústria,1841238,2021
2021-05-19,Indústria,1837284,2021
2021-05-20,Indústria,1819480,2021
2021-05-21,Indústria,1722855,2021
2021-05-22,Indústria,1296822,2021
2021-05-23,Indústria,1145836,2021
2021-05-24,Indústria,1282439,2021
2021-05-25,Indústria,1670439,2021
2021-05-26,Indústria,1720446,2021
2021-05-27,Indústria,1734983,2021
2021-05-28,Indústria,1842470,2021
2021-05-29,Indústria,1440752,2021
2021-05-30,Indústria,1348727,2021
2021-05-31,Indústria,1892620,2021
2021-06-01,Indústria,1918633,2021
2021-06-02,Indústria,1916018,2021
2021-06-03,Indústria,2001066,2021
2021-06-04,Indústria,1900003,2021
2021-06-05,Indústria,1311954,2021
2021-06-06,Indústria,1136649,2021
2021-06-07,Indústria,1886243,2021
2021-06-08,Indústria,2002732,2021
2021-06-09,Indústria,2039652,2021
2021-06-10,Indústria,2071015,2021
2021-06-11,Indústria,2067456,2021
2021-06-12,Indústria,1514881,2021
2021-06-13,Indústria,1288510,2021
2021-06-14,Indústria,2089302,2021
2021-06-15,Indústria,2232546,2021
2021-06-16,Indústria,2231031,2021
2021-06-17,Indústria,2200937,2021
2021-06-18,Indústria,2100462,2021
2021-06-19,Indústria,1505588,2021
2021-06-20,Indústria,1256447,2021
2021-06-21,Indústria,2009704,2021
2021-06-22,Indústria,2069963,2021
2021-06-23,Indústria,1724100,2021
2021-06-24,Indústria,1251069,2021
2021-06-25,Indústria,1460353,2021
2021-06-26,Indústria,1280412,2021
2021-06-27,Indústria,1195612,2021
2021-06-28,Indústria,1816925,2021
2021-06-29,Indústria,1899763,2021
2021-06-30,Indústria,1929499,2021
2021-07-01,Indústria,2076759,2021
2021-07-02,Indústria,2015446,2021
2021-07-03,Indústria,1383238,2021
2021-07-04,Indústria,1262739,2021
2021-07-05,Indústria,2043368,2021
2021-07-06,Indústria,2096289,2021
2021-07-07,Indústria,1934276,2021
2021-07-08,Indústria,1947814,2021
2021-07-09,Indústria,1915118,2021
2021-07-10,Indústria,1368300,2021
2021-07-11,Indústria,1227514,2021
2021-07-12,Indústria,2021578,2021
2021-07-13,Indústria,1926931,2021
2021-07-14,Indústria,2014061,2021
2021-07-15,Indústria,2124510,2021
2021-07-16,Indústria,1922370,2021
2021-07-17,Indústria,1259429,2021
2021-07-18,Indústria,1121945,2021
2021-07-19,Indústria,1799020,2021
2021-07-20,Indústria,1916834,2021
2021-07-21,Indústria,1961818,2021
2021-07-22,Indústria,2050371,2021
2021-07-23,Indústria,1994276,2021
2021-07-24,Indústria,1420708,2021
2021-07-25,Indústria,1177953,2021
2021-07-26,Indústria,1790856,2021
2021-07-27,Indústria,1873722,2021
2021-07-28,Indústria,1900906,2021
2021-07-29,Indústria,1893778,2021
2021-07-30,Indústria,1871389,2021
2021-07-31,Indústria,1217015,2021
2021-08-01,Indústria,1178264,2021
2021-08-02,Indústria,1580688,2021
2021-08-03,Indústria,1662395,2021
2021-08-04,Indústria,1602470,2021
2021-08-05,Indústria,1644415,2021
2021-08-06,Indústria,1619079,2021
2021-08-07,Indústria,1276258,2021
2021-08-08,Indústria,1098150,2021
2021-08-09,Indústria,1400294,2021
2021-08-10,Indústria,1479145,2021
2021-08-11,Indústria,1553403,2021
2021-08-12,Indústria,1579753,2021
2021-08-13,Indústria,1587044,2021
2021-08-14,Indústria,1345046,2021
2021-08-15,Indústria,1243946,2021
2021-08-16,Indústria,1595677,2021
2021-08-17,Indústria,1533687,2021
2021-08-18,Indústria,1567640,2021
2021-08-19,Indústria,1417552,2021
2021-08-20,Indústria,1404018,2021
2021-08-21,Indústria,1261560,2021
2021-08-22,Indústria,1216494,2021
2021-08-23,Indústria,1781028,2021
2021-08-24,Indústria,1876673,2021
2021-08-25,Indústria,1893790,2021
2021-08-26,Indústria,1826317,2021
2021-08-27,Indústria,1830609,2021
2021-08-28,Indústria,1299314,2021
2021-08-29,Indústria,1180993,2021
2021-08-30,Indústria,1715705,2021
2021-08-31,Indústria,1857716,2021
2021-09-01,Indústria,1897518,2021
2021-09-02,Indústria,1914257,2021
2021-09-03,Indústria,1842196,2021
2021-09-04,Indústria,1177886,2021
2021-09-05,Indústria,1078684,2021
2021-09-06,Indústria,1800617,2021
2021-09-07,Indústria,1894979,2021
2021-09-08,Indústria,2043538,2021
2021-09-09,Indústria,2083588,2021
2021-09-10,Indústria,1912024,2021
2021-09-11,Indústria,1170230,2021
2021-09-12,Indústria,1139201,2021
2021-09-13,Indústria,1845530,2021
2021-09-14,Indústria,1948270,2021
2021-09-15,Indústria,2046589,2021
2021-09-16,Indústria,1885866,2021
2021-09-17,Indústria,1803194,2021
2021-09-18,Indústria,1200170,2021
2021-09-19,Indústria,1083710,2021
2021-09-20,Indústria,1500373,2021
2021-09-21,Indústria,1626266,2021
2021-09-22,Indústria,1634161,2021
2021-09-23,Indústria,1614092,2021
2021-09-24,Indústria,1286198,2021
2021-09-25,Indústria,1142314,2021
2021-09-26,Indústria,1043543,2021
2021-09-27,Indústria,1658520,2021
2021-09-28,Indústria,1774126,2021
2021-09-29,Indústria,1849045,2021
2021-09-30,Indústria,1797793,2021
2021-10-01,Indústria,1750039,2021
2021-10-02,Indústria,1205288,2021
2021-10-03,Indústria,1117111,2021
2021-10-04,Indústria,1544932,2021
2021-10-05,Indústria,1620842,2021
2021-10-06,Indústria,1693331,2021
2021-10-07,Indústria,1749295,2021
2021-10-08,Indústria,1711085,2021
2021-10-09,Indústria,1262304,2021
2021-10-10,Indústria,1095211,2021
2021-10-11,Indústria,1396713,2021
2021-10-12,Indústria,1154810,2021
2021-10-13,Indústria,1572438,2021
2021-10-14,Indústria,1623603,2021
2021-10-15,Indústria,1656267,2021
2021-10-16,Indústria,1182978,2021
2021-10-17,Indústria,1139404,2021
2021-10-18,Indústria,1697856,2021
2021-10-19,Indústria,1862528,2021
2021-10-20,Indústria,1884109,2021
2021-10-21,Indústria,1833148,2021
2021-10-22,Indústria,1669383,2021
2021-10-23,Indústria,1212411,2021
2021-10-24,Indústria,1166465,2021
2021-10-25,Indústria,1761069,2021
2021-10-26,Indústria,1839103,2021
2021-10-27,Indústria,1754729,2021
2021-10-28,Indústria,1680582,2021
2021-10-29,Indústria,1575234,2021
2021-10-30,Indústria,1133880,2021
2021-10-31,Indústria,990211,2021
2021-11-01,Indústria,1097895,2021
2021-11-02,Indústria,1643622,2021
2021-11-03,Indústria,1756536,2021
2021-11-04,Indústria,1792857,2021
2021-11-05,Indústria,1710424,2021
2021-11-06,Indústria,1239126,2021
2021-11-07,Indústria,1151347,2021
2021-11-08,Indústria,1708494,2021
2021-11-09,Indústria,1801665,2021
2021-11-10,Indústria,1811030,2021
2021-11-11,Indústria,1811613,2021
2021-11-12,Indústria,1679983,2021
2021-11-13,Indústria,1198056,2021
2021-11-14,Indústria,1179989,2021
2021-11-15,Indústria,1736646,2021
2021-11-16,Indústria,1798928,2021
2021-11-17,Indústria,1760458,2021
2021-11-18,Indústria,1794934,2021
2021-11-19,Indústria,1750993,2021
2021-11-20,Indústria,1255721,2021
2021-11-21,Indústria,1155904,2021
2021-11-22,Indústria,1766182,2021
2021-11-23,Indústria,1817409,2021
2021-11-24,Indústria,1851265,2021
2021-11-25,Indústria,1814905,2021
2021-11-26,Indústria,1721131,2021
2021-11-27,Indústria,1279628,2021
2021-11-28,Indústria,1190908,2021
2021-11-29,Indústria,1874263,2021
2021-11-30,Indústria,1840954,2021
2021-12-01,Indústria,1888477,2021
2021-12-02,Indústria,1828600,2021
2021-12-03,Indústria,1775239,2021
2021-12-04,Indústria,1194177,2021
2021-12-05,Indústria,1071252,2021
2021-12-06,Indústria,1136348,2021
2021-12-07,Indústria,1362766,2021
2021-12-08,Indústria,1221616,2021
2021-12-09,Indústria,1770082,2021
2021-12-10,Indústria,1668834,2021
2021-12-11,Indústria,1191776,2021
2021-12-12,Indústria,1142249,2021
2021-12-13,Indústria,1782814,2021
2021-12-14,Indústria,1844587,2021
2021-12-15,Indústria,1792716,2021
2021-12-16,Indústria,1740124,2021
2021-12-17,Indústria,1655447,2021
2021-12-18,Indústria,1148974,2021
2021-12-19,Indústria,1085208,2021
2021-12-20,Indústria,1604234,2021
2021-12-21,Indústria,1628510,2021
2021-12-22,Indústria,1579412,2021
2021-12-23,Indústria,1422943,2021
2021-12-24,Indústria,1210590,2021
2021-12-25,Indústria,977286,2021
2021-12-26,Indústria,975124,2021
2021-12-27,Indústria,1219248,2021
2021-12-28,Indústria,1210869,2021
2021-12-29,Indústria,1205915,2021
2021-12-30,Indústria,1209276,2021
2021-12-31,Indústria,1099839,2021
2022-01-01,Indústria,964700,2022
2022-01-02,Indústria,1019860,2022
2022-01-03,Indústria,1393808,2022
2022-01-04,Indústria,1371396,2022
2022-01-05,Indústria,1354421,2022
2022-01-06,Indústria,1086147,2022
2022-01-07,Indústria,1275267,2022
2022-01-08,Indústria,1088513,2022
2022-01-09,Indústria,1029192,2022
2022-01-10,Indústria,1590095,2022
2022-01-11,Indústria,1659874,2022
2022-01-12,Indústria,1699925,2022
2022-01-13,Indústria,1760046,2022
2022-01-14,Indústria,1694824,2022
2022-01-15,Indústria,1167344,2022
2022-01-16,Indústria,1089329,2022
2022-01-17,Indústria,1663318,2022
2022-01-18,Indústria,1840281,2022
2022-01-19,Indústria,1792955,2022
2022-01-20,Indústria,1810953,2022
2022-01-21,Indústria,1860633,2022
2022-01-22,Indústria,1401972,2022
2022-01-23,Indústria,1345981,2022
2022-01-24,Indústria,1912632,2022
2022-01-25,Indústria,1954111,2022
2022-01-26,Indústria,1927140,2022
2022-01-27,Indústria,1882838,2022
2022-01-28,Indústria,1758912,2022
2022-01-29,Indústria,1280411,2022
2022-01-30,Indústria,1077682,2022
2022-01-31,Indústria,1593183,2022
2022-02-01,Indústria,1585009,2022
2022-02-02,Indústria,1688877,2022
2022-02-03,Indústria,1730885,2022
2022-02-04,Indústria,1624729,2022
2022-02-05,Indústria,1253510,2022
2022-02-06,Indústria,1141614,2022
2022-02-07,Indústria,1652873,2022
2022-02-08,Indústria,1699263,2022
2022-02-09,Indústria,1728650,2022
2022-02-10,Indústria,1761603,2022
2022-02-11,Indústria,1763702,2022
2022-02-12,Indústria,1308257,2022
2022-02-13,Indústria,1150116,2022
2022-02-14,Indústria,1682676,2022
2022-02-15,Indústria,1678829,2022
2022-02-16,Indústria,1641691,2022
2022-02-17,Indústria,1598843,2022
2022-02-18,Indústria,1619349,2022
2022-02-19,Indústria,1317007,2022
2022-02-20,Indústria,1213281,2022
2022-02-21,Indústria,1603235,2022
2022-02-22,Indústria,1631726,2022
2022-02-23,Indústria,1643914,2022
2022-02-24,Indústria,1648750,2022
2022-02-25,Indústria,1583333,2022
2022-02-26,Indústria,1326189,2022
2022-02-27,Indústria,1275228,2022
2022-02-28,Indústria,1678693,2022
2022-03-01,Indústria,1645091,2022
2022-03-02,Indústria,1630240,2022
2022-03-03,Indústria,1538566,2022
2022-03-04,Indústria,1481645,2022
2022-03-05,Indústria,1175781,2022
2022-03-06,Indústria,1102169,2022
2022-03-07,Indústria,1588402,2022
2022-03-08,Indústria,1620613,2022
2022-03-09,Indústria,1569209,2022
2022-03-10,Indústria,1585519,2022
2022-03-11,Indústria,1528977,2022
2022-03-12,Indústria,1267287,2022
2022-03-13,Indústria,1170400,2022
2022-03-14,Indústria,1619526,2022
2022-03-15,Indústria,1575997,2022
2022-03-16,Indústria,1560033,2022
2022-03-17,Indústria,1533415,2022
2022-03-18,Indústria,1470892,2022
2022-03-19,Indústria,1235657,2022
2022-03-20,Indústria,1142430,2022
2022-03-21,Indústria,1475848,2022
2022-03-22,Indústria,1505544,2022
2022-03-23,Indústria,1521988,2022
2022-03-24,Indústria,1572387,2022
2022-03-25,Indústria,1566164,2022
2022-03-26,Indústria,1347564,2022
2022-03-27,Indústria,1602530,2022
2022-03-28,Indústria,1680243,2022
2022-03-29,Indústria,1631849,2022
2022-03-30,Indústria,1601381,2022
2022-03-31,Indústria,1609194,2022
2022-04-01,Indústria,1649258,2022
2022-04-02,Indústria,1302316,2022
2022-04-03,Indústria,1193073,2022
2022-04-04,Indústria,1743088,2022
2022-04-05,Indústria,1776068,2022
2022-04-06,Indústria,1827930,2022
2022-04-07,Indústria,1671256,2022
2022-04-08,Indústria,1610759,2022
2022-04-09,Indústria,1262257,2022
2022-04-10,Indústria,1189168,2022
2022-04-11,Indústria,1561626,2022
2022-04-12,Indústria,1659232,2022
2022-04-13,Indústria,1616059,2022
2022-04-14,Indústria,1357324,2022
2022-04-15,Indústria,1135160,2022
2022-04-16,Indústria,1119087,2022
2022-04-17,Indústria,1143538,2022
2022-04-18,Indústria,1214473,2022
2022-04-19,Indústria,1508926,2022
2022-04-20,Indústria,1601534,2022
2022-04-21,Indústria,1801562,2022
2022-04-22,Indústria,1727915,2022
2022-04-23,Indústria,1341652,2022
2022-04-24,Indústria,1197198,2022
2022-04-25,Indústria,1639411,2022
2022-04-26,Indústria,1713572,2022
2022-04-27,Indústria,1693962,2022
2022-04-28,Indústria,1719805,2022
2022-04-29,Indústria,1666673,2022
2022-04-30,Indústria,1267431,2022
2022-05-01,Indústria,1171339,2022
2022-05-02,Indústria,1596380,2022
2022-05-03,Indústria,1696205,2022
2022-05-04,Indústria,1743058,2022
2022-05-05,Indústria,1738352,2022
2022-05-06,Indústria,1692904,2022
2022-05-07,Indústria,1344423,2022
2022-05-08,Indústria,1211434,2022
2022-05-09,Indústria,1673726,2022
2022-05-10,Indústria,1733972,2022
2022-05-11,Indústria,1731103,2022
2022-05-12,Indústria,1725059,2022
2022-05-13,Indústria,1736262,2022
2022-05-14,Indústria,1368693,2022
2022-05-15,Indústria,1243751,2022
2022-05-16,Indústria,1723369,2022
2022-05-17,Indústria,1790635,2022
2022-05-18,Indústria,1821274,2022
2022-05-19,Indústria,1910251,2022
2022-05-20,Indústria,1863495,2022
2022-05-21,Indústria,1413607,2022
2022-05-22,Indústria,1375527,2022
2022-05-23,Indústria,1897051,2022
2022-05-24,Indústria,1946013,2022
2022-05-25,Indústria,1825170,2022
2022-05-26,Indústria,1836573,2022
2022-05-27,Indústria,1766363,2022
2022-05-28,Indústria,1382698,2022
2022-05-29,Indústria,1258989,2022
2022-05-30,Indústria,1827474,2022
2022-05-31,Indústria,1888596,2022
2022-06-01,Indústria,1898571,2022
2022-06-02,Indústria,1968707,2022
2022-06-03,Indústria,1987296,2022
2022-06-04,Indústria,1551677,2022
2022-06-05,Indústria,1370818,2022
2022-06-06,Indústria,1454205,2022
2022-06-07,Indústria,1944378,2022
2022-06-08,Indústria,1969437,2022
2022-06-09,Indústria,2013367,2022
2022-06-10,Indústria,2003132,2022
2022-06-11,Indústria,1513477,2022
2022-06-12,Indústria,1389046,2022
2022-06-13,Indústria,1972867,2022
2022-06-14,Indústria,1889753,2022
2022-06-15,Indústria,2026994,2022
2022-06-16,Indústria,2098086,2022
2022-06-17,Indústria,2106425,2022
2022-06-18,Indústria,1538753,2022
2022-06-19,Indústria,1316609,2022
2022-06-20,Indústria,1965637,2022
2022-06-21,Indústria,2102806,2022
2022-06-22,Indústria,2033076,2022
2022-06-23,Indústria,1762994,2022
2022-06-24,Indústria,1264712,2022
2022-06-25,Indústria,1281187,2022
2022-06-26,Indústria,1255997,2022
2022-06-27,Indústria,1947189,2022
2022-06-28,Indústria,1863045,2022
2022-06-29,Indústria,1904500,2022
2022-06-30,Indústria,1931797,2022
2022-07-01,Indústria,1979768,2022
2022-07-02,Indústria,1390459,2022
2022-07-03,Indústria,1342895,2022
2022-07-04,Indústria,2002705,2022
2022-07-05,Indústria,2101879,2022
2022-07-06,Indústria,2068201,2022
2022-07-07,Indústria,2039181,2022
2022-07-08,Indústria,1973613,2022
2022-07-09,Indústria,1440969,2022
2022-07-10,Indústria,1310848,2022
2022-07-11,Indústria,1966760,2022
2022-07-12,Indústria,2056575,2022
2022-07-13,Indústria,2111157,2022
2022-07-14,Indústria,2138248,2022
2022-07-15,Indústria,2109484,2022
2022-07-16,Indústria,1484120,2022
2022-07-17,Indústria,1337029,2022
2022-07-18,Indústria,2081544,2022
2022-07-19,Indústria,2225064,2022
2022-07-20,Indústria,2173422,2022
2022-07-21,Indústria,2178229,2022
2022-07-22,Indústria,2208674,2022
2022-07-23,Indústria,1577276,2022
2022-07-24,Indústria,1511314,2022
2022-07-25,Indústria,2122463,2022
2022-07-26,Indústria,2179177,2022
2022-07-27,Indústria,2091364,2022
2022-07-28,Indústria,2056310,2022
2022-07-29,Indústria,2046810,2022
2022-07-30,Indústria,1504341,2022
2022-07-31,Indústria,1356069,2022
2022-08-01,Indústria,1760293,2022
2022-08-02,Indústria,1846954,2022
2022-08-03,Indústria,1810432,2022
2022-08-04,Indústria,1806405,2022
2022-08-05,Indústria,1780484,2022
2022-08-06,Indústria,1338373,2022
2022-08-07,Indústria,1279097,2022
2022-08-08,Indústria,1655975,2022
2022-08-09,Indústria,1721654,2022
2022-08-10,Indústria,1700184,2022
2022-08-11,Indústria,1778798,2022
2022-08-12,Indústria,1712812,2022
2022-08-13,Indústria,1299105,2022
2022-08-14,Indústria,1250831,2022
2022-08-15,Indústria,1288419,2022
2022-08-16,Indústria,1585019,2022
2022-08-17,Indústria,1564683,2022
2022-08-18,Indústria,1446407,2022
2022-08-19,Indústria,1392874,2022
2022-08-20,Indústria,1135613,2022
2022-08-21,Indústria,1133981,2022
2022-08-22,Indústria,1668308,2022
2022-08-23,Indústria,1704220,2022
2022-08-24,Indústria,1795638,2022
2022-08-25,Indústria,1813464,2022
2022-08-26,Indústria,1794078,2022
2022-08-27,Indústria,1322328,2022
2022-08-28,Indústria,1174611,2022
2022-08-29,Indústria,1789360,2022
2022-08-30,Indústria,1888323,2022
2022-08-31,Indústria,1776788,2022
2022-09-01,Indústria,1777131,2022
2022-09-02,Indústria,1866077,2022
2022-09-03,Indústria,1374423,2022
2022-09-04,Indústria,1260294,2022
2022-09-05,Indústria,1897034,2022
2022-09-06,Indústria,1949539,2022
2022-09-07,Indústria,1914067,2022
2022-09-08,Indústria,1845368,2022
2022-09-09,Indústria,1812847,2022
2022-09-10,Indústria,1219949,2022
2022-09-11,Indústria,1207613,2022
2022-09-12,Indústria,1963018,2022
2022-09-13,Indústria,1983617,2022
2022-09-14,Indústria,1879532,2022
2022-09-15,Indústria,1938812,2022
2022-09-16,Indústria,1809822,2022
2022-09-17,Indústria,1278903,2022
2022-09-18,Indústria,1187434,2022
2022-09-19,Indústria,1765207,2022
2022-09-20,Indústria,1849348,2022
2022-09-21,Indústria,1819248,2022
2022-09-22,Indústria,1804577,2022
2022-09-23,Indústria,1760192,2022
2022-09-24,Indústria,1264839,2022
2022-09-25,Indústria,1182760,2022
2022-09-26,Indústria,1406240,2022
2022-09-27,Indústria,1639097,2022
2022-09-28,Indústria,1643713,2022
2022-09-29,Indústria,1690162,2022
2022-09-30,Indústria,1578562,2022
2022-10-01,Indústria,1126498,2022
2022-10-02,Indústria,1089596,2022
2022-10-03,Indústria,1491804,2022
2022-10-04,Indústria,1577006,2022
2022-10-05,Indústria,1548695,2022
2022-10-06,Indústria,1544141,2022
2022-10-07,Indústria,1512046,2022
2022-10-08,Indústria,1173848,2022
2022-10-09,Indústria,1077170,2022
2022-10-10,Indústria,1437897,2022
2022-10-11,Indústria,1561353,2022
2022-10-12,Indústria,1209281,2022
2022-10-13,Indústria,1567198,2022
2022-10-14,Indústria,1573791,2022
2022-10-15,Indústria,1227837,2022
2022-10-16,Indústria,1130354,2022
2022-10-17,Indústria,1589040,2022
2022-10-18,Indústria,1647776,2022
2022-10-19,Indústria,1644218,2022
2022-10-20,Indústria,1648713,2022
2022-10-21,Indústria,1581946,2022
2022-10-22,Indústria,1211364,2022
2022-10-23,Indústria,1053260,2022
2022-10-24,Indústria,1515861,2022
2022-10-25,Indústria,1532900,2022
2022-10-26,Indústria,1617428,2022
2022-10-27,Indústria,1535549,2022
2022-10-28,Indústria,1447229,2022
2022-10-29,Indústria,1047189,2022
2022-10-30,Indústria,996989,2022
2022-10-31,Indústria,1168665,2022
2022-11-01,Indústria,946586,2022
2022-11-02,Indústria,1276152,2022
2022-11-03,Indústria,1359816,2022
2022-11-04,Indústria,1318279,2022
2022-11-05,Indústria,978164,2022
2022-11-06,Indústria,938573,2022
2022-11-07,Indústria,1289349,2022
2022-11-08,Indústria,1356085,2022
2022-11-09,Indústria,1348110,2022
2022-11-10,Indústria,1325876,2022
2022-11-11,Indústria,1330358,2022
2022-11-12,Indústria,980488,2022
2022-11-13,Indústria,902378,2022
2022-11-14,Indústria,1292976,2022
2022-11-15,Indústria,1383389,2022
2022-11-16,Indústria,1366410,2022
2022-11-17,Indústria,1360929,2022
2022-11-18,Indústria,1321825,2022
2022-11-19,Indústria,1005199,2022
2022-11-20,Indústria,963338,2022
2022-11-21,Indústria,1386273,2022
2022-11-22,Indústria,1477611,2022
2022-11-23,Indústria,1460102,2022
2022-11-24,Indústria,1406740,2022
2022-11-25,Indústria,1400002,2022
2022-11-26,Indústria,1065884,2022
2022-11-27,Indústria,928621,2022
2022-11-28,Indústria,1346714,2022
2022-11-29,Indústria,1367346,2022
2022-11-30,Indústria,1429163,2022
2022-12-01,Indústria,1430235,2022
2022-12-02,Indústria,1428815,2022
2022-12-03,Indústria,1051406,2022
2022-12-04,Indústria,978285,2022
2022-12-05,Indústria,2595270,2022
2022-12-06,Indústria,1001754,2022
2022-12-07,Indústria,1178163,2022
2022-12-08,Indústria,890822,2022
2022-12-09,Indústria,1060667,2022
2022-12-10,Indústria,835018,2022
2022-12-11,Indústria,817359,2022
2022-12-12,Indústria,1380319,2022
2022-12-13,Indústria,1451781,2022
2022-12-14,Indústria,1415644,2022
2022-12-15,Indústria,1445473,2022
2022-12-16,Indústria,1422658,2022
2022-12-17,Indústria,1112110,2022
2022-12-18,Indústria,1029800,2022
2022-12-19,Indústria,1335219,2022
2022-12-20,Indústria,1386408,2022
2022-12-21,Indústria,1352772,2022
2022-12-22,Indústria,1328493,2022
2022-12-23,Indústria,1202030,2022
2022-12-24,Indústria,933716,2022
2022-12-25,Indústria,865303,2022
2022-12-26,Indústria,880080,2022
2022-12-27,Indústria,1025013,2022
2022-12-28,Indústria,1079717,2022
2022-12-29,Indústria,1083711,2022
2022-12-30,Indústria,1047766,2022
2022-12-31,Indústria,873866,2022
2023-01-01,Indústria,728173,2023
2023-01-02,Indústria,1045105,2023
2023-01-03,Indústria,1107104,2023
2023-01-04,Indústria,1132259,2023
2023-01-05,Indústria,1014334,2023
2023-01-06,Indústria,851450,2023
2023-01-07,Indústria,863483,2023
2023-01-08,Indústria,856570,2023
2023-01-09,Indústria,1205290,2023
2023-01-10,Indústria,1259617,2023
2023-01-11,Indústria,1293682,2023
2023-01-12,Indústria,1350774,2023
2023-01-13,Indústria,1330973,2023
2023-01-14,Indústria,1068871,2023
2023-01-15,Indústria,1041288,2023
2023-01-16,Indústria,1336158,2023
2023-01-17,Indústria,1364623,2023
2023-01-18,Indústria,1332967,2023
2023-01-19,Indústria,1344983,2023
2023-01-20,Indústria,1352274,2023
2023-01-21,Indústria,1078631,2023
2023-01-22,Indústria,1026415,2023
2023-01-23,Indústria,1376364,2023
2023-01-24,Indústria,1418624,2023
2023-01-25,Indústria,1400335,2023
2023-01-26,Indústria,1430750,2023
2023-01-27,Indústria,1411365,2023
2023-01-28,Indústria,1104637,2023
2023-01-29,Indústria,974721,2023
2023-01-30,Indústria,1317850,2023
2023-01-31,Indústria,1312935,2023
2023-02-01,Indústria,1384670,2023
2023-02-02,Indústria,1422439,2023
2023-02-03,Indústria,1374196,2023
2023-02-04,Indústria,1078577,2023
2023-02-05,Indústria,1025596,2023
2023-02-06,Indústria,1374853,2023
2023-02-07,Indústria,1435814,2023
2023-02-08,Indústria,1433817,2023
2023-02-09,Indústria,1429619,2023
2023-02-10,Indústria,1404459,2023
2023-02-11,Indústria,1143650,2023
2023-02-12,Indústria,1072248,2023
2023-02-13,Indústria,1374683,2023
2023-02-14,Indústria,1388687,2023
2023-02-15,Indústria,1377735,2023
2023-02-16,Indústria,1380618,2023
2023-02-17,Indústria,1349063,2023
2023-02-18,Indústria,1071534,2023
2023-02-19,Indústria,1013270,2023
2023-02-20,Indústria,1317104,2023
2023-02-21,Indústria,1342828,2023
2023-02-22,Indústria,1333397,2023
2023-02-23,Indústria,1336371,2023
2023-02-24,Indústria,1327637,2023
2023-02-25,Indústria,1068527,2023
2023-02-26,Indústria,1021453,2023
2023-02-27,Indústria,1365955,2023
2023-02-28,Indústria,1370417,2023
2023-03-01,Indústria,1542878,2023
2023-03-02,Indústria,1653278,2023
2023-03-03,Indústria,1558073,2023
2023-03-04,Indústria,1230718,2023
2023-03-05,Indústria,1177925,2023
2023-03-06,Indústria,1509946,2023
2023-03-07,Indústria,1519551,2023
2023-03-08,Indústria,1461416,2023
2023-03-09,Indústria,1451762,2023
2023-03-10,Indústria,1411899,2023
2023-03-11,Indústria,1171544,2023
2023-03-12,Indústria,1075356,2023
2023-03-13,Indústria,1401266,2023
2023-03-14,Indústria,1451453,2023
2023-03-15,Indústria,1431185,2023
2023-03-16,Indústria,1377571,2023
2023-03-17,Indústria,1366474,2023
2023-03-18,Indústria,1153917,2023
2023-03-19,Indústria,1067654,2023
2023-03-20,Indústria,1435390,2023
2023-03-21,Indústria,1400826,2023
2023-03-22,Indústria,1324315,2023
2023-03-23,Indústria,1303417,2023
2023-03-24,Indústria,1300016,2023
2023-03-25,Indústria,1132560,2023
2023-03-26,Indústria,999703,2023
2023-03-27,Indústria,1310102,2023
2023-03-28,Indústria,1352247,2023
2023-03-29,Indústria,1286578,2023
2023-03-30,Indústria,1215848,2023
2023-03-31,Indústria,1284814,2023
2023-04-01,Indústria,1177445,2023
2023-04-02,Indústria,1100406,2023
2023-04-03,Indústria,1490691,2023
2023-04-04,Indústria,1566735,2023
2023-04-05,Indústria,1492111,2023
2023-04-06,Indústria,1322484,2023
2023-04-07,Indústria,1068364,2023
2023-04-08,Indústria,1065881,2023
2023-04-09,Indústria,1067083,2023
2023-04-10,Indústria,1060864,2023
2023-04-11,Indústria,1354297,2023
2023-04-12,Indústria,1442815,2023
2023-04-13,Indústria,1527198,2023
2023-04-14,Indústria,1517194,2023
2023-04-15,Indústria,1173559,2023
2023-04-16,Indústria,1039432,2023
2023-04-17,Indústria,1449863,2023
2023-04-18,Indústria,1482127,2023
2023-04-19,Indústria,1497264,2023
2023-04-20,Indústria,1525531,2023
2023-04-21,Indústria,1526739,2023
2023-04-22,Indústria,1167564,2023
2023-04-23,Indústria,1131307,2023
2023-04-24,Indústria,1516561,2023
2023-04-25,Indústria,1580000,2023
2023-04-26,Indústria,1611192,2023
2023-04-27,Indústria,1672976,2023
2023-04-28,Indústria,1621302,2023
2023-04-29,Indústria,1146523,2023
2023-04-30,Indústria,1064756,2023
2023-05-01,Indústria,901546,2023
2023-05-02,Indústria,1319146,2023
2023-05-03,Indústria,1421996,2023
2023-05-04,Indústria,1540201,2023
2023-05-05,Indústria,3151700,2023
2023-05-06,Indústria,3407913,2023
2023-05-07,Indústria,3345244,2023
2023-05-08,Indústria,3165792,2023
2023-05-09,Indústria,3208249,2023
2023-05-10,Indústria,3237975,2023
2023-05-11,Indústria,3159148,2023
2023-05-12,Indústria,1555255,2023
2023-05-13,Indústria,1151340,2023
2023-05-14,Indústria,1108108,2023
2023-05-15,Indústria,1520391,2023
2023-05-16,Indústria,1604642,2023
2023-05-17,Indústria,1601553,2023
2023-05-18,Indústria,1603222,2023
2023-05-19,Indústria,1555877,2023
2023-05-20,Indústria,1214660,2023
2023-05-21,Indústria,1124672,2023
2023-05-22,Indústria,1566337,2023
2023-05-23,Indústria,1667593,2023
2023-05-24,Indústria,1715936,2023
2023-05-25,Indústria,1593851,2023
2023-05-26,Indústria,1559903,2023
2023-05-27,Indústria,1197576,2023
2023-05-28,Indústria,1121661,2023
2023-05-29,Indústria,1556563,2023
2023-05-30,Indústria,1611201,2023
2023-05-31,Indústria,1608338,2023
2023-06-01,Indústria,1582709,2023
2023-06-02,Indústria,1590691,2023
2023-06-03,Indústria,1235317,2023
2023-06-04,Indústria,1135450,2023
2023-06-05,Indústria,1367502,2023
2023-06-06,Indústria,1702979,2023
2023-06-07,Indústria,1723276,2023
2023-06-08,Indústria,1779440,2023
2023-06-09,Indústria,1767006,2023
2023-06-10,Indústria,1378505,2023
2023-06-11,Indústria,1271441,2023
2023-06-12,Indústria,1780643,2023
2023-06-13,Indústria,1849986,2023
2023-06-14,Indústria,1833148,2023
2023-06-15,Indústria,1806151,2023
2023-06-16,Indústria,1841090,2023
2023-06-17,Indústria,1414403,2023
2023-06-18,Indústria,1173017,2023
2023-06-19,Indústria,1764576,2023
2023-06-20,Indústria,1895139,2023
2023-06-21,Indústria,1960265,2023
2023-06-22,Indústria,1936015,2023
2023-06-23,Indústria,1530244,2023
2023-06-24,Indústria,1152460,2023
2023-06-25,Indústria,1250698,2023
2023-06-26,Indústria,1851696,2023
2023-06-27,Indústria,1916628,2023
2023-06-28,Indústria,1929379,2023
2023-06-29,Indústria,2003603,2023
2023-06-30,Indústria,1749797,2023
2023-07-01,Indústria,1308872,2023
2023-07-02,Indústria,1179597,2023
2023-07-03,Indústria,1753137,2023
2023-07-04,Indústria,1818577,2023
2023-07-05,Indústria,1877996,2023
2023-07-06,Indústria,1834717,2023
2023-07-07,Indústria,1799907,2023
2023-07-08,Indústria,2744340,2023
2023-07-09,Indústria,1249472,2023
2023-07-10,Indústria,1895524,2023
2023-07-11,Indústria,2011596,2023
2023-07-12,Indústria,2026519,2023
2023-07-13,Indústria,1951699,2023
2023-07-14,Indústria,1922363,2023
2023-07-15,Indústria,1451994,2023
2023-07-16,Indústria,1231754,2023
2023-07-17,Indústria,1867405,2023
2023-07-18,Indústria,2011101,2023
2023-07-19,Indústria,2088858,2023
2023-07-20,Indústria,2051171,2023
2023-07-21,Indústria,1995034,2023
2023-07-22,Indústria,1423880,2023
2023-07-23,Indústria,1283841,2023
2023-07-24,Indústria,1917265,2023
2023-07-25,Indústria,1840129,2023
2023-07-26,Indústria,1823202,2023
2023-07-27,Indústria,1874580,2023
2023-07-28,Indústria,1805783,2023
2023-07-29,Indústria,1318635,2023
2023-07-30,Indústria,1240814,2023
2023-07-31,Indústria,1795884,2023
2023-08-01,Indústria,1238879,2023
2023-08-02,Indústria,1247905,2023
2023-08-03,Indústria,1271207,2023
2023-08-04,Indústria,1080321,2023
2023-08-05,Indústria,668980,2023
2023-08-06,Indústria,640246,2023
2023-08-07,Indústria,1013869,2023
2023-08-08,Indústria,1065015,2023
2023-08-09,Indústria,1106951,2023
2023-08-10,Indústria,1199322,2023
2023-08-11,Indústria,1092538,2023
2023-08-12,Indústria,828759,2023
2023-08-13,Indústria,783314,2023
2023-08-14,Indústria,1009570,2023
2023-08-15,Indústria,903601,2023
2023-08-16,Indústria,1154341,2023
2023-08-17,Indústria,1246757,2023
2023-08-18,Indústria,1192496,2023
2023-08-19,Indústria,850768,2023
2023-08-20,Indústria,796959,2023
2023-08-21,Indústria,1277361,2023
2023-08-22,Indústria,1371366,2023
2023-08-23,Indústria,1337454,2023
2023-08-24,Indústria,1382676,2023
2023-08-25,Indústria,1385611,2023
2023-08-26,Indústria,926890,2023
2023-08-27,Indústria,751135,2023
2023-08-28,Indústria,1123374,2023
2023-08-29,Indústria,1179982,2023
2023-08-30,Indústria,1159409,2023
2023-08-31,Indústria,1220497,2023
2023-09-01,Indústria,1154175,2023
2023-09-02,Indústria,775856,2023
2023-09-03,Indústria,663710,2023
2023-09-04,Indústria,1189743,2023
2023-09-05,Indústria,1258663,2023
2023-09-06,Indústria,1234999,2023
2023-09-07,Indústria,1208829,2023
2023-09-08,Indústria,1148120,2023
2023-09-09,Indústria,715344,2023
2023-09-10,Indústria,628557,2023
2023-09-11,Indústria,732534,2023
2023-09-12,Indústria,1019242,2023
2023-09-13,Indústria,1184962,2023
2023-09-14,Indústria,1214404,2023
2023-09-15,Indústria,1133385,2023
2023-09-16,Indústria,751810,2023
2023-09-17,Indústria,680171,2023
2023-09-18,Indústria,1091856,2023
2023-09-19,Indústria,1162452,2023
2023-09-20,Indústria,1119399,2023
2023-09-21,Indústria,1127840,2023
2023-09-22,Indústria,1045847,2023
2023-09-23,Indústria,699419,2023
2023-09-24,Indústria,584202,2023
2023-09-25,Indústria,782324,2023
2023-09-26,Indústria,1022847,2023
2023-09-27,Indústria,1073147,2023
2023-09-28,Indústria,1092435,2023
2023-09-29,Indústria,1051715,2023
2023-09-30,Indústria,690327,2023
2023-10-01,Indústria,807233,2023
2023-10-02,Indústria,1266822,2023
2023-10-03,Indústria,1322714,2023
2023-10-04,Indústria,1290055,2023
2023-10-05,Indústria,1315621,2023
2023-10-06,Indústria,1299793,2023
2023-10-07,Indústria,924310,2023
2023-10-08,Indústria,672988,2023
2023-10-09,Indústria,1137553,2023
2023-10-10,Indústria,1301229,2023
2023-10-11,Indústria,1208864,2023
2023-10-12,Indústria,866885,2023
2023-10-13,Indústria,1049365,2023
2023-10-14,Indústria,844189,2023
2023-10-15,Indústria,761268,2023
2023-10-16,Indústria,1117010,2023
2023-10-17,Indústria,1215964,2023
2023-10-18,Indústria,1228537,2023
2023-10-19,Indústria,1117176,2023
2023-10-20,Indústria,994555,2023
2023-10-21,Indústria,677477,2023
2023-10-22,Indústria,592567,2023
2023-10-23,Indústria,986630,2023
2023-10-24,Indústria,971368,2023
2023-10-25,Indústria,931566,2023
2023-10-26,Indústria,990126,2023
2023-10-27,Indústria,958406,2023
2023-10-28,Indústria,675891,2023
2023-10-29,Indústria,603827,2023
2023-10-30,Indústria,876720,2023
2023-10-31,Indústria,958533,2023
2023-11-01,Indústria,649894,2023
2023-11-02,Indústria,956640,2023
2023-11-03,Indústria,987631,2023
2023-11-04,Indústria,723071,2023
2023-11-05,Indústria,641971,2023
2023-11-06,Indústria,924136,2023
2023-11-07,Indústria,946200,2023
2023-11-08,Indústria,970004,2023
2023-11-09,Indústria,1005170,2023
2023-11-10,Indústria,976352,2023
2023-11-11,Indústria,741344,2023
2023-11-12,Indústria,661731,2023
2023-11-13,Indústria,974376,2023
2023-11-14,Indústria,1038375,2023
2023-11-15,Indústria,952004,2023
2023-11-16,Indústria,990866,2023
2023-11-17,Indústria,988229,2023
2023-11-18,Indústria,735515,2023
2023-11-19,Indústria,656067,2023
2023-11-20,Indústria,975200,2023
2023-11-21,Indústria,987602,2023
2023-11-22,Indústria,951207,2023
2023-11-23,Indústria,1014665,2023
2023-11-24,Indústria,968451,2023
2023-11-25,Indústria,727970,2023
2023-11-26,Indústria,649182,2023
2023-11-27,Indústria,998074,2023
2023-11-28,Indústria,1017865,2023
2023-11-29,Indústria,966164,2023
2023-11-30,Indústria,1012667,2023
2023-12-01,Indústria,999033,2023
2023-12-02,Indústria,743471,2023
2023-12-03,Indústria,649216,2023
2023-12-04,Indústria,983419,2023
2023-12-05,Indústria,1014012,2023
2023-12-06,Indústria,684861,2023
2023-12-07,Indústria,729065,2023
2023-12-08,Indústria,664480,2023
2023-12-09,Indústria,652387,2023
2023-12-10,Indústria,634019,2023
2023-12-11,Indústria,971701,2023
2023-12-12,Indústria,1002509,2023
2023-12-13,Indústria,958476,2023
2023-12-14,Indústria,1007389,2023
2023-12-15,Indústria,985515,2023
2023-12-16,Indústria,717814,2023
2023-12-17,Indústria,635116,2023
2023-12-18,Indústria,995127,2023
2023-12-19,Indústria,1011684,2023
2023-12-20,Indústria,936140,2023
2023-12-21,Indústria,936345,2023
2023-12-22,Indústria,851760,2023
2023-12-23,Indústria,615142,2023
2023-12-24,Indústria,511767,2023
2023-12-25,Indústria,445283,2023
2023-12-26,Indústria,461529,2023
2023-12-27,Indústria,631546,2023
2023-12-28,Indústria,715610,2023
2023-12-29,Indústria,692261,2023
2023-12-30,Indústria,596523,2023
2023-12-31,Indústria,506193,2023
2024-01-01,Indústria,444614,2024
2024-01-02,Indústria,802045,2024
2024-01-03,Indústria,788873,2024
2024-01-04,Indústria,858211,2024
2024-01-05,Indústria,770359,2024
2024-01-06,Indústria,580366,2024
2024-01-07,Indústria,606013,2024
2024-01-08,Indústria,1022296,2024
2024-01-09,Indústria,1113699,2024
2024-01-10,Indústria,990299,2024
2024-01-11,Indústria,999248,2024
2024-01-12,Indústria,1004483,2024
2024-01-13,Indústria,749780,2024
2024-01-14,Indústria,607674,2024
2024-01-15,Indústria,1007106,2024
2024-01-16,Indústria,1048659,2024
2024-01-17,Indústria,1044091,2024
2024-01-18,Indústria,965297,2024
2024-01-19,Indústria,958813,2024
2024-01-20,Indústria,687841,2024
2024-01-21,Indústria,651111,2024
2024-01-22,Indústria,1113938,2024
2024-01-23,Indústria,1179163,2024
2024-01-24,Indústria,1150763,2024
2024-01-25,Indústria,1132477,2024
2024-01-26,Indústria,1107050,2024
2024-01-27,Indústria,828412,2024
2024-01-28,Indústria,756398,2024
2024-01-29,Indústria,1123729,2024
2024-01-30,Indústria,1154234,2024
2024-01-31,Indústria,1168338,2024
2024-03-01,Indústria,768659,2024
2024-03-02,Indústria,546322,2024
2024-03-03,Indústria,466642,2024
2024-03-04,Indústria,913607,2024
2024-03-05,Indústria,944940,2024
2024-03-06,Indústria,847699,2024
2024-03-07,Indústria,810138,2024
2024-03-08,Indústria,918961,2024
2024-03-09,Indústria,674777,2024
2024-03-10,Indústria,576070,2024
2024-03-11,Indústria,879300,2024
2024-03-12,Indústria,1121665,2024
2024-03-13,Indústria,1115614,2024
2024-03-14,Indústria,1113167,2024
2024-03-15,Indústria,1099056,2024
2024-03-16,Indústria,833751,2024
2024-03-17,Indústria,735201,2024
2024-03-18,Indústria,1059437,2024
2024-03-19,Indústria,1064587,2024
2024-03-20,Indústria,1030039,2024
2024-03-21,Indústria,1073737,2024
2024-03-22,Indústria,1065196,2024
2024-03-23,Indústria,820559,2024
2024-03-24,Indústria,723374,2024
2024-03-25,Indústria,1009012,2024
2024-03-26,Indústria,1038376,2024
2024-03-27,Indústria,966388,2024
2024-03-28,Indústria,800861,2024
2024-03-29,Indústria,634523,2024
2024-03-30,Indústria,700882,2024
2024-03-31,Indústria,681817,2024
2024-04-01,Indústria,717925,2024
2024-04-02,Indústria,985688,2024
2024-04-03,Indústria,996986,2024
2024-04-04,Indústria,1027753,2024
2024-04-05,Indústria,994555,2024
2024-04-06,Indústria,756972,2024
2024-04-07,Indústria,654610,2024
2024-04-08,Indústria,990435,2024
2024-04-09,Indústria,770119,2024
2024-04-10,Indústria,1131260,2024
2024-04-11,Indústria,1101714,2024
2024-04-12,Indústria,1076282,2024
2024-04-13,Indústria,831043,2024
2024-04-14,Indústria,726368,2024
2024-04-15,Indústria,1055079,2024
2024-04-16,Indústria,1104980,2024
2024-04-17,Indústria,1074054,2024
2024-04-18,Indústria,1105543,2024
2024-04-19,Indústria,1059308,2024
2024-04-20,Indústria,824346,2024
2024-04-21,Indústria,735180,2024
2024-04-22,Indústria,1066106,2024
2024-04-23,Indústria,1078297,2024
2024-04-24,Indústria,1054506,2024
2024-04-25,Indústria,1093059,2024
2024-04-26,Indústria,1076123,2024
2024-04-27,Indústria,799363,2024
2024-04-28,Indústria,749970,2024
2024-04-29,Indústria,1066271,2024
2024-04-30,Indústria,1076872,2024
2024-05-01,Indústria,741119,2024
2024-05-02,Indústria,724,2024
2024-05-03,Indústria,754,2024
2024-05-04,Indústria,759,2024
2024-05-05,Indústria,676,2024
2024-05-06,Indústria,719,2024
2024-05-07,Indústria,963171,2024
2024-05-16,Indústria,985654,2024
2024-05-17,Indústria,985041,2024
2024-05-18,Indústria,747528,2024
2024-05-20,Indústria,611206,2024
2024-05-21,Indústria,972004,2024
2024-05-22,Indústria,1031732,2024
2024-05-24,Indústria,807760,2024
2024-05-25,Indústria,591548,2024
2024-05-26,Indústria,488908,2024
2024-05-27,Indústria,1054809,2024
2024-05-28,Indústria,1154505,2024
2024-05-29,Indústria,1188823,2024
2024-05-30,Indústria,894082,2024
2024-05-31,Indústria,1127886,2024
2024-06-01,Indústria,846040,2024
2024-06-02,Indústria,788814,2024
2024-06-03,Indústria,1132453,2024
2024-06-04,Indústria,1234983,2024
2024-06-05,Indústria,1285867,2024
2024-06-06,Indústria,1280483,2024
2024-06-07,Indústria,1286013,2024
2024-06-08,Indústria,627401,2024
2024-06-09,Indústria,853168,2024
2024-06-10,Indústria,1170440,2024
2024-06-11,Indústria,767,2024
2024-06-12,Indústria,1183953,2024
2024-06-13,Indústria,1016568,2024
2024-06-14,Indústria,1041951,2024
2024-06-15,Indústria,748820,2024
2024-06-16,Indústria,630571,2024
2024-06-17,Indústria,1088127,2024
2024-06-18,Indústria,801,2024
2024-06-19,Indústria,1277520,2024
2024-06-20,Indústria,1232411,2024
2024-06-21,Indústria,1098220,2024
2024-06-22,Indústria,847655,2024
2024-06-23,Indústria,706220,2024
2024-06-24,Indústria,687148,2024
2024-06-25,Indústria,1199954,2024
2024-06-26,Indústria,1403736,2024
2024-06-27,Indústria,1365435,2024
2024-06-28,Indústria,1358576,2024
2024-06-29,Indústria,994740,2024
2024-06-30,Indústria,837210,2024
2024-07-01,Indústria,797,2024
2024-07-02,Indústria,1096093,2024
2024-07-03,Indústria,1238841,2024
2024-07-04,Indústria,1244326,2024
2024-07-05,Indústria,1320522,2024
2024-07-06,Indústria,953240,2024
2024-07-07,Indústria,833651,2024
2024-07-08,Indústria,1222105,2024
2024-07-09,Indústria,1274834,2024
2024-07-10,Indústria,1424986,2024
2024-07-11,Indústria,1502057,2024
2024-07-12,Indústria,1312169,2024
2024-07-13,Indústria,841176,2024
2024-07-14,Indústria,771723,2024
2024-07-15,Indústria,1288577,2024
2024-07-16,Indústria,1347965,2024
2024-07-17,Indústria,1296331,2024
2024-07-18,Indústria,1238998,2024
2024-07-19,Indústria,1006,2024
2024-07-20,Indústria,960142,2024
2024-07-21,Indústria,795610,2024
2024-07-22,Indústria,1238490,2024
2024-07-23,Indústria,1306615,2024
2024-07-24,Indústria,1345925,2024
2024-07-25,Indústria,1340804,2024
2024-07-26,Indústria,1283912,2024
2024-07-27,Indústria,877546,2024
2024-07-28,Indústria,833132,2024
2024-07-29,Indústria,1271532,2024
2024-07-30,Indústria,1469695,2024
2024-07-31,Indústria,1389204,2024
2024-08-01,Indústria,1441818,2024
2024-08-02,Indústria,1352920,2024
2024-08-03,Indústria,942662,2024
2024-08-04,Indústria,849556,2024
2024-08-05,Indústria,1217389,2024
2024-08-06,Indústria,1012791,2024
2024-08-07,Indústria,1200271,2024
2024-08-08,Indústria,1174073,2024
2024-08-09,Indústria,1151159,2024
2024-08-10,Indústria,885870,2024
2024-08-11,Indústria,838716,2024
2024-08-12,Indústria,1147798,2024
2024-08-13,Indústria,1128841,2024
2024-08-14,Indústria,968959,2024
2024-08-15,Indústria,751386,2024
2024-08-16,Indústria,841071,2024
2024-08-17,Indústria,742670,2024
2024-08-18,Indústria,697374,2024
2024-08-19,Indústria,983266,2024
2024-08-20,Indústria,982064,2024
2024-08-21,Indústria,1007724,2024
2024-08-22,Indústria,1048329,2024
2024-08-23,Indústria,1030951,2024
2024-08-24,Indústria,784537,2024
2024-08-25,Indústria,738748,2024
2024-08-26,Indústria,1058887,2024
2024-08-27,Indústria,1235468,2024
2024-08-28,Indústria,1279739,2024
2024-08-29,Indústria,1221279,2024
2024-08-30,Indústria,1159673,2024
2024-08-31,Indústria,832305,2024
