Data,Sector_Economic,a√±o,Valor
2019-01-01,Residencial,2019,6713701
2019-01-02,Residencial,2019,7354663
2019-01-03,Residencial,2019,7619413
2019-01-04,Residencial,2019,7815514
2019-01-05,Residencial,2019,7527041
2019-01-06,Residencial,2019,7308657
2019-01-07,Residencial,2019,7966091
2019-01-08,Residencial,2019,8187408
2019-01-09,Residencial,2019,8007237
2019-01-10,Residencial,2019,8215942
2019-01-11,Residencial,2019,8586652
2019-01-12,Residencial,2019,8341448
2019-01-13,Residencial,2019,8240301
2019-01-14,Residencial,2019,8090100
2019-01-15,Residencial,2019,7930353
2019-01-16,Residencial,2019,7917608
2019-01-17,Residencial,2019,7754578
2019-01-18,Residencial,2019,8186573
2019-01-19,Residencial,2019,7869976
2019-01-20,Residencial,2019,8398553
2019-01-21,Residencial,2019,8396547
2019-01-22,Residencial,2019,8740506
2019-01-23,Residencial,2019,8709077
2019-01-24,Residencial,2019,8659613
2019-01-25,Residencial,2019,8375922
2019-01-26,Residencial,2019,7746558
2019-01-27,Residencial,2019,7704373
2019-01-28,Residencial,2019,8290133
2019-01-29,Residencial,2019,8577586
2019-01-30,Residencial,2019,8365088
2019-01-31,Residencial,2019,7629397
2019-02-01,Residencial,2019,7399333
2019-02-02,Residencial,2019,7526483
2019-02-03,Residencial,2019,7731556
2019-02-04,Residencial,2019,8217313
2019-02-05,Residencial,2019,7769511
2019-02-06,Residencial,2019,7444718
2019-02-07,Residencial,2019,7398441
2019-02-08,Residencial,2019,7195752
2019-02-09,Residencial,2019,6778040
2019-02-10,Residencial,2019,6754883
2019-02-11,Residencial,2019,7124180
2019-02-12,Residencial,2019,7188239
2019-02-13,Residencial,2019,7285539
2019-02-14,Residencial,2019,7324118
2019-02-15,Residencial,2019,7263376
2019-02-16,Residencial,2019,6944929
2019-02-17,Residencial,2019,7007874
2019-02-18,Residencial,2019,7392994
2019-02-19,Residencial,2019,7341264
2019-02-20,Residencial,2019,7260365
2019-02-21,Residencial,2019,7296342
2019-02-22,Residencial,2019,6740221
2019-02-23,Residencial,2019,6226561
2019-02-24,Residencial,2019,6327780
2019-02-25,Residencial,2019,6846892
2019-02-26,Residencial,2019,6749627
2019-02-27,Residencial,2019,6655888
2019-02-28,Residencial,2019,6259719
2019-03-01,Residencial,2019,6279849
2019-03-02,Residencial,2019,5869644
2019-03-03,Residencial,2019,5774725
2019-03-04,Residencial,2019,6263811
2019-03-05,Residencial,2019,6380132
2019-03-06,Residencial,2019,6531075
2019-03-07,Residencial,2019,6360515
2019-03-08,Residencial,2019,6317291
2019-03-09,Residencial,2019,5941926
2019-03-10,Residencial,2019,5837840
2019-03-11,Residencial,2019,6322853
2019-03-12,Residencial,2019,6400575
2019-03-13,Residencial,2019,6662549
2019-03-14,Residencial,2019,6526220
2019-03-15,Residencial,2019,6285301
2019-03-16,Residencial,2019,5853153
2019-03-17,Residencial,2019,5897360
2019-03-18,Residencial,2019,6476170
2019-03-19,Residencial,2019,6584371
2019-03-20,Residencial,2019,6601714
2019-03-21,Residencial,2019,6591897
2019-03-22,Residencial,2019,6346650
2019-03-23,Residencial,2019,5844814
2019-03-24,Residencial,2019,5709573
2019-03-25,Residencial,2019,6043937
2019-03-26,Residencial,2019,6072361
2019-03-27,Residencial,2019,6125365
2019-03-28,Residencial,2019,6155240
2019-03-29,Residencial,2019,6079710
2019-03-30,Residencial,2019,5845903
2019-03-31,Residencial,2019,5504695
2019-04-01,Residencial,2019,5965994
2019-04-02,Residencial,2019,5944405
2019-04-03,Residencial,2019,6071222
2019-04-04,Residencial,2019,6132602
2019-04-05,Residencial,2019,6243079
2019-04-06,Residencial,2019,5928700
2019-04-07,Residencial,2019,5999812
2019-04-08,Residencial,2019,6162356
2019-04-09,Residencial,2019,6299060
2019-04-10,Residencial,2019,6270634
2019-04-11,Residencial,2019,6117153
2019-04-12,Residencial,2019,5901099
2019-04-13,Residencial,2019,5461326
2019-04-14,Residencial,2019,5336358
2019-04-15,Residencial,2019,5786436
2019-04-16,Residencial,2019,5741486
2019-04-17,Residencial,2019,5666398
2019-04-18,Residencial,2019,5425016
2019-04-19,Residencial,2019,4875071
2019-04-20,Residencial,2019,4934825
2019-04-21,Residencial,2019,4906366
2019-04-22,Residencial,2019,5685106
2019-04-23,Residencial,2019,5818221
2019-04-24,Residencial,2019,5915389
2019-04-25,Residencial,2019,5929458
2019-04-26,Residencial,2019,5804809
2019-04-27,Residencial,2019,5503255
2019-04-28,Residencial,2019,5643007
2019-04-29,Residencial,2019,5921920
2019-04-30,Residencial,2019,5541019
2019-05-01,Residencial,2019,5306031
2019-05-02,Residencial,2019,5487236
2019-05-03,Residencial,2019,5834654
2019-05-04,Residencial,2019,5300839
2019-05-05,Residencial,2019,5216981
2019-05-06,Residencial,2019,5665133
2019-05-07,Residencial,2019,5748577
2019-05-08,Residencial,2019,5637187
2019-05-09,Residencial,2019,5545196
2019-05-10,Residencial,2019,5460672
2019-05-11,Residencial,2019,5192880
2019-05-12,Residencial,2019,5131821
2019-05-13,Residencial,2019,5532397
2019-05-14,Residencial,2019,5525590
2019-05-15,Residencial,2019,5533608
2019-05-16,Residencial,2019,5553301
2019-05-17,Residencial,2019,5683616
2019-05-18,Residencial,2019,5356348
2019-05-19,Residencial,2019,5437090
2019-05-20,Residencial,2019,5638501
2019-05-21,Residencial,2019,5592333
2019-05-22,Residencial,2019,5583011
2019-05-23,Residencial,2019,5562938
2019-05-24,Residencial,2019,5691390
2019-05-25,Residencial,2019,5381756
2019-05-26,Residencial,2019,5249049
2019-05-27,Residencial,2019,5634075
2019-05-28,Residencial,2019,5618426
2019-05-29,Residencial,2019,5596441
2019-05-30,Residencial,2019,5499126
2019-05-31,Residencial,2019,5304403
2019-06-01,Residencial,2019,5031020
2019-06-02,Residencial,2019,4996938
2019-06-03,Residencial,2019,5542898
2019-06-04,Residencial,2019,5591671
2019-06-05,Residencial,2019,5593935
2019-06-06,Residencial,2019,5496891
2019-06-07,Residencial,2019,5441841
2019-06-08,Residencial,2019,4950099
2019-06-09,Residencial,2019,4755971
2019-06-10,Residencial,2019,5202883
2019-06-11,Residencial,2019,5663200
2019-06-12,Residencial,2019,5488218
2019-06-13,Residencial,2019,5495615
2019-06-14,Residencial,2019,5448696
2019-06-15,Residencial,2019,5145029
2019-06-16,Residencial,2019,5084304
2019-06-17,Residencial,2019,5656432
2019-06-18,Residencial,2019,5732387
2019-06-19,Residencial,2019,5826404
2019-06-20,Residencial,2019,5826593
2019-06-21,Residencial,2019,5752928
2019-06-22,Residencial,2019,5303805
2019-06-23,Residencial,2019,5099019
2019-06-24,Residencial,2019,5467080
2019-06-25,Residencial,2019,6209173
2019-06-26,Residencial,2019,6580376
2019-06-27,Residencial,2019,7043963
2019-06-28,Residencial,2019,7782377
2019-06-29,Residencial,2019,7558002
2019-06-30,Residencial,2019,7019018
2019-07-01,Residencial,2019,7582744
2019-07-02,Residencial,2019,7628617
2019-07-03,Residencial,2019,7725483
2019-07-04,Residencial,2019,7728321
2019-07-05,Residencial,2019,7702451
2019-07-06,Residencial,2019,7207383
2019-07-07,Residencial,2019,7211164
2019-07-08,Residencial,2019,7283106
2019-07-09,Residencial,2019,6920210
2019-07-10,Residencial,2019,7072767
2019-07-11,Residencial,2019,7457251
2019-07-12,Residencial,2019,7542990
2019-07-13,Residencial,2019,6795962
2019-07-14,Residencial,2019,6180504
2019-07-15,Residencial,2019,6924926
2019-07-16,Residencial,2019,6992644
2019-07-17,Residencial,2019,7016582
2019-07-18,Residencial,2019,6793220
2019-07-19,Residencial,2019,6987871
2019-07-20,Residencial,2019,6547444
2019-07-21,Residencial,2019,6466172
2019-07-22,Residencial,2019,7750338
2019-07-23,Residencial,2019,8030345
2019-07-24,Residencial,2019,8105231
2019-07-25,Residencial,2019,8125018
2019-07-26,Residencial,2019,7765067
2019-07-27,Residencial,2019,6298277
2019-07-28,Residencial,2019,5485191
2019-07-29,Residencial,2019,6712578
2019-07-30,Residencial,2019,7001363
2019-07-31,Residencial,2019,6292582
2019-08-01,Residencial,2019,6208829
2019-08-02,Residencial,2019,6238282
2019-08-03,Residencial,2019,5927333
2019-08-04,Residencial,2019,6003301
2019-08-05,Residencial,2019,6784481
2019-08-06,Residencial,2019,6883850
2019-08-07,Residencial,2019,6783353
2019-08-08,Residencial,2019,7080549
2019-08-09,Residencial,2019,7299132
2019-08-10,Residencial,2019,6646527
2019-08-11,Residencial,2019,6169833
2019-08-12,Residencial,2019,6173761
2019-08-13,Residencial,2019,5620450
2019-08-14,Residencial,2019,5592307
2019-08-15,Residencial,2019,5456778
2019-08-16,Residencial,2019,5651923
2019-08-17,Residencial,2019,5669696
2019-08-18,Residencial,2019,5831584
2019-08-19,Residencial,2019,6200130
2019-08-20,Residencial,2019,5795914
2019-08-21,Residencial,2019,5728512
2019-08-22,Residencial,2019,5910732
2019-08-23,Residencial,2019,5883887
2019-08-24,Residencial,2019,5709566
2019-08-25,Residencial,2019,5940823
2019-08-26,Residencial,2019,6583288
2019-08-27,Residencial,2019,6176224
2019-08-28,Residencial,2019,6314589
2019-08-29,Residencial,2019,6591300
2019-08-30,Residencial,2019,6843335
2019-08-31,Residencial,2019,6320403
2019-09-01,Residencial,2019,6192107
2019-09-02,Residencial,2019,6572341
2019-09-03,Residencial,2019,6387787
2019-09-04,Residencial,2019,6429481
2019-09-05,Residencial,2019,6107587
2019-09-06,Residencial,2019,5642200
2019-09-07,Residencial,2019,5215830
2019-09-08,Residencial,2019,5146382
2019-09-09,Residencial,2019,5703880
2019-09-10,Residencial,2019,5683419
2019-09-11,Residencial,2019,5392555
2019-09-12,Residencial,2019,5588416
2019-09-13,Residencial,2019,5537029
2019-09-14,Residencial,2019,5270285
2019-09-15,Residencial,2019,5336726
2019-09-16,Residencial,2019,5874962
2019-09-17,Residencial,2019,6016244
2019-09-18,Residencial,2019,6155722
2019-09-19,Residencial,2019,6125712
2019-09-20,Residencial,2019,5904493
2019-09-21,Residencial,2019,5589671
2019-09-22,Residencial,2019,5383128
2019-09-23,Residencial,2019,5689971
2019-09-24,Residencial,2019,5714773
2019-09-25,Residencial,2019,5944457
2019-09-26,Residencial,2019,5972897
2019-09-27,Residencial,2019,5931616
2019-09-28,Residencial,2019,5588840
2019-09-29,Residencial,2019,5624256
2019-09-30,Residencial,2019,5891601
2019-10-01,Residencial,2019,5959910
2019-10-02,Residencial,2019,5775269
2019-10-03,Residencial,2019,5606136
2019-10-04,Residencial,2019,5525408
2019-10-05,Residencial,2019,5243171
2019-10-06,Residencial,2019,5214064
2019-10-07,Residencial,2019,5559134
2019-10-08,Residencial,2019,5619870
2019-10-09,Residencial,2019,5679624
2019-10-10,Residencial,2019,5608516
2019-10-11,Residencial,2019,5542113
2019-10-12,Residencial,2019,5219436
2019-10-13,Residencial,2019,5311498
2019-10-14,Residencial,2019,5823871
2019-10-15,Residencial,2019,5601925
2019-10-16,Residencial,2019,5554061
2019-10-17,Residencial,2019,5554958
2019-10-18,Residencial,2019,5581805
2019-10-19,Residencial,2019,5346333
2019-10-20,Residencial,2019,5342428
2019-10-21,Residencial,2019,5640345
2019-10-22,Residencial,2019,5702876
2019-10-23,Residencial,2019,5685949
2019-10-24,Residencial,2019,5624006
2019-10-25,Residencial,2019,5543088
2019-10-26,Residencial,2019,5320730
2019-10-27,Residencial,2019,5276371
2019-10-28,Residencial,2019,5665178
2019-10-29,Residencial,2019,5660801
2019-10-30,Residencial,2019,5667939
2019-10-31,Residencial,2019,5418224
2019-11-01,Residencial,2019,5244145
2019-11-02,Residencial,2019,5180659
2019-11-03,Residencial,2019,5293673
2019-11-04,Residencial,2019,5998181
2019-11-05,Residencial,2019,5984679
2019-11-06,Residencial,2019,6088054
2019-11-07,Residencial,2019,6138154
2019-11-08,Residencial,2019,6443819
2019-11-09,Residencial,2019,6460810
2019-11-10,Residencial,2019,6643123
2019-11-11,Residencial,2019,7332686
2019-11-12,Residencial,2019,7218897
2019-11-13,Residencial,2019,7375960
2019-11-14,Residencial,2019,7666256
2019-11-15,Residencial,2019,7831687
2019-11-16,Residencial,2019,7617389
2019-11-17,Residencial,2019,7822051
2019-11-18,Residencial,2019,8048505
2019-11-19,Residencial,2019,8163765
2019-11-20,Residencial,2019,8240160
2019-11-21,Residencial,2019,7947828
2019-11-22,Residencial,2019,7717232
2019-11-23,Residencial,2019,7152189
2019-11-24,Residencial,2019,7127610
2019-11-25,Residencial,2019,7478241
2019-11-26,Residencial,2019,7285711
2019-11-27,Residencial,2019,7085479
2019-11-28,Residencial,2019,6955974
2019-11-29,Residencial,2019,6716799
2019-11-30,Residencial,2019,6169945
2019-12-01,Residencial,2019,6205218
2019-12-02,Residencial,2019,6772824
2019-12-03,Residencial,2019,7139951
2019-12-04,Residencial,2019,7684425
2019-12-05,Residencial,2019,7327276
2019-12-06,Residencial,2019,6552570
2019-12-07,Residencial,2019,6282936
2019-12-08,Residencial,2019,6830579
2019-12-09,Residencial,2019,7342060
2019-12-10,Residencial,2019,7479877
2019-12-11,Residencial,2019,7627508
2019-12-12,Residencial,2019,7803506
2019-12-13,Residencial,2019,7195812
2019-12-14,Residencial,2019,6571430
2019-12-15,Residencial,2019,6574420
2019-12-16,Residencial,2019,7068962
2019-12-17,Residencial,2019,6819670
2019-12-18,Residencial,2019,6707547
2019-12-19,Residencial,2019,6739328
2019-12-20,Residencial,2019,6671771
2019-12-21,Residencial,2019,6219109
2019-12-22,Residencial,2019,6134420
2019-12-23,Residencial,2019,6617899
2019-12-24,Residencial,2019,6751890
2019-12-25,Residencial,2019,5944548
2019-12-26,Residencial,2019,6054626
2019-12-27,Residencial,2019,6511928
2019-12-28,Residencial,2019,6326629
2019-12-29,Residencial,2019,6381523
2019-12-30,Residencial,2019,6899475
2019-12-31,Residencial,2019,6930900
2020-01-01,Residencial,2020,6948570
2020-01-02,Residencial,2020,7608499
2020-01-03,Residencial,2020,7750092
2020-01-04,Residencial,2020,7371732
2020-01-05,Residencial,2020,7211201
2020-01-06,Residencial,2020,7445880
2020-01-07,Residencial,2020,8109326
2020-01-08,Residencial,2020,7932705
2020-01-09,Residencial,2020,7895455
2020-01-10,Residencial,2020,8168730
2020-01-11,Residencial,2020,7874932
2020-01-12,Residencial,2020,8124693
2020-01-13,Residencial,2020,8577110
2020-01-14,Residencial,2020,8388787
2020-01-15,Residencial,2020,8301947
2020-01-16,Residencial,2020,8085864
2020-01-17,Residencial,2020,7715131
2020-01-18,Residencial,2020,7502692
2020-01-19,Residencial,2020,8177439
2020-01-20,Residencial,2020,9094046
2020-01-21,Residencial,2020,9455478
2020-01-22,Residencial,2020,8671174
2020-01-23,Residencial,2020,7896261
2020-01-24,Residencial,2020,7750738
2020-01-25,Residencial,2020,7527724
2020-01-26,Residencial,2020,7388256
2020-01-27,Residencial,2020,7899684
2020-01-28,Residencial,2020,7740345
2020-01-29,Residencial,2020,7605618
2020-01-30,Residencial,2020,7343037
2020-01-31,Residencial,2020,6709903
2020-02-01,Residencial,2020,6110984
2020-02-02,Residencial,2020,5949645
2020-02-03,Residencial,2020,6157731
2020-02-04,Residencial,2020,6161165
2020-02-05,Residencial,2020,6475571
2020-02-06,Residencial,2020,6667313
2020-02-07,Residencial,2020,6870459
2020-02-08,Residencial,2020,6622170
2020-02-09,Residencial,2020,6581062
2020-02-10,Residencial,2020,6640514
2020-02-11,Residencial,2020,6556619
2020-02-12,Residencial,2020,6897277
2020-02-13,Residencial,2020,6535859
2020-02-14,Residencial,2020,6567584
2020-02-15,Residencial,2020,6132972
2020-02-16,Residencial,2020,6331944
2020-02-17,Residencial,2020,6546272
2020-02-18,Residencial,2020,6660962
2020-02-19,Residencial,2020,6772901
2020-02-20,Residencial,2020,6767129
2020-02-21,Residencial,2020,6517309
2020-02-22,Residencial,2020,6140971
2020-02-23,Residencial,2020,5992244
2020-02-24,Residencial,2020,6392406
2020-02-25,Residencial,2020,6503421
2020-02-26,Residencial,2020,6489150
2020-02-27,Residencial,2020,6460747
2020-02-28,Residencial,2020,6402181
2020-02-29,Residencial,2020,5769245
2020-03-01,Residencial,2020,5852448
2020-03-02,Residencial,2020,6339744
2020-03-03,Residencial,2020,6718066
2020-03-04,Residencial,2020,6585793
2020-03-05,Residencial,2020,6349819
2020-03-06,Residencial,2020,6553610
2020-03-07,Residencial,2020,6282031
2020-03-08,Residencial,2020,6176155
2020-03-09,Residencial,2020,6515408
2020-03-10,Residencial,2020,6503599
2020-03-11,Residencial,2020,6344989
2020-03-12,Residencial,2020,6220710
2020-03-13,Residencial,2020,6287758
2020-03-14,Residencial,2020,6170796
2020-03-15,Residencial,2020,6121682
2020-03-16,Residencial,2020,6849321
2020-03-17,Residencial,2020,6552655
2020-03-18,Residencial,2020,6365543
2020-03-19,Residencial,2020,6319347
2020-03-20,Residencial,2020,6347510
2020-03-21,Residencial,2020,6274900
2020-03-22,Residencial,2020,6169731
2020-03-23,Residencial,2020,6449747
2020-03-24,Residencial,2020,6623381
2020-03-25,Residencial,2020,6998288
2020-03-26,Residencial,2020,7204543
2020-03-27,Residencial,2020,7289762
2020-03-28,Residencial,2020,6641494
2020-03-29,Residencial,2020,5937345
2020-03-30,Residencial,2020,6966506
2020-03-31,Residencial,2020,6881086
2020-04-01,Residencial,2020,7258281
2020-04-02,Residencial,2020,6943163
2020-04-03,Residencial,2020,6531963
2020-04-04,Residencial,2020,6201682
2020-04-05,Residencial,2020,5962871
2020-04-06,Residencial,2020,5996216
2020-04-07,Residencial,2020,5933743
2020-04-08,Residencial,2020,5778923
2020-04-09,Residencial,2020,5683306
2020-04-10,Residencial,2020,5564826
2020-04-11,Residencial,2020,5558143
2020-04-12,Residencial,2020,5474017
2020-04-13,Residencial,2020,5832039
2020-04-14,Residencial,2020,5712561
2020-04-15,Residencial,2020,5719965
2020-04-16,Residencial,2020,5669715
2020-04-17,Residencial,2020,5679271
2020-04-18,Residencial,2020,5674115
2020-04-19,Residencial,2020,5741881
2020-04-20,Residencial,2020,5853223
2020-04-21,Residencial,2020,6019060
2020-04-22,Residencial,2020,5964565
2020-04-23,Residencial,2020,5758889
2020-04-24,Residencial,2020,5619268
2020-04-25,Residencial,2020,5538387
2020-04-26,Residencial,2020,5393684
2020-04-27,Residencial,2020,5508444
2020-04-28,Residencial,2020,5505013
2020-04-29,Residencial,2020,5477169
2020-04-30,Residencial,2020,5221547
2020-05-01,Residencial,2020,5222301
2020-05-02,Residencial,2020,5224631
2020-05-03,Residencial,2020,5141160
2020-05-04,Residencial,2020,5287534
2020-05-05,Residencial,2020,5358395
2020-05-06,Residencial,2020,5359781
2020-05-07,Residencial,2020,5348541
2020-05-08,Residencial,2020,5372573
2020-05-09,Residencial,2020,5381324
2020-05-10,Residencial,2020,5307187
2020-05-11,Residencial,2020,5354535
2020-05-12,Residencial,2020,5356106
2020-05-13,Residencial,2020,5332890
2020-05-14,Residencial,2020,5447525
2020-05-15,Residencial,2020,5375499
2020-05-16,Residencial,2020,5360452
2020-05-17,Residencial,2020,5206592
2020-05-18,Residencial,2020,5304250
2020-05-19,Residencial,2020,5313566
2020-05-20,Residencial,2020,5371094
2020-05-21,Residencial,2020,5461611
2020-05-22,Residencial,2020,5557901
2020-05-23,Residencial,2020,5497928
2020-05-24,Residencial,2020,5333848
2020-05-25,Residencial,2020,5400141
2020-05-26,Residencial,2020,5456270
2020-05-27,Residencial,2020,5437291
2020-05-28,Residencial,2020,5422584
2020-05-29,Residencial,2020,5535433
2020-05-30,Residencial,2020,5254990
2020-05-31,Residencial,2020,4929210
2020-06-01,Residencial,2020,5166821
2020-06-02,Residencial,2020,5390396
2020-06-03,Residencial,2020,5507522
2020-06-04,Residencial,2020,5385601
2020-06-05,Residencial,2020,5296114
2020-06-06,Residencial,2020,5131043
2020-06-07,Residencial,2020,5175490
2020-06-08,Residencial,2020,5327236
2020-06-09,Residencial,2020,5369393
2020-06-10,Residencial,2020,5286171
2020-06-11,Residencial,2020,5320578
2020-06-12,Residencial,2020,5321187
2020-06-13,Residencial,2020,5064819
2020-06-14,Residencial,2020,5012837
2020-06-15,Residencial,2020,5418544
2020-06-16,Residencial,2020,5452847
2020-06-17,Residencial,2020,5367043
2020-06-18,Residencial,2020,5375193
2020-06-19,Residencial,2020,5277445
2020-06-20,Residencial,2020,4999915
2020-06-21,Residencial,2020,4997005
2020-06-22,Residencial,2020,5581342
2020-06-23,Residencial,2020,5635386
2020-06-24,Residencial,2020,5396337
2020-06-25,Residencial,2020,5886765
2020-06-26,Residencial,2020,5946425
2020-06-27,Residencial,2020,5553168
2020-06-28,Residencial,2020,5730715
2020-06-29,Residencial,2020,6532974
2020-06-30,Residencial,2020,6153251
2020-07-01,Residencial,2020,6748349
2020-07-02,Residencial,2020,6825444
2020-07-03,Residencial,2020,5793393
2020-07-04,Residencial,2020,5225936
2020-07-05,Residencial,2020,5513482
2020-07-06,Residencial,2020,6550702
2020-07-07,Residencial,2020,6320932
2020-07-08,Residencial,2020,6371265
2020-07-09,Residencial,2020,6498873
2020-07-10,Residencial,2020,6224351
2020-07-11,Residencial,2020,5734843
2020-07-12,Residencial,2020,5527304
2020-07-13,Residencial,2020,6344378
2020-07-14,Residencial,2020,6257381
2020-07-15,Residencial,2020,6121142
2020-07-16,Residencial,2020,5757575
2020-07-17,Residencial,2020,5681531
2020-07-18,Residencial,2020,5469058
2020-07-19,Residencial,2020,5671693
2020-07-20,Residencial,2020,6382285
2020-07-21,Residencial,2020,6521726
2020-07-22,Residencial,2020,6399890
2020-07-23,Residencial,2020,6640898
2020-07-24,Residencial,2020,6619071
2020-07-25,Residencial,2020,6174221
2020-07-26,Residencial,2020,6176714
2020-07-27,Residencial,2020,7080552
2020-07-28,Residencial,2020,7098302
2020-07-29,Residencial,2020,7030398
2020-07-30,Residencial,2020,7175968
2020-07-31,Residencial,2020,6916344
2020-08-01,Residencial,2020,6714538
2020-08-02,Residencial,2020,6334230
2020-08-03,Residencial,2020,5911819
2020-08-04,Residencial,2020,5602622
2020-08-05,Residencial,2020,5756172
2020-08-06,Residencial,2020,6075196
2020-08-07,Residencial,2020,6160793
2020-08-08,Residencial,2020,5845720
2020-08-09,Residencial,2020,6044074
2020-08-10,Residencial,2020,6547147
2020-08-11,Residencial,2020,6485598
2020-08-12,Residencial,2020,6513481
2020-08-13,Residencial,2020,6558857
2020-08-14,Residencial,2020,6137622
2020-08-15,Residencial,2020,5744057
2020-08-16,Residencial,2020,5569989
2020-08-17,Residencial,2020,5845716
2020-08-18,Residencial,2020,5747826
2020-08-19,Residencial,2020,6023746
2020-08-20,Residencial,2020,6330643
2020-08-21,Residencial,2020,6430996
2020-08-22,Residencial,2020,6124763
2020-08-23,Residencial,2020,5573822
2020-08-24,Residencial,2020,5918210
2020-08-25,Residencial,2020,6385547
2020-08-26,Residencial,2020,6716488
2020-08-27,Residencial,2020,6726370
2020-08-28,Residencial,2020,6518886
2020-08-29,Residencial,2020,5016387
2020-08-30,Residencial,2020,4750339
2020-08-31,Residencial,2020,4992990
2020-09-01,Residencial,2020,5203371
2020-09-02,Residencial,2020,5250125
2020-09-03,Residencial,2020,5341746
2020-09-04,Residencial,2020,5458949
2020-09-05,Residencial,2020,5186914
2020-09-06,Residencial,2020,5234616
2020-09-07,Residencial,2020,5412424
2020-09-08,Residencial,2020,5236677
2020-09-09,Residencial,2020,5308835
2020-09-10,Residencial,2020,5215459
2020-09-11,Residencial,2020,4931974
2020-09-12,Residencial,2020,4983231
2020-09-13,Residencial,2020,5303901
2020-09-14,Residencial,2020,6000608
2020-09-15,Residencial,2020,6082847
2020-09-16,Residencial,2020,6239812
2020-09-17,Residencial,2020,6111118
2020-09-18,Residencial,2020,5783016
2020-09-19,Residencial,2020,5532853
2020-09-20,Residencial,2020,5323204
2020-09-21,Residencial,2020,5643443
2020-09-22,Residencial,2020,5556122
2020-09-23,Residencial,2020,5546618
2020-09-24,Residencial,2020,5280101
2020-09-25,Residencial,2020,5137595
2020-09-26,Residencial,2020,4785994
2020-09-27,Residencial,2020,4919333
2020-09-28,Residencial,2020,5304646
2020-09-29,Residencial,2020,5327887
2020-09-30,Residencial,2020,5140757
2020-10-01,Residencial,2020,5304675
2020-10-02,Residencial,2020,5310595
2020-10-03,Residencial,2020,5009796
2020-10-04,Residencial,2020,5001743
2020-10-05,Residencial,2020,5323560
2020-10-06,Residencial,2020,5307251
2020-10-07,Residencial,2020,5354249
2020-10-08,Residencial,2020,5340426
2020-10-09,Residencial,2020,5247950
2020-10-10,Residencial,2020,5065604
2020-10-11,Residencial,2020,4718604
2020-10-12,Residencial,2020,4999655
2020-10-13,Residencial,2020,5382142
2020-10-14,Residencial,2020,5495418
2020-10-15,Residencial,2020,5616104
2020-10-16,Residencial,2020,5781212
2020-10-17,Residencial,2020,5577239
2020-10-18,Residencial,2020,5553859
2020-10-19,Residencial,2020,5817174
2020-10-20,Residencial,2020,5708792
2020-10-21,Residencial,2020,5608770
2020-10-22,Residencial,2020,5614031
2020-10-23,Residencial,2020,5480106
2020-10-24,Residencial,2020,5266550
2020-10-25,Residencial,2020,5272127
2020-10-26,Residencial,2020,5677924
2020-10-27,Residencial,2020,5801574
2020-10-28,Residencial,2020,5773092
2020-10-29,Residencial,2020,5692073
2020-10-30,Residencial,2020,5667371
2020-10-31,Residencial,2020,5464606
2020-11-01,Residencial,2020,5466194
2020-11-02,Residencial,2020,5620058
2020-11-03,Residencial,2020,5706895
2020-11-04,Residencial,2020,5920609
2020-11-05,Residencial,2020,5899105
2020-11-06,Residencial,2020,5864653
2020-11-07,Residencial,2020,5838292
2020-11-08,Residencial,2020,5607778
2020-11-09,Residencial,2020,5797960
2020-11-10,Residencial,2020,5824503
2020-11-11,Residencial,2020,5831276
2020-11-12,Residencial,2020,5837813
2020-11-13,Residencial,2020,5814922
2020-11-14,Residencial,2020,5720685
2020-11-15,Residencial,2020,5591693
2020-11-16,Residencial,2020,5824794
2020-11-17,Residencial,2020,5834779
2020-11-18,Residencial,2020,5895979
2020-11-19,Residencial,2020,5867225
2020-11-20,Residencial,2020,6116951
2020-11-21,Residencial,2020,6263671
2020-11-22,Residencial,2020,6461232
2020-11-23,Residencial,2020,6659585
2020-11-24,Residencial,2020,6718893
2020-11-25,Residencial,2020,6566010
2020-11-26,Residencial,2020,6438563
2020-11-27,Residencial,2020,6379470
2020-11-28,Residencial,2020,6551746
2020-11-29,Residencial,2020,6220497
2020-11-30,Residencial,2020,6256770
2020-12-01,Residencial,2020,6800004
2020-12-02,Residencial,2020,6979928
2020-12-03,Residencial,2020,7336142
2020-12-04,Residencial,2020,7373007
2020-12-05,Residencial,2020,7619291
2020-12-06,Residencial,2020,7680477
2020-12-07,Residencial,2020,7884922
2020-12-08,Residencial,2020,7916606
2020-12-09,Residencial,2020,8322245
2020-12-10,Residencial,2020,7970539
2020-12-11,Residencial,2020,7805096
2020-12-12,Residencial,2020,7300494
2020-12-13,Residencial,2020,7360350
2020-12-14,Residencial,2020,7566465
2020-12-15,Residencial,2020,7106056
2020-12-16,Residencial,2020,7101956
2020-12-17,Residencial,2020,7124729
2020-12-18,Residencial,2020,7029807
2020-12-19,Residencial,2020,6619105
2020-12-20,Residencial,2020,6668512
2020-12-21,Residencial,2020,6971692
2020-12-22,Residencial,2020,7035734
2020-12-23,Residencial,2020,6991050
2020-12-24,Residencial,2020,7250183
2020-12-25,Residencial,2020,7048531
2020-12-26,Residencial,2020,7380013
2020-12-27,Residencial,2020,7862314
2020-12-28,Residencial,2020,8043355
2020-12-29,Residencial,2020,7900451
2020-12-30,Residencial,2020,8143412
2020-12-31,Residencial,2020,7753225
2021-01-01,Residencial,2021,7694620
2021-01-02,Residencial,2021,7875422
2021-01-03,Residencial,2021,8202716
2021-01-04,Residencial,2021,8921440
2021-01-05,Residencial,2021,9185578
2021-01-06,Residencial,2021,8938040
2021-01-07,Residencial,2021,9758612
2021-01-08,Residencial,2021,9812173
2021-01-09,Residencial,2021,9894667
2021-01-10,Residencial,2021,9658722
2021-01-11,Residencial,2021,9767130
2021-01-12,Residencial,2021,10007013
2021-01-13,Residencial,2021,9643470
2021-01-14,Residencial,2021,9397897
2021-01-15,Residencial,2021,9151344
2021-01-16,Residencial,2021,8650041
2021-01-17,Residencial,2021,8165612
2021-01-18,Residencial,2021,8509951
2021-01-19,Residencial,2021,8207391
2021-01-20,Residencial,2021,8172208
2021-01-21,Residencial,2021,7661801
2021-01-22,Residencial,2021,7762264
2021-01-23,Residencial,2021,7503249
2021-01-24,Residencial,2021,7214709
2021-01-25,Residencial,2021,7732718
2021-01-26,Residencial,2021,7621452
2021-01-27,Residencial,2021,7425969
2021-01-28,Residencial,2021,7064583
2021-01-29,Residencial,2021,6564309
2021-01-30,Residencial,2021,6414042
2021-01-31,Residencial,2021,6358914
2021-02-01,Residencial,2021,6438196
2021-02-02,Residencial,2021,6231974
2021-02-03,Residencial,2021,6166739
2021-02-04,Residencial,2021,6323054
2021-02-05,Residencial,2021,6338010
2021-02-06,Residencial,2021,6112737
2021-02-07,Residencial,2021,6485927
2021-02-08,Residencial,2021,7034068
2021-02-09,Residencial,2021,7110030
2021-02-10,Residencial,2021,7061245
2021-02-11,Residencial,2021,6811636
2021-02-12,Residencial,2021,6820898
2021-02-13,Residencial,2021,6437394
2021-02-14,Residencial,2021,7242301
2021-02-15,Residencial,2021,7720353
2021-02-16,Residencial,2021,7242617
2021-02-17,Residencial,2021,6916329
2021-02-18,Residencial,2021,6985672
2021-02-19,Residencial,2021,6882248
2021-02-20,Residencial,2021,6731303
2021-02-21,Residencial,2021,6856647
2021-02-22,Residencial,2021,7139854
2021-02-23,Residencial,2021,6598801
2021-02-24,Residencial,2021,6393565
2021-02-25,Residencial,2021,6374175
2021-02-26,Residencial,2021,6404913
2021-02-27,Residencial,2021,6183646
2021-02-28,Residencial,2021,5953577
2021-03-01,Residencial,2021,6478272
2021-03-02,Residencial,2021,6627693
2021-03-03,Residencial,2021,6484542
2021-03-04,Residencial,2021,6408067
2021-03-05,Residencial,2021,6312756
2021-03-06,Residencial,2021,6233104
2021-03-07,Residencial,2021,6340936
2021-03-08,Residencial,2021,6747665
2021-03-09,Residencial,2021,6656737
2021-03-10,Residencial,2021,6604692
2021-03-11,Residencial,2021,6378858
2021-03-12,Residencial,2021,6471993
2021-03-13,Residencial,2021,6065130
2021-03-14,Residencial,2021,6168245
2021-03-15,Residencial,2021,6352202
2021-03-16,Residencial,2021,6288753
2021-03-17,Residencial,2021,6305821
2021-03-18,Residencial,2021,6438753
2021-03-19,Residencial,2021,6936968
2021-03-20,Residencial,2021,6496602
2021-03-21,Residencial,2021,6404644
2021-03-22,Residencial,2021,6645487
2021-03-23,Residencial,2021,6450676
2021-03-24,Residencial,2021,6265749
2021-03-25,Residencial,2021,6138254
2021-03-26,Residencial,2021,6042185
2021-03-27,Residencial,2021,5590506
2021-03-28,Residencial,2021,5150942
2021-03-29,Residencial,2021,5734733
2021-03-30,Residencial,2021,5623387
2021-03-31,Residencial,2021,5286146
2021-04-01,Residencial,2021,5228971
2021-04-02,Residencial,2021,4794308
2021-04-03,Residencial,2021,4687483
2021-04-04,Residencial,2021,4753927
2021-04-05,Residencial,2021,5153655
2021-04-06,Residencial,2021,5750192
2021-04-07,Residencial,2021,6116832
2021-04-08,Residencial,2021,5972444
2021-04-09,Residencial,2021,6138523
2021-04-10,Residencial,2021,6202386
2021-04-11,Residencial,2021,6060636
2021-04-12,Residencial,2021,6230372
2021-04-13,Residencial,2021,6176066
2021-04-14,Residencial,2021,6127052
2021-04-15,Residencial,2021,6104704
2021-04-16,Residencial,2021,6233620
2021-04-17,Residencial,2021,6142271
2021-04-18,Residencial,2021,5979802
2021-04-19,Residencial,2021,6094627
2021-04-20,Residencial,2021,6040161
2021-04-21,Residencial,2021,6178752
2021-04-22,Residencial,2021,6043626
2021-04-23,Residencial,2021,5697631
2021-04-24,Residencial,2021,5532776
2021-04-25,Residencial,2021,5550027
2021-04-26,Residencial,2021,5866787
2021-04-27,Residencial,2021,5771058
2021-04-28,Residencial,2021,5749014
2021-04-29,Residencial,2021,5665177
2021-04-30,Residencial,2021,5365493
2021-05-01,Residencial,2021,5343921
2021-05-02,Residencial,2021,5358487
2021-05-03,Residencial,2021,5608282
2021-05-04,Residencial,2021,5517685
2021-05-05,Residencial,2021,5429245
2021-05-06,Residencial,2021,5350974
2021-05-07,Residencial,2021,5241541
2021-05-08,Residencial,2021,4919844
2021-05-09,Residencial,2021,4984455
2021-05-10,Residencial,2021,5333868
2021-05-11,Residencial,2021,5313585
2021-05-12,Residencial,2021,5282780
2021-05-13,Residencial,2021,5254036
2021-05-14,Residencial,2021,5225196
2021-05-15,Residencial,2021,4895263
2021-05-16,Residencial,2021,4972639
2021-05-17,Residencial,2021,5275776
2021-05-18,Residencial,2021,5290560
2021-05-19,Residencial,2021,5281133
2021-05-20,Residencial,2021,5199373
2021-05-21,Residencial,2021,5086080
2021-05-22,Residencial,2021,4702161
2021-05-23,Residencial,2021,4619456
2021-05-24,Residencial,2021,4885676
2021-05-25,Residencial,2021,5285299
2021-05-26,Residencial,2021,5230077
2021-05-27,Residencial,2021,5199262
2021-05-28,Residencial,2021,5123356
2021-05-29,Residencial,2021,4882944
2021-05-30,Residencial,2021,4989747
2021-05-31,Residencial,2021,5202378
2021-06-01,Residencial,2021,5391465
2021-06-02,Residencial,2021,5595269
2021-06-03,Residencial,2021,5259302
2021-06-04,Residencial,2021,5162323
2021-06-05,Residencial,2021,4976767
2021-06-06,Residencial,2021,4969544
2021-06-07,Residencial,2021,5209765
2021-06-08,Residencial,2021,5288932
2021-06-09,Residencial,2021,5393769
2021-06-10,Residencial,2021,5460179
2021-06-11,Residencial,2021,5546145
2021-06-12,Residencial,2021,5544810
2021-06-13,Residencial,2021,5872664
2021-06-14,Residencial,2021,6612646
2021-06-15,Residencial,2021,6812283
2021-06-16,Residencial,2021,6694659
2021-06-17,Residencial,2021,6260866
2021-06-18,Residencial,2021,6131259
2021-06-19,Residencial,2021,5860635
2021-06-20,Residencial,2021,5662461
2021-06-21,Residencial,2021,6030225
2021-06-22,Residencial,2021,5809947
2021-06-23,Residencial,2021,5394710
2021-06-24,Residencial,2021,4800134
2021-06-25,Residencial,2021,5056796
2021-06-26,Residencial,2021,5022783
2021-06-27,Residencial,2021,5265641
2021-06-28,Residencial,2021,5815119
2021-06-29,Residencial,2021,5692827
2021-06-30,Residencial,2021,5364210
2021-07-01,Residencial,2021,5794107
2021-07-02,Residencial,2021,5832341
2021-07-03,Residencial,2021,5675024
2021-07-04,Residencial,2021,5616827
2021-07-05,Residencial,2021,6092974
2021-07-06,Residencial,2021,6375114
2021-07-07,Residencial,2021,5900372
2021-07-08,Residencial,2021,5695912
2021-07-09,Residencial,2021,5608435
2021-07-10,Residencial,2021,5497738
2021-07-11,Residencial,2021,5700846
2021-07-12,Residencial,2021,5997696
2021-07-13,Residencial,2021,5440267
2021-07-14,Residencial,2021,5410702
2021-07-15,Residencial,2021,5493297
2021-07-16,Residencial,2021,5513579
2021-07-17,Residencial,2021,5383127
2021-07-18,Residencial,2021,5599599
2021-07-19,Residencial,2021,6420601
2021-07-20,Residencial,2021,6642035
2021-07-21,Residencial,2021,6851118
2021-07-22,Residencial,2021,7021000
2021-07-23,Residencial,2021,6925656
2021-07-24,Residencial,2021,6249295
2021-07-25,Residencial,2021,6046562
2021-07-26,Residencial,2021,6110568
2021-07-27,Residencial,2021,6167951
2021-07-28,Residencial,2021,6109138
2021-07-29,Residencial,2021,6095356
2021-07-30,Residencial,2021,6272875
2021-07-31,Residencial,2021,5347609
2021-08-01,Residencial,2021,4777105
2021-08-02,Residencial,2021,5119172
2021-08-03,Residencial,2021,5285505
2021-08-04,Residencial,2021,5246627
2021-08-05,Residencial,2021,5247467
2021-08-06,Residencial,2021,5189536
2021-08-07,Residencial,2021,5116295
2021-08-08,Residencial,2021,4705572
2021-08-09,Residencial,2021,4836558
2021-08-10,Residencial,2021,4898480
2021-08-11,Residencial,2021,5040446
2021-08-12,Residencial,2021,5398795
2021-08-13,Residencial,2021,5577133
2021-08-14,Residencial,2021,5751996
2021-08-15,Residencial,2021,5780873
2021-08-16,Residencial,2021,5856470
2021-08-17,Residencial,2021,5274705
2021-08-18,Residencial,2021,5129372
2021-08-19,Residencial,2021,5065564
2021-08-20,Residencial,2021,5175914
2021-08-21,Residencial,2021,5347903
2021-08-22,Residencial,2021,5334728
2021-08-23,Residencial,2021,5412029
2021-08-24,Residencial,2021,5266275
2021-08-25,Residencial,2021,5218375
2021-08-26,Residencial,2021,5331752
2021-08-27,Residencial,2021,5681988
2021-08-28,Residencial,2021,5240044
2021-08-29,Residencial,2021,5127807
2021-08-30,Residencial,2021,5336266
2021-08-31,Residencial,2021,5247054
2021-09-01,Residencial,2021,5218536
2021-09-02,Residencial,2021,5207724
2021-09-03,Residencial,2021,5255855
2021-09-04,Residencial,2021,5050581
2021-09-05,Residencial,2021,5392393
2021-09-06,Residencial,2021,6083713
2021-09-07,Residencial,2021,6116976
2021-09-08,Residencial,2021,6168879
2021-09-09,Residencial,2021,6068748
2021-09-10,Residencial,2021,5615501
2021-09-11,Residencial,2021,5194674
2021-09-12,Residencial,2021,5589133
2021-09-13,Residencial,2021,6111315
2021-09-14,Residencial,2021,6480576
2021-09-15,Residencial,2021,6462505
2021-09-16,Residencial,2021,5992069
2021-09-17,Residencial,2021,5785070
2021-09-18,Residencial,2021,5470239
2021-09-19,Residencial,2021,5168709
2021-09-20,Residencial,2021,5341095
2021-09-21,Residencial,2021,5192557
2021-09-22,Residencial,2021,5190310
2021-09-23,Residencial,2021,5157429
2021-09-24,Residencial,2021,4794367
2021-09-25,Residencial,2021,4990605
2021-09-26,Residencial,2021,5168080
2021-09-27,Residencial,2021,5555199
2021-09-28,Residencial,2021,5570232
2021-09-29,Residencial,2021,5468495
2021-09-30,Residencial,2021,5150502
2021-10-01,Residencial,2021,5145620
2021-10-02,Residencial,2021,4980672
2021-10-03,Residencial,2021,5124494
2021-10-04,Residencial,2021,5225133
2021-10-05,Residencial,2021,5134582
2021-10-06,Residencial,2021,5151289
2021-10-07,Residencial,2021,5093497
2021-10-08,Residencial,2021,5004399
2021-10-09,Residencial,2021,4776255
2021-10-10,Residencial,2021,4707227
2021-10-11,Residencial,2021,4862077
2021-10-12,Residencial,2021,4843334
2021-10-13,Residencial,2021,5106405
2021-10-14,Residencial,2021,5118836
2021-10-15,Residencial,2021,5089017
2021-10-16,Residencial,2021,4905242
2021-10-17,Residencial,2021,4939407
2021-10-18,Residencial,2021,5207792
2021-10-19,Residencial,2021,5247561
2021-10-20,Residencial,2021,5251163
2021-10-21,Residencial,2021,5235558
2021-10-22,Residencial,2021,5126584
2021-10-23,Residencial,2021,4951336
2021-10-24,Residencial,2021,4997798
2021-10-25,Residencial,2021,5234110
2021-10-26,Residencial,2021,5251923
2021-10-27,Residencial,2021,5288978
2021-10-28,Residencial,2021,5276579
2021-10-29,Residencial,2021,5226360
2021-10-30,Residencial,2021,5087316
2021-10-31,Residencial,2021,4790994
2021-11-01,Residencial,2021,5020184
2021-11-02,Residencial,2021,5318793
2021-11-03,Residencial,2021,5495813
2021-11-04,Residencial,2021,5692406
2021-11-05,Residencial,2021,5761138
2021-11-06,Residencial,2021,5762793
2021-11-07,Residencial,2021,5969216
2021-11-08,Residencial,2021,6093633
2021-11-09,Residencial,2021,6313190
2021-11-10,Residencial,2021,6378263
2021-11-11,Residencial,2021,6136780
2021-11-12,Residencial,2021,5865680
2021-11-13,Residencial,2021,5513933
2021-11-14,Residencial,2021,5741339
2021-11-15,Residencial,2021,6180710
2021-11-16,Residencial,2021,6439089
2021-11-17,Residencial,2021,6359295
2021-11-18,Residencial,2021,6380865
2021-11-19,Residencial,2021,6291855
2021-11-20,Residencial,2021,6182880
2021-11-21,Residencial,2021,6146077
2021-11-22,Residencial,2021,6490893
2021-11-23,Residencial,2021,6846699
2021-11-24,Residencial,2021,6914428
2021-11-25,Residencial,2021,6979094
2021-11-26,Residencial,2021,6973889
2021-11-27,Residencial,2021,7150202
2021-11-28,Residencial,2021,7924088
2021-11-29,Residencial,2021,8014561
2021-11-30,Residencial,2021,7486469
2021-12-01,Residencial,2021,7621323
2021-12-02,Residencial,2021,7362869
2021-12-03,Residencial,2021,7401870
2021-12-04,Residencial,2021,6691748
2021-12-05,Residencial,2021,6637022
2021-12-06,Residencial,2021,6810475
2021-12-07,Residencial,2021,6875117
2021-12-08,Residencial,2021,7151464
2021-12-09,Residencial,2021,7856108
2021-12-10,Residencial,2021,7388379
2021-12-11,Residencial,2021,7046553
2021-12-12,Residencial,2021,6924387
2021-12-13,Residencial,2021,7100866
2021-12-14,Residencial,2021,7144564
2021-12-15,Residencial,2021,7136380
2021-12-16,Residencial,2021,7169167
2021-12-17,Residencial,2021,7075941
2021-12-18,Residencial,2021,6936549
2021-12-19,Residencial,2021,7092428
2021-12-20,Residencial,2021,7477387
2021-12-21,Residencial,2021,7596949
2021-12-22,Residencial,2021,7594414
2021-12-23,Residencial,2021,7235903
2021-12-24,Residencial,2021,7017800
2021-12-25,Residencial,2021,6094387
2021-12-26,Residencial,2021,6006168
2021-12-27,Residencial,2021,6176514
2021-12-28,Residencial,2021,5994592
2021-12-29,Residencial,2021,5827722
2021-12-30,Residencial,2021,5741863
2021-12-31,Residencial,2021,5781745
2022-01-01,Residencial,2022,5610856
2022-01-02,Residencial,2022,5808432
2022-01-03,Residencial,2022,6380457
2022-01-04,Residencial,2022,6229347
2022-01-05,Residencial,2022,6618296
2022-01-06,Residencial,2022,6898288
2022-01-07,Residencial,2022,7355356
2022-01-08,Residencial,2022,7290816
2022-01-09,Residencial,2022,7249203
2022-01-10,Residencial,2022,7779335
2022-01-11,Residencial,2022,7338454
2022-01-12,Residencial,2022,7428185
2022-01-13,Residencial,2022,7674468
2022-01-14,Residencial,2022,7695751
2022-01-15,Residencial,2022,7437636
2022-01-16,Residencial,2022,7679377
2022-01-17,Residencial,2022,7956244
2022-01-18,Residencial,2022,7983086
2022-01-19,Residencial,2022,7985028
2022-01-20,Residencial,2022,7836650
2022-01-21,Residencial,2022,8022834
2022-01-22,Residencial,2022,7721175
2022-01-23,Residencial,2022,7797371
2022-01-24,Residencial,2022,8148644
2022-01-25,Residencial,2022,7954700
2022-01-26,Residencial,2022,7807441
2022-01-27,Residencial,2022,7587968
2022-01-28,Residencial,2022,7286156
2022-01-29,Residencial,2022,6779812
2022-01-30,Residencial,2022,6804160
2022-01-31,Residencial,2022,6871589
2022-02-01,Residencial,2022,7006910
2022-02-02,Residencial,2022,6812583
2022-02-03,Residencial,2022,6709794
2022-02-04,Residencial,2022,6638664
2022-02-05,Residencial,2022,6370052
2022-02-06,Residencial,2022,6478222
2022-02-07,Residencial,2022,6831387
2022-02-08,Residencial,2022,6786999
2022-02-09,Residencial,2022,6698942
2022-02-10,Residencial,2022,6733934
2022-02-11,Residencial,2022,6607183
2022-02-12,Residencial,2022,6559640
2022-02-13,Residencial,2022,6517187
2022-02-14,Residencial,2022,6562974
2022-02-15,Residencial,2022,6676163
2022-02-16,Residencial,2022,6662283
2022-02-17,Residencial,2022,6281823
2022-02-18,Residencial,2022,6060796
2022-02-19,Residencial,2022,6227559
2022-02-20,Residencial,2022,6162136
2022-02-21,Residencial,2022,6409535
2022-02-22,Residencial,2022,6378497
2022-02-23,Residencial,2022,6331059
2022-02-24,Residencial,2022,6218502
2022-02-25,Residencial,2022,6277557
2022-02-26,Residencial,2022,6178260
2022-02-27,Residencial,2022,6102678
2022-02-28,Residencial,2022,6383349
2022-03-01,Residencial,2022,6370348
2022-03-02,Residencial,2022,6610555
2022-03-03,Residencial,2022,6286487
2022-03-04,Residencial,2022,6275280
2022-03-05,Residencial,2022,5991640
2022-03-06,Residencial,2022,6428370
2022-03-07,Residencial,2022,6634340
2022-03-08,Residencial,2022,6733513
2022-03-09,Residencial,2022,6565124
2022-03-10,Residencial,2022,6419010
2022-03-11,Residencial,2022,6368374
2022-03-12,Residencial,2022,6327201
2022-03-13,Residencial,2022,6241730
2022-03-14,Residencial,2022,6637398
2022-03-15,Residencial,2022,6472088
2022-03-16,Residencial,2022,6471214
2022-03-17,Residencial,2022,6238324
2022-03-18,Residencial,2022,6131712
2022-03-19,Residencial,2022,6112232
2022-03-20,Residencial,2022,6152038
2022-03-21,Residencial,2022,6321726
2022-03-22,Residencial,2022,6418841
2022-03-23,Residencial,2022,6568037
2022-03-24,Residencial,2022,6576737
2022-03-25,Residencial,2022,6206410
2022-03-26,Residencial,2022,6215349
2022-03-27,Residencial,2022,5615851
2022-03-28,Residencial,2022,5942726
2022-03-29,Residencial,2022,6047574
2022-03-30,Residencial,2022,6139838
2022-03-31,Residencial,2022,5812524
2022-04-01,Residencial,2022,6092260
2022-04-02,Residencial,2022,6208065
2022-04-03,Residencial,2022,6852088
2022-04-04,Residencial,2022,7003183
2022-04-05,Residencial,2022,6595809
2022-04-06,Residencial,2022,6235157
2022-04-07,Residencial,2022,5793653
2022-04-08,Residencial,2022,5420814
2022-04-09,Residencial,2022,5127632
2022-04-10,Residencial,2022,5045868
2022-04-11,Residencial,2022,5293960
2022-04-12,Residencial,2022,5468014
2022-04-13,Residencial,2022,5603084
2022-04-14,Residencial,2022,4997412
2022-04-15,Residencial,2022,4434021
2022-04-16,Residencial,2022,4283743
2022-04-17,Residencial,2022,4297983
2022-04-18,Residencial,2022,4814149
2022-04-19,Residencial,2022,5281889
2022-04-20,Residencial,2022,5525584
2022-04-21,Residencial,2022,5740168
2022-04-22,Residencial,2022,5376809
2022-04-23,Residencial,2022,5384550
2022-04-24,Residencial,2022,5257439
2022-04-25,Residencial,2022,5337933
2022-04-26,Residencial,2022,5243103
2022-04-27,Residencial,2022,5225330
2022-04-28,Residencial,2022,5156824
2022-04-29,Residencial,2022,5052102
2022-04-30,Residencial,2022,4697549
2022-05-01,Residencial,2022,4803232
2022-05-02,Residencial,2022,5178076
2022-05-03,Residencial,2022,5206591
2022-05-04,Residencial,2022,5230582
2022-05-05,Residencial,2022,5165637
2022-05-06,Residencial,2022,5051741
2022-05-07,Residencial,2022,4770676
2022-05-08,Residencial,2022,4800220
2022-05-09,Residencial,2022,5129738
2022-05-10,Residencial,2022,5070933
2022-05-11,Residencial,2022,5080273
2022-05-12,Residencial,2022,5051292
2022-05-13,Residencial,2022,4979114
2022-05-14,Residencial,2022,4777518
2022-05-15,Residencial,2022,4856012
2022-05-16,Residencial,2022,5170135
2022-05-17,Residencial,2022,5220130
2022-05-18,Residencial,2022,5369084
2022-05-19,Residencial,2022,5377197
2022-05-20,Residencial,2022,5319348
2022-05-21,Residencial,2022,5158057
2022-05-22,Residencial,2022,5367248
2022-05-23,Residencial,2022,5579016
2022-05-24,Residencial,2022,5360155
2022-05-25,Residencial,2022,5130913
2022-05-26,Residencial,2022,5098078
2022-05-27,Residencial,2022,5126620
2022-05-28,Residencial,2022,5039000
2022-05-29,Residencial,2022,4996369
2022-05-30,Residencial,2022,5215725
2022-05-31,Residencial,2022,5021772
2022-06-01,Residencial,2022,5388264
2022-06-02,Residencial,2022,5323750
2022-06-03,Residencial,2022,5278056
2022-06-04,Residencial,2022,4899384
2022-06-05,Residencial,2022,4779216
2022-06-06,Residencial,2022,5230607
2022-06-07,Residencial,2022,5683452
2022-06-08,Residencial,2022,5622274
2022-06-09,Residencial,2022,5484970
2022-06-10,Residencial,2022,5494535
2022-06-11,Residencial,2022,5370153
2022-06-12,Residencial,2022,5764759
2022-06-13,Residencial,2022,6422485
2022-06-14,Residencial,2022,6279398
2022-06-15,Residencial,2022,6642959
2022-06-16,Residencial,2022,7033158
2022-06-17,Residencial,2022,7331010
2022-06-18,Residencial,2022,6758732
2022-06-19,Residencial,2022,6471823
2022-06-20,Residencial,2022,6854327
2022-06-21,Residencial,2022,6755532
2022-06-22,Residencial,2022,6277769
2022-06-23,Residencial,2022,6073587
2022-06-24,Residencial,2022,5430003
2022-06-25,Residencial,2022,5282368
2022-06-26,Residencial,2022,5571745
2022-06-27,Residencial,2022,6047394
2022-06-28,Residencial,2022,5889263
2022-06-29,Residencial,2022,6091898
2022-06-30,Residencial,2022,5852814
2022-07-01,Residencial,2022,5627227
2022-07-02,Residencial,2022,5213601
2022-07-03,Residencial,2022,5434123
2022-07-04,Residencial,2022,6181504
2022-07-05,Residencial,2022,6415645
2022-07-06,Residencial,2022,6142811
2022-07-07,Residencial,2022,6118894
2022-07-08,Residencial,2022,6086450
2022-07-09,Residencial,2022,5754606
2022-07-10,Residencial,2022,6017767
2022-07-11,Residencial,2022,6582179
2022-07-12,Residencial,2022,6810697
2022-07-13,Residencial,2022,7057872
2022-07-14,Residencial,2022,7165850
2022-07-15,Residencial,2022,7440449
2022-07-16,Residencial,2022,6869738
2022-07-17,Residencial,2022,6766782
2022-07-18,Residencial,2022,7395873
2022-07-19,Residencial,2022,7467079
2022-07-20,Residencial,2022,7414866
2022-07-21,Residencial,2022,7330732
2022-07-22,Residencial,2022,7452534
2022-07-23,Residencial,2022,6718755
2022-07-24,Residencial,2022,7108066
2022-07-25,Residencial,2022,7391044
2022-07-26,Residencial,2022,7061373
2022-07-27,Residencial,2022,6634176
2022-07-28,Residencial,2022,6763086
2022-07-29,Residencial,2022,6510659
2022-07-30,Residencial,2022,5868686
2022-07-31,Residencial,2022,5954790
2022-08-01,Residencial,2022,7102303
2022-08-02,Residencial,2022,7134005
2022-08-03,Residencial,2022,7146603
2022-08-04,Residencial,2022,7116149
2022-08-05,Residencial,2022,6675262
2022-08-06,Residencial,2022,5970480
2022-08-07,Residencial,2022,6059365
2022-08-08,Residencial,2022,6247804
2022-08-09,Residencial,2022,6432971
2022-08-10,Residencial,2022,6583293
2022-08-11,Residencial,2022,6588955
2022-08-12,Residencial,2022,6803070
2022-08-13,Residencial,2022,6431996
2022-08-14,Residencial,2022,6114642
2022-08-15,Residencial,2022,5828366
2022-08-16,Residencial,2022,6020717
2022-08-17,Residencial,2022,5690448
2022-08-18,Residencial,2022,4784930
2022-08-19,Residencial,2022,4653015
2022-08-20,Residencial,2022,4780915
2022-08-21,Residencial,2022,5068891
2022-08-22,Residencial,2022,5369189
2022-08-23,Residencial,2022,5592673
2022-08-24,Residencial,2022,5929721
2022-08-25,Residencial,2022,5929318
2022-08-26,Residencial,2022,5612529
2022-08-27,Residencial,2022,5533905
2022-08-28,Residencial,2022,5789425
2022-08-29,Residencial,2022,6263600
2022-08-30,Residencial,2022,6418499
2022-08-31,Residencial,2022,5374652
2022-09-01,Residencial,2022,5920797
2022-09-02,Residencial,2022,6126248
2022-09-03,Residencial,2022,5598239
2022-09-04,Residencial,2022,5976409
2022-09-05,Residencial,2022,6714547
2022-09-06,Residencial,2022,7043042
2022-09-07,Residencial,2022,6773077
2022-09-08,Residencial,2022,6233221
2022-09-09,Residencial,2022,5900385
2022-09-10,Residencial,2022,5502743
2022-09-11,Residencial,2022,5944348
2022-09-12,Residencial,2022,6816536
2022-09-13,Residencial,2022,6569302
2022-09-14,Residencial,2022,6032046
2022-09-15,Residencial,2022,6200130
2022-09-16,Residencial,2022,5908364
2022-09-17,Residencial,2022,5201459
2022-09-18,Residencial,2022,5013636
2022-09-19,Residencial,2022,5402856
2022-09-20,Residencial,2022,5381151
2022-09-21,Residencial,2022,5304683
2022-09-22,Residencial,2022,5222003
2022-09-23,Residencial,2022,5175705
2022-09-24,Residencial,2022,4719372
2022-09-25,Residencial,2022,4563866
2022-09-26,Residencial,2022,4879620
2022-09-27,Residencial,2022,5065646
2022-09-28,Residencial,2022,5083920
2022-09-29,Residencial,2022,5062303
2022-09-30,Residencial,2022,4789732
2022-10-01,Residencial,2022,4860656
2022-10-02,Residencial,2022,4766760
2022-10-03,Residencial,2022,5084428
2022-10-04,Residencial,2022,5098055
2022-10-05,Residencial,2022,5106559
2022-10-06,Residencial,2022,5087039
2022-10-07,Residencial,2022,5096178
2022-10-08,Residencial,2022,4814755
2022-10-09,Residencial,2022,4832145
2022-10-10,Residencial,2022,5071852
2022-10-11,Residencial,2022,5002748
2022-10-12,Residencial,2022,4864362
2022-10-13,Residencial,2022,5003134
2022-10-14,Residencial,2022,4966797
2022-10-15,Residencial,2022,4779969
2022-10-16,Residencial,2022,4890572
2022-10-17,Residencial,2022,5211314
2022-10-18,Residencial,2022,5221603
2022-10-19,Residencial,2022,5228223
2022-10-20,Residencial,2022,5195593
2022-10-21,Residencial,2022,5127493
2022-10-22,Residencial,2022,4852772
2022-10-23,Residencial,2022,4917361
2022-10-24,Residencial,2022,5189900
2022-10-25,Residencial,2022,5184033
2022-10-26,Residencial,2022,5211664
2022-10-27,Residencial,2022,5137284
2022-10-28,Residencial,2022,5004253
2022-10-29,Residencial,2022,4655913
2022-10-30,Residencial,2022,4490148
2022-10-31,Residencial,2022,4666706
2022-11-01,Residencial,2022,4862255
2022-11-02,Residencial,2022,5068762
2022-11-03,Residencial,2022,5083481
2022-11-04,Residencial,2022,5019438
2022-11-05,Residencial,2022,4890972
2022-11-06,Residencial,2022,4967641
2022-11-07,Residencial,2022,5181220
2022-11-08,Residencial,2022,5185503
2022-11-09,Residencial,2022,5181681
2022-11-10,Residencial,2022,5154832
2022-11-11,Residencial,2022,5103700
2022-11-12,Residencial,2022,4940428
2022-11-13,Residencial,2022,4983823
2022-11-14,Residencial,2022,5189620
2022-11-15,Residencial,2022,5166214
2022-11-16,Residencial,2022,5167575
2022-11-17,Residencial,2022,5149744
2022-11-18,Residencial,2022,5183607
2022-11-19,Residencial,2022,5150605
2022-11-20,Residencial,2022,5419677
2022-11-21,Residencial,2022,5827965
2022-11-22,Residencial,2022,6153384
2022-11-23,Residencial,2022,5855300
2022-11-24,Residencial,2022,5724743
2022-11-25,Residencial,2022,5582447
2022-11-26,Residencial,2022,5580980
2022-11-27,Residencial,2022,5766431
2022-11-28,Residencial,2022,6170812
2022-11-29,Residencial,2022,6173340
2022-11-30,Residencial,2022,6036685
2022-12-01,Residencial,2022,6461409
2022-12-02,Residencial,2022,6633447
2022-12-03,Residencial,2022,6424591
2022-12-04,Residencial,2022,6643974
2022-12-05,Residencial,2022,13390290
2022-12-06,Residencial,2022,6422082
2022-12-07,Residencial,2022,6412647
2022-12-08,Residencial,2022,6293341
2022-12-09,Residencial,2022,5888241
2022-12-10,Residencial,2022,5872361
2022-12-11,Residencial,2022,6814655
2022-12-12,Residencial,2022,7468025
2022-12-13,Residencial,2022,7006901
2022-12-14,Residencial,2022,6498856
2022-12-15,Residencial,2022,6294208
2022-12-16,Residencial,2022,6212936
2022-12-17,Residencial,2022,6210625
2022-12-18,Residencial,2022,6273557
2022-12-19,Residencial,2022,6446433
2022-12-20,Residencial,2022,6276251
2022-12-21,Residencial,2022,6135492
2022-12-22,Residencial,2022,6056878
2022-12-23,Residencial,2022,5734025
2022-12-24,Residencial,2022,5606427
2022-12-25,Residencial,2022,5099354
2022-12-26,Residencial,2022,5184245
2022-12-27,Residencial,2022,5530589
2022-12-28,Residencial,2022,5622317
2022-12-29,Residencial,2022,5698901
2022-12-30,Residencial,2022,5575752
2022-12-31,Residencial,2022,5273707
2023-01-01,Residencial,2023,5055837
2023-01-02,Residencial,2023,5488886
2023-01-03,Residencial,2023,5500315
2023-01-04,Residencial,2023,5595844
2023-01-05,Residencial,2023,5663085
2023-01-06,Residencial,2023,5655047
2023-01-07,Residencial,2023,5726366
2023-01-08,Residencial,2023,6091692
2023-01-09,Residencial,2023,6034604
2023-01-10,Residencial,2023,6176744
2023-01-11,Residencial,2023,6216230
2023-01-12,Residencial,2023,6188227
2023-01-13,Residencial,2023,6128149
2023-01-14,Residencial,2023,5907548
2023-01-15,Residencial,2023,6096865
2023-01-16,Residencial,2023,6367101
2023-01-17,Residencial,2023,6281688
2023-01-18,Residencial,2023,6832679
2023-01-19,Residencial,2023,7132928
2023-01-20,Residencial,2023,6851061
2023-01-21,Residencial,2023,6997345
2023-01-22,Residencial,2023,7547795
2023-01-23,Residencial,2023,7881371
2023-01-24,Residencial,2023,8275390
2023-01-25,Residencial,2023,7529807
2023-01-26,Residencial,2023,7575443
2023-01-27,Residencial,2023,7482766
2023-01-28,Residencial,2023,7419078
2023-01-29,Residencial,2023,7408736
2023-01-30,Residencial,2023,7375922
2023-01-31,Residencial,2023,6366126
2023-02-01,Residencial,2023,7219963
2023-02-02,Residencial,2023,6918331
2023-02-03,Residencial,2023,6582567
2023-02-04,Residencial,2023,5998079
2023-02-05,Residencial,2023,6174519
2023-02-06,Residencial,2023,6927708
2023-02-07,Residencial,2023,7442620
2023-02-08,Residencial,2023,7228407
2023-02-09,Residencial,2023,7137928
2023-02-10,Residencial,2023,6970446
2023-02-11,Residencial,2023,6685254
2023-02-12,Residencial,2023,6908939
2023-02-13,Residencial,2023,7013617
2023-02-14,Residencial,2023,6827982
2023-02-15,Residencial,2023,6656740
2023-02-16,Residencial,2023,6608714
2023-02-17,Residencial,2023,6255313
2023-02-18,Residencial,2023,5734492
2023-02-19,Residencial,2023,5742835
2023-02-20,Residencial,2023,5998309
2023-02-21,Residencial,2023,5914965
2023-02-22,Residencial,2023,5806716
2023-02-23,Residencial,2023,6043198
2023-02-24,Residencial,2023,6001099
2023-02-25,Residencial,2023,5996762
2023-02-26,Residencial,2023,6432152
2023-02-27,Residencial,2023,7174511
2023-02-28,Residencial,2023,6621591
2023-03-01,Residencial,2023,7324979
2023-03-02,Residencial,2023,7353608
2023-03-03,Residencial,2023,6812497
2023-03-04,Residencial,2023,6336822
2023-03-05,Residencial,2023,6377029
2023-03-06,Residencial,2023,6504718
2023-03-07,Residencial,2023,6074352
2023-03-08,Residencial,2023,5618925
2023-03-09,Residencial,2023,5440324
2023-03-10,Residencial,2023,5085917
2023-03-11,Residencial,2023,4770120
2023-03-12,Residencial,2023,4820761
2023-03-13,Residencial,2023,4963139
2023-03-14,Residencial,2023,4951932
2023-03-15,Residencial,2023,4983542
2023-03-16,Residencial,2023,4961538
2023-03-17,Residencial,2023,5030986
2023-03-18,Residencial,2023,4807116
2023-03-19,Residencial,2023,4876807
2023-03-20,Residencial,2023,5076418
2023-03-21,Residencial,2023,5044565
2023-03-22,Residencial,2023,5004663
2023-03-23,Residencial,2023,4952063
2023-03-24,Residencial,2023,4863222
2023-03-25,Residencial,2023,4667229
2023-03-26,Residencial,2023,4553028
2023-03-27,Residencial,2023,4892268
2023-03-28,Residencial,2023,4958583
2023-03-29,Residencial,2023,4865112
2023-03-30,Residencial,2023,4832510
2023-03-31,Residencial,2023,4724182
2023-04-01,Residencial,2023,4889684
2023-04-02,Residencial,2023,4816192
2023-04-03,Residencial,2023,5066164
2023-04-04,Residencial,2023,5083104
2023-04-05,Residencial,2023,5013765
2023-04-06,Residencial,2023,4832411
2023-04-07,Residencial,2023,4428026
2023-04-08,Residencial,2023,4343050
2023-04-09,Residencial,2023,4391081
2023-04-10,Residencial,2023,4893343
2023-04-11,Residencial,2023,5155195
2023-04-12,Residencial,2023,5159878
2023-04-13,Residencial,2023,5139894
2023-04-14,Residencial,2023,5131770
2023-04-15,Residencial,2023,4911865
2023-04-16,Residencial,2023,4961163
2023-04-17,Residencial,2023,5201526
2023-04-18,Residencial,2023,5184992
2023-04-19,Residencial,2023,5136062
2023-04-20,Residencial,2023,5095678
2023-04-21,Residencial,2023,5028568
2023-04-22,Residencial,2023,4831120
2023-04-23,Residencial,2023,4777967
2023-04-24,Residencial,2023,5074868
2023-04-25,Residencial,2023,5058326
2023-04-26,Residencial,2023,5047473
2023-04-27,Residencial,2023,4990206
2023-04-28,Residencial,2023,4927903
2023-04-29,Residencial,2023,4614295
2023-04-30,Residencial,2023,4489728
2023-05-01,Residencial,2023,4791829
2023-05-02,Residencial,2023,5016655
2023-05-03,Residencial,2023,5019577
2023-05-04,Residencial,2023,4993311
2023-05-05,Residencial,2023,4950218
2023-05-06,Residencial,2023,4765591
2023-05-07,Residencial,2023,4797819
2023-05-08,Residencial,2023,5031351
2023-05-09,Residencial,2023,5067523
2023-05-10,Residencial,2023,4996694
2023-05-11,Residencial,2023,4964016
2023-05-12,Residencial,2023,4999554
2023-05-13,Residencial,2023,4796886
2023-05-14,Residencial,2023,4849533
2023-05-15,Residencial,2023,5025226
2023-05-16,Residencial,2023,4974872
2023-05-17,Residencial,2023,4958066
2023-05-18,Residencial,2023,4969770
2023-05-19,Residencial,2023,4955704
2023-05-20,Residencial,2023,4741443
2023-05-21,Residencial,2023,4826895
2023-05-22,Residencial,2023,5051224
2023-05-23,Residencial,2023,5011305
2023-05-24,Residencial,2023,4999876
2023-05-25,Residencial,2023,5086057
2023-05-26,Residencial,2023,4934545
2023-05-27,Residencial,2023,4715106
2023-05-28,Residencial,2023,4796351
2023-05-29,Residencial,2023,6477388
2023-05-30,Residencial,2023,6420978
2023-05-31,Residencial,2023,4979224
2023-06-01,Residencial,2023,5106589
2023-06-02,Residencial,2023,5056148
2023-06-03,Residencial,2023,4689025
2023-06-04,Residencial,2023,4568404
2023-06-05,Residencial,2023,4955827
2023-06-06,Residencial,2023,5240645
2023-06-07,Residencial,2023,5272664
2023-06-08,Residencial,2023,5269153
2023-06-09,Residencial,2023,5311733
2023-06-10,Residencial,2023,5078362
2023-06-11,Residencial,2023,5234505
2023-06-12,Residencial,2023,5575617
2023-06-13,Residencial,2023,5524934
2023-06-14,Residencial,2023,5432316
2023-06-15,Residencial,2023,5615262
2023-06-16,Residencial,2023,5680670
2023-06-17,Residencial,2023,5457565
2023-06-18,Residencial,2023,5449266
2023-06-19,Residencial,2023,5724017
2023-06-20,Residencial,2023,5828631
2023-06-21,Residencial,2023,6065852
2023-06-22,Residencial,2023,6227219
2023-06-23,Residencial,2023,6124663
2023-06-24,Residencial,2023,5584763
2023-06-25,Residencial,2023,5959453
2023-06-26,Residencial,2023,6909976
2023-06-27,Residencial,2023,6901243
2023-06-28,Residencial,2023,6941357
2023-06-29,Residencial,2023,6860553
2023-06-30,Residencial,2023,5893723
2023-07-01,Residencial,2023,5385690
2023-07-02,Residencial,2023,5645469
2023-07-03,Residencial,2023,6492258
2023-07-04,Residencial,2023,6439511
2023-07-05,Residencial,2023,6108246
2023-07-06,Residencial,2023,6040216
2023-07-07,Residencial,2023,6012141
2023-07-08,Residencial,2023,11683000
2023-07-09,Residencial,2023,6122322
2023-07-10,Residencial,2023,7076365
2023-07-11,Residencial,2023,7543477
2023-07-12,Residencial,2023,7333905
2023-07-13,Residencial,2023,7075221
2023-07-14,Residencial,2023,7087248
2023-07-15,Residencial,2023,6669088
2023-07-16,Residencial,2023,6444268
2023-07-17,Residencial,2023,7063456
2023-07-18,Residencial,2023,7796343
2023-07-19,Residencial,2023,8049809
2023-07-20,Residencial,2023,7561373
2023-07-21,Residencial,2023,7170135
2023-07-22,Residencial,2023,6272305
2023-07-23,Residencial,2023,6895182
2023-07-24,Residencial,2023,7241738
2023-07-25,Residencial,2023,6683349
2023-07-26,Residencial,2023,5911693
2023-07-27,Residencial,2023,6229398
2023-07-28,Residencial,2023,6236812
2023-07-29,Residencial,2023,6213187
2023-07-30,Residencial,2023,6284106
2023-07-31,Residencial,2023,6422050
2023-08-01,Residencial,2023,6800837
2023-08-02,Residencial,2023,7029640
2023-08-03,Residencial,2023,6164201
2023-08-04,Residencial,2023,5364970
2023-08-05,Residencial,2023,4904018
2023-08-06,Residencial,2023,4768528
2023-08-07,Residencial,2023,5085596
2023-08-08,Residencial,2023,5295139
2023-08-09,Residencial,2023,5670721
2023-08-10,Residencial,2023,5979038
2023-08-11,Residencial,2023,6097598
2023-08-12,Residencial,2023,5786244
2023-08-13,Residencial,2023,5775931
2023-08-14,Residencial,2023,6179505
2023-08-15,Residencial,2023,6058831
2023-08-16,Residencial,2023,6159140
2023-08-17,Residencial,2023,6201780
2023-08-18,Residencial,2023,6148820
2023-08-19,Residencial,2023,5991688
2023-08-20,Residencial,2023,6538596
2023-08-21,Residencial,2023,7528220
2023-08-22,Residencial,2023,7791207
2023-08-23,Residencial,2023,8169562
2023-08-24,Residencial,2023,8417174
2023-08-25,Residencial,2023,7937854
2023-08-26,Residencial,2023,6625672
2023-08-27,Residencial,2023,5174160
2023-08-28,Residencial,2023,5071412
2023-08-29,Residencial,2023,5102782
2023-08-30,Residencial,2023,5083862
2023-08-31,Residencial,2023,5220906
2023-09-01,Residencial,2023,5468764
2023-09-02,Residencial,2023,5198873
2023-09-03,Residencial,2023,5197786
2023-09-04,Residencial,2023,5868428
2023-09-05,Residencial,2023,6218950
2023-09-06,Residencial,2023,6090950
2023-09-07,Residencial,2023,5848326
2023-09-08,Residencial,2023,5647240
2023-09-09,Residencial,2023,5246816
2023-09-10,Residencial,2023,5149829
2023-09-11,Residencial,2023,5602973
2023-09-12,Residencial,2023,6000210
2023-09-13,Residencial,2023,5977967
2023-09-14,Residencial,2023,5885816
2023-09-15,Residencial,2023,5604926
2023-09-16,Residencial,2023,5333402
2023-09-17,Residencial,2023,5753969
2023-09-18,Residencial,2023,6039249
2023-09-19,Residencial,2023,5755305
2023-09-20,Residencial,2023,5493852
2023-09-21,Residencial,2023,5445948
2023-09-22,Residencial,2023,5230844
2023-09-23,Residencial,2023,4821563
2023-09-24,Residencial,2023,4695511
2023-09-25,Residencial,2023,4982312
2023-09-26,Residencial,2023,5315049
2023-09-27,Residencial,2023,5403453
2023-09-28,Residencial,2023,5456127
2023-09-29,Residencial,2023,5482426
2023-09-30,Residencial,2023,5156984
2023-10-01,Residencial,2023,5363334
2023-10-02,Residencial,2023,5638133
2023-10-03,Residencial,2023,5636071
2023-10-04,Residencial,2023,5640739
2023-10-05,Residencial,2023,5556086
2023-10-06,Residencial,2023,5545643
2023-10-07,Residencial,2023,5265490
2023-10-08,Residencial,2023,5250893
2023-10-09,Residencial,2023,5499201
2023-10-10,Residencial,2023,5444465
2023-10-11,Residencial,2023,5326387
2023-10-12,Residencial,2023,4928858
2023-10-13,Residencial,2023,5016154
2023-10-14,Residencial,2023,4785891
2023-10-15,Residencial,2023,4931979
2023-10-16,Residencial,2023,5185076
2023-10-17,Residencial,2023,5196330
2023-10-18,Residencial,2023,5319196
2023-10-19,Residencial,2023,5237025
2023-10-20,Residencial,2023,5053364
2023-10-21,Residencial,2023,4790260
2023-10-22,Residencial,2023,4851235
2023-10-23,Residencial,2023,5131862
2023-10-24,Residencial,2023,5068795
2023-10-25,Residencial,2023,5045937
2023-10-26,Residencial,2023,5073728
2023-10-27,Residencial,2023,4992012
2023-10-28,Residencial,2023,4802297
2023-10-29,Residencial,2023,4857515
2023-10-30,Residencial,2023,5133034
2023-10-31,Residencial,2023,4914091
2023-11-01,Residencial,2023,5140643
2023-11-02,Residencial,2023,5245903
2023-11-03,Residencial,2023,5291485
2023-11-04,Residencial,2023,5172686
2023-11-05,Residencial,2023,5238039
2023-11-06,Residencial,2023,5432220
2023-11-07,Residencial,2023,5544118
2023-11-08,Residencial,2023,5670329
2023-11-09,Residencial,2023,5777813
2023-11-10,Residencial,2023,5618098
2023-11-11,Residencial,2023,5394521
2023-11-12,Residencial,2023,5360678
2023-11-13,Residencial,2023,5416709
2023-11-14,Residencial,2023,5314155
2023-11-15,Residencial,2023,5363630
2023-11-16,Residencial,2023,5305325
2023-11-17,Residencial,2023,5278673
2023-11-18,Residencial,2023,5117808
2023-11-19,Residencial,2023,5238914
2023-11-20,Residencial,2023,5518059
2023-11-21,Residencial,2023,5563270
2023-11-22,Residencial,2023,5651799
2023-11-23,Residencial,2023,5808693
2023-11-24,Residencial,2023,5792336
2023-11-25,Residencial,2023,5637882
2023-11-26,Residencial,2023,5849596
2023-11-27,Residencial,2023,6159543
2023-11-28,Residencial,2023,6006805
2023-11-29,Residencial,2023,6002836
2023-11-30,Residencial,2023,5492550
2023-12-01,Residencial,2023,5853152
2023-12-02,Residencial,2023,5874462
2023-12-03,Residencial,2023,6292617
2023-12-04,Residencial,2023,6522799
2023-12-05,Residencial,2023,6555714
2023-12-06,Residencial,2023,6278987
2023-12-07,Residencial,2023,6268758
2023-12-08,Residencial,2023,5837958
2023-12-09,Residencial,2023,5849765
2023-12-10,Residencial,2023,6060294
2023-12-11,Residencial,2023,6145640
2023-12-12,Residencial,2023,6009655
2023-12-13,Residencial,2023,6172707
2023-12-14,Residencial,2023,6333620
2023-12-15,Residencial,2023,6316745
2023-12-16,Residencial,2023,6314065
2023-12-17,Residencial,2023,6684606
2023-12-18,Residencial,2023,7070766
2023-12-19,Residencial,2023,6920657
2023-12-20,Residencial,2023,7074352
2023-12-21,Residencial,2023,6928710
2023-12-22,Residencial,2023,6383607
2023-12-23,Residencial,2023,6123150
2023-12-24,Residencial,2023,6365604
2023-12-25,Residencial,2023,6017452
2023-12-26,Residencial,2023,6133535
2023-12-27,Residencial,2023,6651917
2023-12-28,Residencial,2023,6585954
2023-12-29,Residencial,2023,6731695
2023-12-30,Residencial,2023,6382468
2023-12-31,Residencial,2023,6362640
2024-01-01,Residencial,2024,6349301
2024-01-02,Residencial,2024,6858201
2024-01-03,Residencial,2024,6501911
2024-01-04,Residencial,2024,6345420
2024-01-05,Residencial,2024,6599883
2024-01-06,Residencial,2024,6502520
2024-01-07,Residencial,2024,7210059
2024-01-08,Residencial,2024,7837249
2024-01-09,Residencial,2024,7988107
2024-01-10,Residencial,2024,8216389
2024-01-11,Residencial,2024,7986233
2024-01-12,Residencial,2024,7873084
2024-01-13,Residencial,2024,7535368
2024-01-14,Residencial,2024,7256175
2024-01-15,Residencial,2024,7089777
2024-01-16,Residencial,2024,6775999
2024-01-17,Residencial,2024,6432976
2024-01-18,Residencial,2024,6068670
2024-01-19,Residencial,2024,6787331
2024-01-20,Residencial,2024,6670724
2024-01-21,Residencial,2024,6890364
2024-01-22,Residencial,2024,7140738
2024-01-23,Residencial,2024,6911129
2024-01-24,Residencial,2024,6554711
2024-01-25,Residencial,2024,6196678
2024-01-26,Residencial,2024,5761502
2024-01-27,Residencial,2024,5648477
2024-01-28,Residencial,2024,5997374
2024-01-29,Residencial,2024,6359913
2024-01-30,Residencial,2024,6168058
2024-01-31,Residencial,2024,5995944
2024-03-01,Residencial,2024,866692
2024-03-02,Residencial,2024,708022
2024-03-03,Residencial,2024,620077
2024-03-04,Residencial,2024,902259
2024-03-05,Residencial,2024,883263
2024-03-06,Residencial,2024,877439
2024-03-07,Residencial,2024,880160
2024-03-08,Residencial,2024,853926
2024-03-09,Residencial,2024,722288
2024-03-10,Residencial,2024,611981
2024-03-11,Residencial,2024,875347
2024-03-12,Residencial,2024,5998779
2024-03-13,Residencial,2024,5790851
2024-03-14,Residencial,2024,5659938
2024-03-15,Residencial,2024,5448604
2024-03-16,Residencial,2024,5033105
2024-03-17,Residencial,2024,5066429
2024-03-18,Residencial,2024,5295984
2024-03-19,Residencial,2024,5156275
2024-03-20,Residencial,2024,5167364
2024-03-21,Residencial,2024,5104429
2024-03-22,Residencial,2024,4907689
2024-03-23,Residencial,2024,4616696
2024-03-24,Residencial,2024,4752508
2024-03-25,Residencial,2024,5377060
2024-03-26,Residencial,2024,5338753
2024-03-27,Residencial,2024,5449546
2024-03-28,Residencial,2024,4831734
2024-03-29,Residencial,2024,4376775
2024-03-30,Residencial,2024,4357708
2024-03-31,Residencial,2024,4516631
2024-04-01,Residencial,2024,5071704
2024-04-02,Residencial,2024,5358334
2024-04-03,Residencial,2024,5208006
2024-04-04,Residencial,2024,5055352
2024-04-05,Residencial,2024,4946204
2024-04-06,Residencial,2024,4790365
2024-04-07,Residencial,2024,4890459
2024-04-08,Residencial,2024,5049281
2024-04-09,Residencial,2024,828438
2024-04-10,Residencial,2024,5074410
2024-04-11,Residencial,2024,4972625
2024-04-12,Residencial,2024,4822847
2024-04-13,Residencial,2024,4545455
2024-04-14,Residencial,2024,4575675
2024-04-15,Residencial,2024,4830288
2024-04-16,Residencial,2024,4825320
2024-04-17,Residencial,2024,4880118
2024-04-18,Residencial,2024,4947880
2024-04-19,Residencial,2024,4843959
2024-04-20,Residencial,2024,4590948
2024-04-21,Residencial,2024,4798275
2024-04-22,Residencial,2024,5370731
2024-04-23,Residencial,2024,5300107
2024-04-24,Residencial,2024,5462872
2024-04-25,Residencial,2024,5460801
2024-04-26,Residencial,2024,5167220
2024-04-27,Residencial,2024,4803374
2024-04-28,Residencial,2024,5117827
2024-04-29,Residencial,2024,5699315
2024-04-30,Residencial,2024,5269315
2024-05-01,Residencial,2024,5045877
2024-05-02,Residencial,2024,162410
2024-05-03,Residencial,2024,162132
2024-05-04,Residencial,2024,156102
2024-05-05,Residencial,2024,149707
2024-05-06,Residencial,2024,153204
2024-05-07,Residencial,2024,4885201
2024-05-16,Residencial,2024,4848874
2024-05-17,Residencial,2024,4762045
2024-05-18,Residencial,2024,4417489
2024-05-20,Residencial,2024,731941
2024-05-21,Residencial,2024,4824551
2024-05-22,Residencial,2024,4843206
2024-05-23,Residencial,2024,23
2024-05-24,Residencial,2024,892779
2024-05-25,Residencial,2024,756555
2024-05-26,Residencial,2024,695922
2024-05-27,Residencial,2024,4823856
2024-05-28,Residencial,2024,4955712
2024-05-29,Residencial,2024,4999642
2024-05-30,Residencial,2024,1012463
2024-05-31,Residencial,2024,4774829
2024-06-01,Residencial,2024,4679770
2024-06-02,Residencial,2024,4681607
2024-06-03,Residencial,2024,5021221
2024-06-04,Residencial,2024,5041734
2024-06-05,Residencial,2024,5105985
2024-06-06,Residencial,2024,5170148
2024-06-07,Residencial,2024,5227526
2024-06-08,Residencial,2024,891668
2024-06-09,Residencial,2024,4929562
2024-06-10,Residencial,2024,5074746
2024-06-11,Residencial,2024,153190
2024-06-12,Residencial,2024,4909409
2024-06-13,Residencial,2024,4811434
2024-06-14,Residencial,2024,4886167
2024-06-15,Residencial,2024,4620217
2024-06-16,Residencial,2024,4640957
2024-06-17,Residencial,2024,5140946
2024-06-18,Residencial,2024,170638
2024-06-19,Residencial,2024,5248184
2024-06-20,Residencial,2024,5095600
2024-06-21,Residencial,2024,957265
2024-06-22,Residencial,2024,4651182
2024-06-23,Residencial,2024,4348213
2024-06-24,Residencial,2024,4671445
2024-06-25,Residencial,2024,5239578
2024-06-26,Residencial,2024,5404940
2024-06-27,Residencial,2024,5326951
2024-06-28,Residencial,2024,5490645
2024-06-29,Residencial,2024,5137699
2024-06-30,Residencial,2024,5087500
2024-07-01,Residencial,2024,173782
2024-07-02,Residencial,2024,5217376
2024-07-03,Residencial,2024,5190828
2024-07-04,Residencial,2024,5257945
2024-07-05,Residencial,2024,5384738
2024-07-06,Residencial,2024,5065071
2024-07-07,Residencial,2024,5006579
2024-07-08,Residencial,2024,5667644
2024-07-09,Residencial,2024,5927009
2024-07-10,Residencial,2024,6261282
2024-07-11,Residencial,2024,6774033
2024-07-12,Residencial,2024,6466947
2024-07-13,Residencial,2024,5304626
2024-07-14,Residencial,2024,5657108
2024-07-15,Residencial,2024,6508921
2024-07-16,Residencial,2024,6468337
2024-07-17,Residencial,2024,6295650
2024-07-18,Residencial,2024,6390080
2024-07-19,Residencial,2024,246659
2024-07-20,Residencial,2024,6479184
2024-07-21,Residencial,2024,5901514
2024-07-22,Residencial,2024,6207763
2024-07-23,Residencial,2024,6576375
2024-07-24,Residencial,2024,6910770
2024-07-25,Residencial,2024,6857190
2024-07-26,Residencial,2024,6871686
2024-07-27,Residencial,2024,6200508
2024-07-28,Residencial,2024,6484017
2024-07-29,Residencial,2024,7465865
2024-07-30,Residencial,2024,7951162
2024-07-31,Residencial,2024,7917773
2024-08-01,Residencial,2024,8473862
2024-08-02,Residencial,2024,7803128
2024-08-03,Residencial,2024,6478715
2024-08-04,Residencial,2024,6821468
2024-08-05,Residencial,2024,7342584
2024-08-06,Residencial,2024,6879719
2024-08-07,Residencial,2024,7327450
2024-08-08,Residencial,2024,7290959
2024-08-09,Residencial,2024,7150346
2024-08-10,Residencial,2024,6828642
2024-08-11,Residencial,2024,6689916
2024-08-12,Residencial,2024,7143574
2024-08-13,Residencial,2024,6917898
2024-08-14,Residencial,2024,5993317
2024-08-15,Residencial,2024,5230385
2024-08-16,Residencial,2024,5472646
2024-08-17,Residencial,2024,5670601
2024-08-18,Residencial,2024,5487840
2024-08-19,Residencial,2024,5585890
2024-08-20,Residencial,2024,5711907
2024-08-21,Residencial,2024,5946716
2024-08-22,Residencial,2024,6342224
2024-08-23,Residencial,2024,6432693
2024-08-24,Residencial,2024,6291537
2024-08-25,Residencial,2024,6097740
2024-08-26,Residencial,2024,6363118
2024-08-27,Residencial,2024,6645333
2024-08-28,Residencial,2024,6739949
2024-08-29,Residencial,2024,6562981
2024-08-30,Residencial,2024,6438467
2024-08-31,Residencial,2024,6079685
