Data,Sector_Economic,Valor,aÃ±o
2019-01-01,Serveis,7338057,2019
2019-01-02,Serveis,10409953,2019
2019-01-03,Serveis,10625634,2019
2019-01-04,Serveis,10570866,2019
2019-01-05,Serveis,8572617,2019
2019-01-06,Serveis,7328816,2019
2019-01-07,Serveis,10731168,2019
2019-01-08,Serveis,11203465,2019
2019-01-09,Serveis,11060810,2019
2019-01-10,Serveis,11243417,2019
2019-01-11,Serveis,11377346,2019
2019-01-12,Serveis,8953791,2019
2019-01-13,Serveis,7970923,2019
2019-01-14,Serveis,11137083,2019
2019-01-15,Serveis,11146268,2019
2019-01-16,Serveis,11074194,2019
2019-01-17,Serveis,11074481,2019
2019-01-18,Serveis,11156579,2019
2019-01-19,Serveis,8787131,2019
2019-01-20,Serveis,7728752,2019
2019-01-21,Serveis,11278465,2019
2019-01-22,Serveis,11614650,2019
2019-01-23,Serveis,11507718,2019
2019-01-24,Serveis,11498215,2019
2019-01-25,Serveis,11183847,2019
2019-01-26,Serveis,8726684,2019
2019-01-27,Serveis,7622444,2019
2019-01-28,Serveis,11220202,2019
2019-01-29,Serveis,11386935,2019
2019-01-30,Serveis,11328427,2019
2019-01-31,Serveis,11040544,2019
2019-02-01,Serveis,10724612,2019
2019-02-02,Serveis,8719536,2019
2019-02-03,Serveis,7664497,2019
2019-02-04,Serveis,11234233,2019
2019-02-05,Serveis,11077232,2019
2019-02-06,Serveis,10906903,2019
2019-02-07,Serveis,10911568,2019
2019-02-08,Serveis,10722944,2019
2019-02-09,Serveis,8507771,2019
2019-02-10,Serveis,7391009,2019
2019-02-11,Serveis,10661872,2019
2019-02-12,Serveis,10786412,2019
2019-02-13,Serveis,10858503,2019
2019-02-14,Serveis,10905158,2019
2019-02-15,Serveis,10756751,2019
2019-02-16,Serveis,8553883,2019
2019-02-17,Serveis,7456071,2019
2019-02-18,Serveis,10732567,2019
2019-02-19,Serveis,10793103,2019
2019-02-20,Serveis,10725804,2019
2019-02-21,Serveis,10480824,2019
2019-02-22,Serveis,10483649,2019
2019-02-23,Serveis,8345786,2019
2019-02-24,Serveis,7382703,2019
2019-02-25,Serveis,10485631,2019
2019-02-26,Serveis,10486550,2019
2019-02-27,Serveis,10442795,2019
2019-02-28,Serveis,10307072,2019
2019-03-01,Serveis,10098110,2019
2019-03-02,Serveis,8140759,2019
2019-03-03,Serveis,7142527,2019
2019-03-04,Serveis,9941188,2019
2019-03-05,Serveis,10171816,2019
2019-03-06,Serveis,10202241,2019
2019-03-07,Serveis,10205884,2019
2019-03-08,Serveis,9849170,2019
2019-03-09,Serveis,8145987,2019
2019-03-10,Serveis,7166254,2019
2019-03-11,Serveis,10042510,2019
2019-03-12,Serveis,10177522,2019
2019-03-13,Serveis,10304064,2019
2019-03-14,Serveis,10299481,2019
2019-03-15,Serveis,10117278,2019
2019-03-16,Serveis,8214624,2019
2019-03-17,Serveis,7189026,2019
2019-03-18,Serveis,10109088,2019
2019-03-19,Serveis,10181461,2019
2019-03-20,Serveis,10317489,2019
2019-03-21,Serveis,10357341,2019
2019-03-22,Serveis,10206884,2019
2019-03-23,Serveis,8296666,2019
2019-03-24,Serveis,7275999,2019
2019-03-25,Serveis,10030724,2019
2019-03-26,Serveis,10155005,2019
2019-03-27,Serveis,10078507,2019
2019-03-28,Serveis,10237025,2019
2019-03-29,Serveis,10104844,2019
2019-03-30,Serveis,8230872,2019
2019-03-31,Serveis,6900161,2019
2019-04-01,Serveis,9948178,2019
2019-04-02,Serveis,10164301,2019
2019-04-03,Serveis,10199861,2019
2019-04-04,Serveis,10417204,2019
2019-04-05,Serveis,10343171,2019
2019-04-06,Serveis,8422357,2019
2019-04-07,Serveis,7398227,2019
2019-04-08,Serveis,10046670,2019
2019-04-09,Serveis,10322430,2019
2019-04-10,Serveis,10317368,2019
2019-04-11,Serveis,10349200,2019
2019-04-12,Serveis,10208955,2019
2019-04-13,Serveis,8291131,2019
2019-04-14,Serveis,7330369,2019
2019-04-15,Serveis,9768648,2019
2019-04-16,Serveis,9894433,2019
2019-04-17,Serveis,9828919,2019
2019-04-18,Serveis,9439443,2019
2019-04-19,Serveis,7611386,2019
2019-04-20,Serveis,7925815,2019
2019-04-21,Serveis,7239812,2019
2019-04-22,Serveis,7948087,2019
2019-04-23,Serveis,10031616,2019
2019-04-24,Serveis,10201146,2019
2019-04-25,Serveis,10266460,2019
2019-04-26,Serveis,10221007,2019
2019-04-27,Serveis,8419010,2019
2019-04-28,Serveis,7432583,2019
2019-04-29,Serveis,9922147,2019
2019-04-30,Serveis,10198558,2019
2019-05-01,Serveis,7733244,2019
2019-05-02,Serveis,10135557,2019
2019-05-03,Serveis,10180269,2019
2019-05-04,Serveis,8361196,2019
2019-05-05,Serveis,7505787,2019
2019-05-06,Serveis,10012452,2019
2019-05-07,Serveis,10193371,2019
2019-05-08,Serveis,10349491,2019
2019-05-09,Serveis,10363950,2019
2019-05-10,Serveis,10202594,2019
2019-05-11,Serveis,8629878,2019
2019-05-12,Serveis,7678458,2019
2019-05-13,Serveis,10169431,2019
2019-05-14,Serveis,10340770,2019
2019-05-15,Serveis,10217447,2019
2019-05-16,Serveis,10276022,2019
2019-05-17,Serveis,10194191,2019
2019-05-18,Serveis,8419658,2019
2019-05-19,Serveis,7530322,2019
2019-05-20,Serveis,9950792,2019
2019-05-21,Serveis,10222787,2019
2019-05-22,Serveis,10432066,2019
2019-05-23,Serveis,10511803,2019
2019-05-24,Serveis,10137838,2019
2019-05-25,Serveis,8499356,2019
2019-05-26,Serveis,7615348,2019
2019-05-27,Serveis,10269030,2019
2019-05-28,Serveis,10418243,2019
2019-05-29,Serveis,10427767,2019
2019-05-30,Serveis,10308294,2019
2019-05-31,Serveis,10535266,2019
2019-06-01,Serveis,9059738,2019
2019-06-02,Serveis,7981697,2019
2019-06-03,Serveis,11005877,2019
2019-06-04,Serveis,11290290,2019
2019-06-05,Serveis,11265903,2019
2019-06-06,Serveis,11063478,2019
2019-06-07,Serveis,11237755,2019
2019-06-08,Serveis,9030499,2019
2019-06-09,Serveis,7916338,2019
2019-06-10,Serveis,9030580,2019
2019-06-11,Serveis,10692840,2019
2019-06-12,Serveis,10646245,2019
2019-06-13,Serveis,10787101,2019
2019-06-14,Serveis,10968095,2019
2019-06-15,Serveis,9144678,2019
2019-06-16,Serveis,8029170,2019
2019-06-17,Serveis,11310357,2019
2019-06-18,Serveis,11634233,2019
2019-06-19,Serveis,11854784,2019
2019-06-20,Serveis,11890161,2019
2019-06-21,Serveis,11814634,2019
2019-06-22,Serveis,9737214,2019
2019-06-23,Serveis,8611109,2019
2019-06-24,Serveis,9394443,2019
2019-06-25,Serveis,12424854,2019
2019-06-26,Serveis,12865865,2019
2019-06-27,Serveis,13154316,2019
2019-06-28,Serveis,13532101,2019
2019-06-29,Serveis,11014124,2019
2019-06-30,Serveis,9897906,2019
2019-07-01,Serveis,13376508,2019
2019-07-02,Serveis,13644947,2019
2019-07-03,Serveis,13691341,2019
2019-07-04,Serveis,13709048,2019
2019-07-05,Serveis,13778283,2019
2019-07-06,Serveis,11293048,2019
2019-07-07,Serveis,10270166,2019
2019-07-08,Serveis,13378464,2019
2019-07-09,Serveis,13209451,2019
2019-07-10,Serveis,13284778,2019
2019-07-11,Serveis,13659042,2019
2019-07-12,Serveis,13731135,2019
2019-07-13,Serveis,10975186,2019
2019-07-14,Serveis,9257433,2019
2019-07-15,Serveis,13108980,2019
2019-07-16,Serveis,13293949,2019
2019-07-17,Serveis,13325267,2019
2019-07-18,Serveis,13166659,2019
2019-07-19,Serveis,13426507,2019
2019-07-20,Serveis,10928774,2019
2019-07-21,Serveis,9449475,2019
2019-07-22,Serveis,13686603,2019
2019-07-23,Serveis,13942054,2019
2019-07-24,Serveis,14061203,2019
2019-07-25,Serveis,14038632,2019
2019-07-26,Serveis,13617417,2019
2019-07-27,Serveis,10572378,2019
2019-07-28,Serveis,8839448,2019
2019-07-29,Serveis,12834140,2019
2019-07-30,Serveis,13215209,2019
2019-07-31,Serveis,12615433,2019
2019-08-01,Serveis,12734488,2019
2019-08-02,Serveis,12802221,2019
2019-08-03,Serveis,10835242,2019
2019-08-04,Serveis,9730859,2019
2019-08-05,Serveis,12834307,2019
2019-08-06,Serveis,13079331,2019
2019-08-07,Serveis,13121239,2019
2019-08-08,Serveis,13420674,2019
2019-08-09,Serveis,13517675,2019
2019-08-10,Serveis,11386408,2019
2019-08-11,Serveis,9860706,2019
2019-08-12,Serveis,12306126,2019
2019-08-13,Serveis,11741296,2019
2019-08-14,Serveis,11854902,2019
2019-08-15,Serveis,9915046,2019
2019-08-16,Serveis,11904699,2019
2019-08-17,Serveis,10750255,2019
2019-08-18,Serveis,9706482,2019
2019-08-19,Serveis,12475105,2019
2019-08-20,Serveis,12068697,2019
2019-08-21,Serveis,12000441,2019
2019-08-22,Serveis,12283471,2019
2019-08-23,Serveis,12145096,2019
2019-08-24,Serveis,10615531,2019
2019-08-25,Serveis,9669668,2019
2019-08-26,Serveis,12752512,2019
2019-08-27,Serveis,12462552,2019
2019-08-28,Serveis,12691343,2019
2019-08-29,Serveis,12991366,2019
2019-08-30,Serveis,13077786,2019
2019-08-31,Serveis,10988782,2019
2019-09-01,Serveis,9168281,2019
2019-09-02,Serveis,12723161,2019
2019-09-03,Serveis,12638864,2019
2019-09-04,Serveis,12759284,2019
2019-09-05,Serveis,12399430,2019
2019-09-06,Serveis,11757303,2019
2019-09-07,Serveis,9750369,2019
2019-09-08,Serveis,8588054,2019
2019-09-09,Serveis,11658915,2019
2019-09-10,Serveis,11147263,2019
2019-09-11,Serveis,9233144,2019
2019-09-12,Serveis,11568416,2019
2019-09-13,Serveis,11467525,2019
2019-09-14,Serveis,9719069,2019
2019-09-15,Serveis,8598027,2019
2019-09-16,Serveis,11839073,2019
2019-09-17,Serveis,12155282,2019
2019-09-18,Serveis,12402574,2019
2019-09-19,Serveis,12371094,2019
2019-09-20,Serveis,12119202,2019
2019-09-21,Serveis,9918647,2019
2019-09-22,Serveis,8800818,2019
2019-09-23,Serveis,11491811,2019
2019-09-24,Serveis,10009937,2019
2019-09-25,Serveis,12123919,2019
2019-09-26,Serveis,12250080,2019
2019-09-27,Serveis,12341935,2019
2019-09-28,Serveis,10002437,2019
2019-09-29,Serveis,8890925,2019
2019-09-30,Serveis,12125197,2019
2019-10-01,Serveis,12094923,2019
2019-10-02,Serveis,11740456,2019
2019-10-03,Serveis,11407413,2019
2019-10-04,Serveis,11377684,2019
2019-10-05,Serveis,9409034,2019
2019-10-06,Serveis,8343709,2019
2019-10-07,Serveis,11133748,2019
2019-10-08,Serveis,11521225,2019
2019-10-09,Serveis,11463881,2019
2019-10-10,Serveis,11217086,2019
2019-10-11,Serveis,11289042,2019
2019-10-12,Serveis,9088680,2019
2019-10-13,Serveis,8568791,2019
2019-10-14,Serveis,11483619,2019
2019-10-15,Serveis,10847538,2019
2019-10-16,Serveis,10832997,2019
2019-10-17,Serveis,10970785,2019
2019-10-18,Serveis,10010416,2019
2019-10-19,Serveis,9153526,2019
2019-10-20,Serveis,8198946,2019
2019-10-21,Serveis,10570350,2019
2019-10-22,Serveis,10778018,2019
2019-10-23,Serveis,10713085,2019
2019-10-24,Serveis,10608156,2019
2019-10-25,Serveis,10576811,2019
2019-10-26,Serveis,8854925,2019
2019-10-27,Serveis,7902343,2019
2019-10-28,Serveis,10580882,2019
2019-10-29,Serveis,10745199,2019
2019-10-30,Serveis,10781003,2019
2019-10-31,Serveis,10589165,2019
2019-11-01,Serveis,11674739,2019
2019-11-02,Serveis,12466958,2019
2019-11-03,Serveis,11042731,2019
2019-11-04,Serveis,14842662,2019
2019-11-05,Serveis,14945923,2019
2019-11-06,Serveis,14769733,2019
2019-11-07,Serveis,14694272,2019
2019-11-08,Serveis,14578383,2019
2019-11-09,Serveis,12154954,2019
2019-11-10,Serveis,10918743,2019
2019-11-11,Serveis,14925925,2019
2019-11-12,Serveis,15007292,2019
2019-11-13,Serveis,15072109,2019
2019-11-14,Serveis,15225163,2019
2019-11-15,Serveis,15239642,2019
2019-11-16,Serveis,12394056,2019
2019-11-17,Serveis,11132756,2019
2019-11-18,Serveis,15310145,2019
2019-11-19,Serveis,15633103,2019
2019-11-20,Serveis,15682517,2019
2019-11-21,Serveis,15519421,2019
2019-11-22,Serveis,15212927,2019
2019-11-23,Serveis,12410925,2019
2019-11-24,Serveis,10977203,2019
2019-11-25,Serveis,15076104,2019
2019-11-26,Serveis,15154768,2019
2019-11-27,Serveis,15072225,2019
2019-11-28,Serveis,15009120,2019
2019-11-29,Serveis,14839750,2019
2019-11-30,Serveis,12199809,2019
2019-12-01,Serveis,7740481,2019
2019-12-02,Serveis,10432074,2019
2019-12-03,Serveis,10707960,2019
2019-12-04,Serveis,10847820,2019
2019-12-05,Serveis,10803302,2019
2019-12-06,Serveis,8182475,2019
2019-12-07,Serveis,8349923,2019
2019-12-08,Serveis,7780684,2019
2019-12-09,Serveis,10625321,2019
2019-12-10,Serveis,10854948,2019
2019-12-11,Serveis,10857051,2019
2019-12-12,Serveis,11055319,2019
2019-12-13,Serveis,10723055,2019
2019-12-14,Serveis,8571925,2019
2019-12-15,Serveis,7808583,2019
2019-12-16,Serveis,10626204,2019
2019-12-17,Serveis,10607063,2019
2019-12-18,Serveis,10558851,2019
2019-12-19,Serveis,10597557,2019
2019-12-20,Serveis,10334668,2019
2019-12-21,Serveis,8347670,2019
2019-12-22,Serveis,7655423,2019
2019-12-23,Serveis,9853712,2019
2019-12-24,Serveis,9170176,2019
2019-12-25,Serveis,7022510,2019
2019-12-26,Serveis,7882973,2019
2019-12-27,Serveis,9636433,2019
2019-12-28,Serveis,8256855,2019
2019-12-29,Serveis,7664677,2019
2019-12-30,Serveis,9872751,2019
2019-12-31,Serveis,9427794,2019
2020-01-01,Serveis,10655356,2020
2020-01-02,Serveis,14158206,2020
2020-01-03,Serveis,14301131,2020
2020-01-04,Serveis,11838652,2020
2020-01-05,Serveis,11094701,2020
2020-01-06,Serveis,10826826,2020
2020-01-07,Serveis,14766431,2020
2020-01-08,Serveis,15210354,2020
2020-01-09,Serveis,15244984,2020
2020-01-10,Serveis,15146431,2020
2020-01-11,Serveis,12164992,2020
2020-01-12,Serveis,11267776,2020
2020-01-13,Serveis,15525905,2020
2020-01-14,Serveis,15490267,2020
2020-01-15,Serveis,15386324,2020
2020-01-16,Serveis,15298955,2020
2020-01-17,Serveis,15038162,2020
2020-01-18,Serveis,12222878,2020
2020-01-19,Serveis,11051394,2020
2020-01-20,Serveis,15854320,2020
2020-01-21,Serveis,15872508,2020
2020-01-22,Serveis,15459023,2020
2020-01-23,Serveis,15170359,2020
2020-01-24,Serveis,14944079,2020
2020-01-25,Serveis,12134315,2020
2020-01-26,Serveis,10802393,2020
2020-01-27,Serveis,15116406,2020
2020-01-28,Serveis,15017010,2020
2020-01-29,Serveis,15086506,2020
2020-01-30,Serveis,15064700,2020
2020-01-31,Serveis,14678752,2020
2020-02-01,Serveis,8347473,2020
2020-02-02,Serveis,7385333,2020
2020-02-03,Serveis,10226616,2020
2020-02-04,Serveis,10306570,2020
2020-02-05,Serveis,10458725,2020
2020-02-06,Serveis,10555873,2020
2020-02-07,Serveis,10521716,2020
2020-02-08,Serveis,8408036,2020
2020-02-09,Serveis,7379365,2020
2020-02-10,Serveis,10323616,2020
2020-02-11,Serveis,10366348,2020
2020-02-12,Serveis,10568917,2020
2020-02-13,Serveis,10439038,2020
2020-02-14,Serveis,10364375,2020
2020-02-15,Serveis,8338052,2020
2020-02-16,Serveis,7378726,2020
2020-02-17,Serveis,10244623,2020
2020-02-18,Serveis,10398571,2020
2020-02-19,Serveis,10427059,2020
2020-02-20,Serveis,10387900,2020
2020-02-21,Serveis,10175460,2020
2020-02-22,Serveis,8204870,2020
2020-02-23,Serveis,7203533,2020
2020-02-24,Serveis,10030025,2020
2020-02-25,Serveis,10231408,2020
2020-02-26,Serveis,10226411,2020
2020-02-27,Serveis,10253291,2020
2020-02-28,Serveis,10062642,2020
2020-02-29,Serveis,8071213,2020
2020-03-01,Serveis,7063908,2020
2020-03-02,Serveis,9706448,2020
2020-03-03,Serveis,9940995,2020
2020-03-04,Serveis,9782258,2020
2020-03-05,Serveis,9707870,2020
2020-03-06,Serveis,9690703,2020
2020-03-07,Serveis,7881019,2020
2020-03-08,Serveis,6852965,2020
2020-03-09,Serveis,9514967,2020
2020-03-10,Serveis,9560437,2020
2020-03-11,Serveis,9464554,2020
2020-03-12,Serveis,9327632,2020
2020-03-13,Serveis,8832834,2020
2020-03-14,Serveis,6696366,2020
2020-03-15,Serveis,5987317,2020
2020-03-16,Serveis,7431559,2020
2020-03-17,Serveis,7150461,2020
2020-03-18,Serveis,6906171,2020
2020-03-19,Serveis,6696282,2020
2020-03-20,Serveis,6622354,2020
2020-03-21,Serveis,5693808,2020
2020-03-22,Serveis,5310874,2020
2020-03-23,Serveis,6543671,2020
2020-03-24,Serveis,6468544,2020
2020-03-25,Serveis,6378096,2020
2020-03-26,Serveis,6390413,2020
2020-03-27,Serveis,6385240,2020
2020-03-28,Serveis,5527565,2020
2020-03-29,Serveis,4942218,2020
2020-03-30,Serveis,6174432,2020
2020-03-31,Serveis,6128463,2020
2020-04-01,Serveis,6060800,2020
2020-04-02,Serveis,6038001,2020
2020-04-03,Serveis,6134511,2020
2020-04-04,Serveis,5555817,2020
2020-04-05,Serveis,5256895,2020
2020-04-06,Serveis,6053811,2020
2020-04-07,Serveis,6097527,2020
2020-04-08,Serveis,6032577,2020
2020-04-09,Serveis,5997554,2020
2020-04-10,Serveis,5468911,2020
2020-04-11,Serveis,5494219,2020
2020-04-12,Serveis,5208276,2020
2020-04-13,Serveis,5531776,2020
2020-04-14,Serveis,6253228,2020
2020-04-15,Serveis,6314891,2020
2020-04-16,Serveis,6334391,2020
2020-04-17,Serveis,6325392,2020
2020-04-18,Serveis,5681548,2020
2020-04-19,Serveis,5367444,2020
2020-04-20,Serveis,6402578,2020
2020-04-21,Serveis,6486647,2020
2020-04-22,Serveis,6488876,2020
2020-04-23,Serveis,6501889,2020
2020-04-24,Serveis,6442269,2020
2020-04-25,Serveis,5726222,2020
2020-04-26,Serveis,5387397,2020
2020-04-27,Serveis,6470872,2020
2020-04-28,Serveis,6543893,2020
2020-04-29,Serveis,6536785,2020
2020-04-30,Serveis,6499770,2020
2020-05-01,Serveis,5533189,2020
2020-05-02,Serveis,5724090,2020
2020-05-03,Serveis,5386877,2020
2020-05-04,Serveis,6756378,2020
2020-05-05,Serveis,6941505,2020
2020-05-06,Serveis,7043552,2020
2020-05-07,Serveis,7030634,2020
2020-05-08,Serveis,7027799,2020
2020-05-09,Serveis,6020073,2020
2020-05-10,Serveis,5538041,2020
2020-05-11,Serveis,6883602,2020
2020-05-12,Serveis,6979626,2020
2020-05-13,Serveis,7003147,2020
2020-05-14,Serveis,6981566,2020
2020-05-15,Serveis,6907510,2020
2020-05-16,Serveis,5977991,2020
2020-05-17,Serveis,5502089,2020
2020-05-18,Serveis,7018934,2020
2020-05-19,Serveis,7228601,2020
2020-05-20,Serveis,7412609,2020
2020-05-21,Serveis,7662977,2020
2020-05-22,Serveis,7770443,2020
2020-05-23,Serveis,6615861,2020
2020-05-24,Serveis,5965075,2020
2020-05-25,Serveis,7697433,2020
2020-05-26,Serveis,7931274,2020
2020-05-27,Serveis,7920515,2020
2020-05-28,Serveis,7957859,2020
2020-05-29,Serveis,7974352,2020
2020-05-30,Serveis,6746447,2020
2020-05-31,Serveis,5953972,2020
2020-06-01,Serveis,6747541,2020
2020-06-02,Serveis,8318010,2020
2020-06-03,Serveis,8672497,2020
2020-06-04,Serveis,8286560,2020
2020-06-05,Serveis,8244616,2020
2020-06-06,Serveis,7258820,2020
2020-06-07,Serveis,6407742,2020
2020-06-08,Serveis,8229525,2020
2020-06-09,Serveis,8412960,2020
2020-06-10,Serveis,8558593,2020
2020-06-11,Serveis,8749530,2020
2020-06-12,Serveis,8937604,2020
2020-06-13,Serveis,7618527,2020
2020-06-14,Serveis,6711561,2020
2020-06-15,Serveis,9018360,2020
2020-06-16,Serveis,8999135,2020
2020-06-17,Serveis,9010995,2020
2020-06-18,Serveis,8981945,2020
2020-06-19,Serveis,9037588,2020
2020-06-20,Serveis,7907008,2020
2020-06-21,Serveis,7061855,2020
2020-06-22,Serveis,9770960,2020
2020-06-23,Serveis,9965307,2020
2020-06-24,Serveis,8084765,2020
2020-06-25,Serveis,10239295,2020
2020-06-26,Serveis,10281624,2020
2020-06-27,Serveis,8661340,2020
2020-06-28,Serveis,7649220,2020
2020-06-29,Serveis,10729021,2020
2020-06-30,Serveis,10809357,2020
2020-07-01,Serveis,11331505,2020
2020-07-02,Serveis,11457986,2020
2020-07-03,Serveis,10609483,2020
2020-07-04,Serveis,8814266,2020
2020-07-05,Serveis,8164590,2020
2020-07-06,Serveis,11226088,2020
2020-07-07,Serveis,11212354,2020
2020-07-08,Serveis,11253917,2020
2020-07-09,Serveis,11368360,2020
2020-07-10,Serveis,11096603,2020
2020-07-11,Serveis,9192555,2020
2020-07-12,Serveis,7929090,2020
2020-07-13,Serveis,11098218,2020
2020-07-14,Serveis,11127686,2020
2020-07-15,Serveis,11030164,2020
2020-07-16,Serveis,10786594,2020
2020-07-17,Serveis,10784433,2020
2020-07-18,Serveis,9062087,2020
2020-07-19,Serveis,7995159,2020
2020-07-20,Serveis,11090962,2020
2020-07-21,Serveis,11271953,2020
2020-07-22,Serveis,11160067,2020
2020-07-23,Serveis,11356856,2020
2020-07-24,Serveis,11361617,2020
2020-07-25,Serveis,9330233,2020
2020-07-26,Serveis,8173901,2020
2020-07-27,Serveis,11518509,2020
2020-07-28,Serveis,11649845,2020
2020-07-29,Serveis,11625706,2020
2020-07-30,Serveis,11808394,2020
2020-07-31,Serveis,11658568,2020
2020-08-01,Serveis,9458547,2020
2020-08-02,Serveis,8226352,2020
2020-08-03,Serveis,10443657,2020
2020-08-04,Serveis,10463206,2020
2020-08-05,Serveis,10643238,2020
2020-08-06,Serveis,10866577,2020
2020-08-07,Serveis,10766271,2020
2020-08-08,Serveis,9083945,2020
2020-08-09,Serveis,8085704,2020
2020-08-10,Serveis,10645239,2020
2020-08-11,Serveis,10746768,2020
2020-08-12,Serveis,10829213,2020
2020-08-13,Serveis,10904786,2020
2020-08-14,Serveis,10554010,2020
2020-08-15,Serveis,8613404,2020
2020-08-16,Serveis,7915831,2020
2020-08-17,Serveis,10254336,2020
2020-08-18,Serveis,10320377,2020
2020-08-19,Serveis,10605041,2020
2020-08-20,Serveis,10797178,2020
2020-08-21,Serveis,10869671,2020
2020-08-22,Serveis,9297740,2020
2020-08-23,Serveis,7925089,2020
2020-08-24,Serveis,10527386,2020
2020-08-25,Serveis,11053343,2020
2020-08-26,Serveis,11245379,2020
2020-08-27,Serveis,11244368,2020
2020-08-28,Serveis,11059326,2020
2020-08-29,Serveis,8299959,2020
2020-08-30,Serveis,7193142,2020
2020-08-31,Serveis,9491126,2020
2020-09-01,Serveis,9876310,2020
2020-09-02,Serveis,10020544,2020
2020-09-03,Serveis,10250631,2020
2020-09-04,Serveis,10398585,2020
2020-09-05,Serveis,8677658,2020
2020-09-06,Serveis,7552104,2020
2020-09-07,Serveis,9793545,2020
2020-09-08,Serveis,9717860,2020
2020-09-09,Serveis,9784926,2020
2020-09-10,Serveis,9942946,2020
2020-09-11,Serveis,8221357,2020
2020-09-12,Serveis,8431824,2020
2020-09-13,Serveis,7457377,2020
2020-09-14,Serveis,10569327,2020
2020-09-15,Serveis,10865580,2020
2020-09-16,Serveis,11018146,2020
2020-09-17,Serveis,10904534,2020
2020-09-18,Serveis,10577683,2020
2020-09-19,Serveis,8850391,2020
2020-09-20,Serveis,7487490,2020
2020-09-21,Serveis,10337615,2020
2020-09-22,Serveis,10488351,2020
2020-09-23,Serveis,10582449,2020
2020-09-24,Serveis,8431809,2020
2020-09-25,Serveis,9488742,2020
2020-09-26,Serveis,7754486,2020
2020-09-27,Serveis,6808644,2020
2020-09-28,Serveis,9287648,2020
2020-09-29,Serveis,9587717,2020
2020-09-30,Serveis,9621603,2020
2020-10-01,Serveis,9712128,2020
2020-10-02,Serveis,9335053,2020
2020-10-03,Serveis,7426148,2020
2020-10-04,Serveis,6652576,2020
2020-10-05,Serveis,9012969,2020
2020-10-06,Serveis,9248073,2020
2020-10-07,Serveis,9523217,2020
2020-10-08,Serveis,9644182,2020
2020-10-09,Serveis,9672220,2020
2020-10-10,Serveis,7890532,2020
2020-10-11,Serveis,6759218,2020
2020-10-12,Serveis,7150446,2020
2020-10-13,Serveis,9141071,2020
2020-10-14,Serveis,9190777,2020
2020-10-15,Serveis,9189687,2020
2020-10-16,Serveis,8979563,2020
2020-10-17,Serveis,7281124,2020
2020-10-18,Serveis,6473580,2020
2020-10-19,Serveis,8922166,2020
2020-10-20,Serveis,9071835,2020
2020-10-21,Serveis,9173065,2020
2020-10-22,Serveis,9156213,2020
2020-10-23,Serveis,8951603,2020
2020-10-24,Serveis,7270152,2020
2020-10-25,Serveis,6369322,2020
2020-10-26,Serveis,8685464,2020
2020-10-27,Serveis,8818867,2020
2020-10-28,Serveis,8832309,2020
2020-10-29,Serveis,8852801,2020
2020-10-30,Serveis,8624471,2020
2020-10-31,Serveis,6991877,2020
2020-11-01,Serveis,6222131,2020
2020-11-02,Serveis,8444290,2020
2020-11-03,Serveis,8551747,2020
2020-11-04,Serveis,8514033,2020
2020-11-05,Serveis,8480181,2020
2020-11-06,Serveis,8413625,2020
2020-11-07,Serveis,6948457,2020
2020-11-08,Serveis,6140463,2020
2020-11-09,Serveis,8392929,2020
2020-11-10,Serveis,8529394,2020
2020-11-11,Serveis,8528534,2020
2020-11-12,Serveis,8469515,2020
2020-11-13,Serveis,8325433,2020
2020-11-14,Serveis,6882747,2020
2020-11-15,Serveis,6112610,2020
2020-11-16,Serveis,8371533,2020
2020-11-17,Serveis,8435208,2020
2020-11-18,Serveis,8469542,2020
2020-11-19,Serveis,8479743,2020
2020-11-20,Serveis,8438704,2020
2020-11-21,Serveis,6903632,2020
2020-11-22,Serveis,6155890,2020
2020-11-23,Serveis,8795350,2020
2020-11-24,Serveis,8928389,2020
2020-11-25,Serveis,8905955,2020
2020-11-26,Serveis,8934752,2020
2020-11-27,Serveis,8860806,2020
2020-11-28,Serveis,7315030,2020
2020-11-29,Serveis,6592702,2020
2020-11-30,Serveis,8821644,2020
2020-12-01,Serveis,9161758,2020
2020-12-02,Serveis,9303504,2020
2020-12-03,Serveis,9461606,2020
2020-12-04,Serveis,9297282,2020
2020-12-05,Serveis,7601685,2020
2020-12-06,Serveis,6686253,2020
2020-12-07,Serveis,8895492,2020
2020-12-08,Serveis,7281716,2020
2020-12-09,Serveis,9767972,2020
2020-12-10,Serveis,9687434,2020
2020-12-11,Serveis,9481443,2020
2020-12-12,Serveis,7539659,2020
2020-12-13,Serveis,6859717,2020
2020-12-14,Serveis,9384606,2020
2020-12-15,Serveis,9410938,2020
2020-12-16,Serveis,9444734,2020
2020-12-17,Serveis,9513000,2020
2020-12-18,Serveis,9371038,2020
2020-12-19,Serveis,7551517,2020
2020-12-20,Serveis,6921279,2020
2020-12-21,Serveis,9168600,2020
2020-12-22,Serveis,9172164,2020
2020-12-23,Serveis,9039128,2020
2020-12-24,Serveis,8355297,2020
2020-12-25,Serveis,6449384,2020
2020-12-26,Serveis,6631043,2020
2020-12-27,Serveis,6847255,2020
2020-12-28,Serveis,9037215,2020
2020-12-29,Serveis,9116996,2020
2020-12-30,Serveis,9235765,2020
2020-12-31,Serveis,8546327,2020
2021-01-01,Serveis,6412694,2021
2021-01-02,Serveis,7300423,2021
2021-01-03,Serveis,6910917,2021
2021-01-04,Serveis,9575497,2021
2021-01-05,Serveis,9491228,2021
2021-01-06,Serveis,6906902,2021
2021-01-07,Serveis,9824869,2021
2021-01-08,Serveis,9860858,2021
2021-01-09,Serveis,7593972,2021
2021-01-10,Serveis,6930684,2021
2021-01-11,Serveis,10183881,2021
2021-01-12,Serveis,10363067,2021
2021-01-13,Serveis,10223684,2021
2021-01-14,Serveis,10151655,2021
2021-01-15,Serveis,9844644,2021
2021-01-16,Serveis,7505375,2021
2021-01-17,Serveis,6703387,2021
2021-01-18,Serveis,9766797,2021
2021-01-19,Serveis,9724756,2021
2021-01-20,Serveis,9634487,2021
2021-01-21,Serveis,9401844,2021
2021-01-22,Serveis,9226462,2021
2021-01-23,Serveis,7171330,2021
2021-01-24,Serveis,6400429,2021
2021-01-25,Serveis,9277471,2021
2021-01-26,Serveis,9347876,2021
2021-01-27,Serveis,9210796,2021
2021-01-28,Serveis,9015910,2021
2021-01-29,Serveis,8725605,2021
2021-01-30,Serveis,6920794,2021
2021-01-31,Serveis,6268077,2021
2021-02-01,Serveis,8843301,2021
2021-02-02,Serveis,8846512,2021
2021-02-03,Serveis,8793954,2021
2021-02-04,Serveis,8848353,2021
2021-02-05,Serveis,8809698,2021
2021-02-06,Serveis,7077710,2021
2021-02-07,Serveis,6563964,2021
2021-02-08,Serveis,9069238,2021
2021-02-09,Serveis,9154417,2021
2021-02-10,Serveis,9194305,2021
2021-02-11,Serveis,9099262,2021
2021-02-12,Serveis,8909804,2021
2021-02-13,Serveis,7049609,2021
2021-02-14,Serveis,6593729,2021
2021-02-15,Serveis,9213594,2021
2021-02-16,Serveis,9194393,2021
2021-02-17,Serveis,9109455,2021
2021-02-18,Serveis,9171157,2021
2021-02-19,Serveis,8968684,2021
2021-02-20,Serveis,7065831,2021
2021-02-21,Serveis,6450427,2021
2021-02-22,Serveis,9053731,2021
2021-02-23,Serveis,8984834,2021
2021-02-24,Serveis,8912247,2021
2021-02-25,Serveis,8924992,2021
2021-02-26,Serveis,8851419,2021
2021-02-27,Serveis,7014239,2021
2021-02-28,Serveis,6315257,2021
2021-03-01,Serveis,8833417,2021
2021-03-02,Serveis,9020404,2021
2021-03-03,Serveis,8962194,2021
2021-03-04,Serveis,8910405,2021
2021-03-05,Serveis,8815144,2021
2021-03-06,Serveis,7138852,2021
2021-03-07,Serveis,6464269,2021
2021-03-08,Serveis,8955430,2021
2021-03-09,Serveis,9092527,2021
2021-03-10,Serveis,9059637,2021
2021-03-11,Serveis,8937941,2021
2021-03-12,Serveis,8867456,2021
2021-03-13,Serveis,7099323,2021
2021-03-14,Serveis,6367263,2021
2021-03-15,Serveis,8867854,2021
2021-03-16,Serveis,8908531,2021
2021-03-17,Serveis,8911219,2021
2021-03-18,Serveis,9000092,2021
2021-03-19,Serveis,9082519,2021
2021-03-20,Serveis,7383471,2021
2021-03-21,Serveis,6530749,2021
2021-03-22,Serveis,8989032,2021
2021-03-23,Serveis,9061392,2021
2021-03-24,Serveis,8991677,2021
2021-03-25,Serveis,8964662,2021
2021-03-26,Serveis,8862655,2021
2021-03-27,Serveis,7138228,2021
2021-03-28,Serveis,6017816,2021
2021-03-29,Serveis,8473185,2021
2021-03-30,Serveis,8508692,2021
2021-03-31,Serveis,8330050,2021
2021-04-01,Serveis,8257210,2021
2021-04-02,Serveis,6913701,2021
2021-04-03,Serveis,7126282,2021
2021-04-04,Serveis,6520418,2021
2021-04-05,Serveis,6880195,2021
2021-04-06,Serveis,8770069,2021
2021-04-07,Serveis,8997631,2021
2021-04-08,Serveis,8904137,2021
2021-04-09,Serveis,8888921,2021
2021-04-10,Serveis,7430699,2021
2021-04-11,Serveis,6698301,2021
2021-04-12,Serveis,8928947,2021
2021-04-13,Serveis,8924295,2021
2021-04-14,Serveis,8941995,2021
2021-04-15,Serveis,8951508,2021
2021-04-16,Serveis,8897985,2021
2021-04-17,Serveis,7441690,2021
2021-04-18,Serveis,6712747,2021
2021-04-19,Serveis,8856313,2021
2021-04-20,Serveis,8894674,2021
2021-04-21,Serveis,9001297,2021
2021-04-22,Serveis,8991243,2021
2021-04-23,Serveis,8809011,2021
2021-04-24,Serveis,7413829,2021
2021-04-25,Serveis,6688668,2021
2021-04-26,Serveis,8791033,2021
2021-04-27,Serveis,8885784,2021
2021-04-28,Serveis,8895768,2021
2021-04-29,Serveis,8934320,2021
2021-04-30,Serveis,8848007,2021
2021-05-01,Serveis,6821203,2021
2021-05-02,Serveis,6672186,2021
2021-05-03,Serveis,8696881,2021
2021-05-04,Serveis,8787800,2021
2021-05-05,Serveis,8901058,2021
2021-05-06,Serveis,8966110,2021
2021-05-07,Serveis,8829004,2021
2021-05-08,Serveis,7624080,2021
2021-05-09,Serveis,6982240,2021
2021-05-10,Serveis,8910218,2021
2021-05-11,Serveis,8929695,2021
2021-05-12,Serveis,8922776,2021
2021-05-13,Serveis,9000506,2021
2021-05-14,Serveis,8946182,2021
2021-05-15,Serveis,7682448,2021
2021-05-16,Serveis,6991200,2021
2021-05-17,Serveis,8851511,2021
2021-05-18,Serveis,9072521,2021
2021-05-19,Serveis,9025909,2021
2021-05-20,Serveis,9090532,2021
2021-05-21,Serveis,9000827,2021
2021-05-22,Serveis,7668845,2021
2021-05-23,Serveis,6917817,2021
2021-05-24,Serveis,7369044,2021
2021-05-25,Serveis,8995621,2021
2021-05-26,Serveis,9091302,2021
2021-05-27,Serveis,9268907,2021
2021-05-28,Serveis,9305830,2021
2021-05-29,Serveis,8035541,2021
2021-05-30,Serveis,7256584,2021
2021-05-31,Serveis,9304758,2021
2021-06-01,Serveis,9708881,2021
2021-06-02,Serveis,9866367,2021
2021-06-03,Serveis,9918139,2021
2021-06-04,Serveis,9892452,2021
2021-06-05,Serveis,8414639,2021
2021-06-06,Serveis,7381606,2021
2021-06-07,Serveis,9817466,2021
2021-06-08,Serveis,10192567,2021
2021-06-09,Serveis,10403565,2021
2021-06-10,Serveis,10670572,2021
2021-06-11,Serveis,10701160,2021
2021-06-12,Serveis,9093469,2021
2021-06-13,Serveis,8055881,2021
2021-06-14,Serveis,11300442,2021
2021-06-15,Serveis,11539196,2021
2021-06-16,Serveis,11570352,2021
2021-06-17,Serveis,11512567,2021
2021-06-18,Serveis,11336360,2021
2021-06-19,Serveis,9486820,2021
2021-06-20,Serveis,8112519,2021
2021-06-21,Serveis,11113447,2021
2021-06-22,Serveis,10927719,2021
2021-06-23,Serveis,10184996,2021
2021-06-24,Serveis,8091985,2021
2021-06-25,Serveis,10232982,2021
2021-06-26,Serveis,9075591,2021
2021-06-27,Serveis,8123329,2021
2021-06-28,Serveis,11004412,2021
2021-06-29,Serveis,10996616,2021
2021-06-30,Serveis,10776235,2021
2021-07-01,Serveis,11387626,2021
2021-07-02,Serveis,11309024,2021
2021-07-03,Serveis,9722989,2021
2021-07-04,Serveis,8914705,2021
2021-07-05,Serveis,11556395,2021
2021-07-06,Serveis,12000457,2021
2021-07-07,Serveis,11348327,2021
2021-07-08,Serveis,11177780,2021
2021-07-09,Serveis,11267820,2021
2021-07-10,Serveis,9684985,2021
2021-07-11,Serveis,8636997,2021
2021-07-12,Serveis,11516487,2021
2021-07-13,Serveis,10639860,2021
2021-07-14,Serveis,10698223,2021
2021-07-15,Serveis,11056625,2021
2021-07-16,Serveis,11113798,2021
2021-07-17,Serveis,9548122,2021
2021-07-18,Serveis,8547439,2021
2021-07-19,Serveis,11760044,2021
2021-07-20,Serveis,11966341,2021
2021-07-21,Serveis,12182108,2021
2021-07-22,Serveis,12241507,2021
2021-07-23,Serveis,12059177,2021
2021-07-24,Serveis,9892379,2021
2021-07-25,Serveis,8631569,2021
2021-07-26,Serveis,11363356,2021
2021-07-27,Serveis,11581347,2021
2021-07-28,Serveis,11615623,2021
2021-07-29,Serveis,11678025,2021
2021-07-30,Serveis,11870479,2021
2021-07-31,Serveis,9550289,2021
2021-08-01,Serveis,7992743,2021
2021-08-02,Serveis,10372630,2021
2021-08-03,Serveis,10771466,2021
2021-08-04,Serveis,10704946,2021
2021-08-05,Serveis,10776726,2021
2021-08-06,Serveis,10657100,2021
2021-08-07,Serveis,9458640,2021
2021-08-08,Serveis,8023264,2021
2021-08-09,Serveis,9756539,2021
2021-08-10,Serveis,9959945,2021
2021-08-11,Serveis,10155705,2021
2021-08-12,Serveis,10645673,2021
2021-08-13,Serveis,10762799,2021
2021-08-14,Serveis,9739986,2021
2021-08-15,Serveis,8800381,2021
2021-08-16,Serveis,10850114,2021
2021-08-17,Serveis,10289100,2021
2021-08-18,Serveis,10225957,2021
2021-08-19,Serveis,10293904,2021
2021-08-20,Serveis,10548092,2021
2021-08-21,Serveis,9658486,2021
2021-08-22,Serveis,8557468,2021
2021-08-23,Serveis,10665314,2021
2021-08-24,Serveis,10524648,2021
2021-08-25,Serveis,10469638,2021
2021-08-26,Serveis,10747918,2021
2021-08-27,Serveis,11166620,2021
2021-08-28,Serveis,9390244,2021
2021-08-29,Serveis,8292953,2021
2021-08-30,Serveis,10457999,2021
2021-08-31,Serveis,10695336,2021
2021-09-01,Serveis,10736226,2021
2021-09-02,Serveis,10801519,2021
2021-09-03,Serveis,11029809,2021
2021-09-04,Serveis,9368305,2021
2021-09-05,Serveis,8649634,2021
2021-09-06,Serveis,11919818,2021
2021-09-07,Serveis,11977192,2021
2021-09-08,Serveis,12000669,2021
2021-09-09,Serveis,12038263,2021
2021-09-10,Serveis,11419450,2021
2021-09-11,Serveis,8795018,2021
2021-09-12,Serveis,9045254,2021
2021-09-13,Serveis,11977695,2021
2021-09-14,Serveis,12495413,2021
2021-09-15,Serveis,12343356,2021
2021-09-16,Serveis,11860135,2021
2021-09-17,Serveis,11613319,2021
2021-09-18,Serveis,9598109,2021
2021-09-19,Serveis,8144335,2021
2021-09-20,Serveis,10590441,2021
2021-09-21,Serveis,10237856,2021
2021-09-22,Serveis,10418422,2021
2021-09-23,Serveis,10509757,2021
2021-09-24,Serveis,8646895,2021
2021-09-25,Serveis,9404190,2021
2021-09-26,Serveis,8406433,2021
2021-09-27,Serveis,11129463,2021
2021-09-28,Serveis,11319392,2021
2021-09-29,Serveis,11085237,2021
2021-09-30,Serveis,10867163,2021
2021-10-01,Serveis,10519321,2021
2021-10-02,Serveis,8868672,2021
2021-10-03,Serveis,8179485,2021
2021-10-04,Serveis,9918194,2021
2021-10-05,Serveis,10004122,2021
2021-10-06,Serveis,10137197,2021
2021-10-07,Serveis,10032569,2021
2021-10-08,Serveis,9884468,2021
2021-10-09,Serveis,8265661,2021
2021-10-10,Serveis,7478197,2021
2021-10-11,Serveis,9430775,2021
2021-10-12,Serveis,7603752,2021
2021-10-13,Serveis,9807155,2021
2021-10-14,Serveis,9844230,2021
2021-10-15,Serveis,9943730,2021
2021-10-16,Serveis,8324336,2021
2021-10-17,Serveis,7472592,2021
2021-10-18,Serveis,9919083,2021
2021-10-19,Serveis,10189813,2021
2021-10-20,Serveis,10219831,2021
2021-10-21,Serveis,10092494,2021
2021-10-22,Serveis,9848651,2021
2021-10-23,Serveis,8130472,2021
2021-10-24,Serveis,7362759,2021
2021-10-25,Serveis,9683310,2021
2021-10-26,Serveis,9928950,2021
2021-10-27,Serveis,9854699,2021
2021-10-28,Serveis,9730186,2021
2021-10-29,Serveis,9825798,2021
2021-10-30,Serveis,8313773,2021
2021-10-31,Serveis,7493363,2021
2021-11-01,Serveis,7802918,2021
2021-11-02,Serveis,9568789,2021
2021-11-03,Serveis,9653943,2021
2021-11-04,Serveis,9779050,2021
2021-11-05,Serveis,9758361,2021
2021-11-06,Serveis,8088721,2021
2021-11-07,Serveis,7229880,2021
2021-11-08,Serveis,9752065,2021
2021-11-09,Serveis,9964217,2021
2021-11-10,Serveis,9992977,2021
2021-11-11,Serveis,10005291,2021
2021-11-12,Serveis,9823775,2021
2021-11-13,Serveis,8120009,2021
2021-11-14,Serveis,7249535,2021
2021-11-15,Serveis,9828135,2021
2021-11-16,Serveis,10070531,2021
2021-11-17,Serveis,10035619,2021
2021-11-18,Serveis,10089911,2021
2021-11-19,Serveis,9969777,2021
2021-11-20,Serveis,8196095,2021
2021-11-21,Serveis,7297039,2021
2021-11-22,Serveis,9927277,2021
2021-11-23,Serveis,10160989,2021
2021-11-24,Serveis,10164048,2021
2021-11-25,Serveis,10307327,2021
2021-11-26,Serveis,10240259,2021
2021-11-27,Serveis,8417431,2021
2021-11-28,Serveis,7821866,2021
2021-11-29,Serveis,10668310,2021
2021-11-30,Serveis,10648932,2021
2021-12-01,Serveis,10660035,2021
2021-12-02,Serveis,10540355,2021
2021-12-03,Serveis,10432503,2021
2021-12-04,Serveis,8338438,2021
2021-12-05,Serveis,7675982,2021
2021-12-06,Serveis,8043155,2021
2021-12-07,Serveis,9634311,2021
2021-12-08,Serveis,8008362,2021
2021-12-09,Serveis,10827661,2021
2021-12-10,Serveis,10353972,2021
2021-12-11,Serveis,8429353,2021
2021-12-12,Serveis,7683720,2021
2021-12-13,Serveis,10325411,2021
2021-12-14,Serveis,10396537,2021
2021-12-15,Serveis,10362698,2021
2021-12-16,Serveis,10409297,2021
2021-12-17,Serveis,10253909,2021
2021-12-18,Serveis,8400959,2021
2021-12-19,Serveis,7816771,2021
2021-12-20,Serveis,10433374,2021
2021-12-21,Serveis,10426691,2021
2021-12-22,Serveis,10351015,2021
2021-12-23,Serveis,9920820,2021
2021-12-24,Serveis,8889316,2021
2021-12-25,Serveis,6829580,2021
2021-12-26,Serveis,6985588,2021
2021-12-27,Serveis,9236845,2021
2021-12-28,Serveis,9294757,2021
2021-12-29,Serveis,9256139,2021
2021-12-30,Serveis,9181749,2021
2021-12-31,Serveis,8549417,2021
2022-01-01,Serveis,6908450,2022
2022-01-02,Serveis,7298578,2022
2022-01-03,Serveis,9490938,2022
2022-01-04,Serveis,9445398,2022
2022-01-05,Serveis,9453712,2022
2022-01-06,Serveis,7410545,2022
2022-01-07,Serveis,9680676,2022
2022-01-08,Serveis,8134002,2022
2022-01-09,Serveis,7442147,2022
2022-01-10,Serveis,10308144,2022
2022-01-11,Serveis,10286736,2022
2022-01-12,Serveis,10340105,2022
2022-01-13,Serveis,10505807,2022
2022-01-14,Serveis,10411437,2022
2022-01-15,Serveis,8367560,2022
2022-01-16,Serveis,7459753,2022
2022-01-17,Serveis,10546296,2022
2022-01-18,Serveis,10625006,2022
2022-01-19,Serveis,10624931,2022
2022-01-20,Serveis,10592478,2022
2022-01-21,Serveis,10605739,2022
2022-01-22,Serveis,8515868,2022
2022-01-23,Serveis,7484524,2022
2022-01-24,Serveis,10652535,2022
2022-01-25,Serveis,10611000,2022
2022-01-26,Serveis,10551845,2022
2022-01-27,Serveis,10485747,2022
2022-01-28,Serveis,10214260,2022
2022-01-29,Serveis,8163867,2022
2022-01-30,Serveis,7246841,2022
2022-01-31,Serveis,10085067,2022
2022-02-01,Serveis,10131802,2022
2022-02-02,Serveis,10011356,2022
2022-02-03,Serveis,10024523,2022
2022-02-04,Serveis,9877382,2022
2022-02-05,Serveis,8063751,2022
2022-02-06,Serveis,7210447,2022
2022-02-07,Serveis,10056071,2022
2022-02-08,Serveis,10106057,2022
2022-02-09,Serveis,10058433,2022
2022-02-10,Serveis,10120236,2022
2022-02-11,Serveis,9959167,2022
2022-02-12,Serveis,8138919,2022
2022-02-13,Serveis,7255293,2022
2022-02-14,Serveis,9970923,2022
2022-02-15,Serveis,10190647,2022
2022-02-16,Serveis,10197353,2022
2022-02-17,Serveis,10082992,2022
2022-02-18,Serveis,9862438,2022
2022-02-19,Serveis,8197482,2022
2022-02-20,Serveis,7344627,2022
2022-02-21,Serveis,10015168,2022
2022-02-22,Serveis,10107764,2022
2022-02-23,Serveis,10055804,2022
2022-02-24,Serveis,9944491,2022
2022-02-25,Serveis,9941891,2022
2022-02-26,Serveis,8203965,2022
2022-02-27,Serveis,7327746,2022
2022-02-28,Serveis,9870924,2022
2022-03-01,Serveis,10046502,2022
2022-03-02,Serveis,10154432,2022
2022-03-03,Serveis,9920309,2022
2022-03-04,Serveis,9782695,2022
2022-03-05,Serveis,8016759,2022
2022-03-06,Serveis,7229554,2022
2022-03-07,Serveis,9926552,2022
2022-03-08,Serveis,10080946,2022
2022-03-09,Serveis,10058116,2022
2022-03-10,Serveis,9953937,2022
2022-03-11,Serveis,9806043,2022
2022-03-12,Serveis,8058884,2022
2022-03-13,Serveis,7196598,2022
2022-03-14,Serveis,9923892,2022
2022-03-15,Serveis,9923245,2022
2022-03-16,Serveis,9843418,2022
2022-03-17,Serveis,9851394,2022
2022-03-18,Serveis,9734474,2022
2022-03-19,Serveis,8140039,2022
2022-03-20,Serveis,7262668,2022
2022-03-21,Serveis,9754240,2022
2022-03-22,Serveis,9967888,2022
2022-03-23,Serveis,10014443,2022
2022-03-24,Serveis,10057945,2022
2022-03-25,Serveis,9733335,2022
2022-03-26,Serveis,8124369,2022
2022-03-27,Serveis,6975900,2022
2022-03-28,Serveis,9626871,2022
2022-03-29,Serveis,9788517,2022
2022-03-30,Serveis,9778806,2022
2022-03-31,Serveis,9710046,2022
2022-04-01,Serveis,9664036,2022
2022-04-02,Serveis,8135378,2022
2022-04-03,Serveis,7330114,2022
2022-04-04,Serveis,10164229,2022
2022-04-05,Serveis,9985527,2022
2022-04-06,Serveis,9789757,2022
2022-04-07,Serveis,9672172,2022
2022-04-08,Serveis,9460736,2022
2022-04-09,Serveis,7907294,2022
2022-04-10,Serveis,7052415,2022
2022-04-11,Serveis,9030829,2022
2022-04-12,Serveis,9294131,2022
2022-04-13,Serveis,9297843,2022
2022-04-14,Serveis,8876758,2022
2022-04-15,Serveis,7470039,2022
2022-04-16,Serveis,7677099,2022
2022-04-17,Serveis,7005334,2022
2022-04-18,Serveis,7401110,2022
2022-04-19,Serveis,9497522,2022
2022-04-20,Serveis,9603225,2022
2022-04-21,Serveis,9709510,2022
2022-04-22,Serveis,9486988,2022
2022-04-23,Serveis,8116651,2022
2022-04-24,Serveis,7212731,2022
2022-04-25,Serveis,9463217,2022
2022-04-26,Serveis,9553319,2022
2022-04-27,Serveis,9509919,2022
2022-04-28,Serveis,9506898,2022
2022-04-29,Serveis,9508427,2022
2022-04-30,Serveis,8052968,2022
2022-05-01,Serveis,7272558,2022
2022-05-02,Serveis,9391652,2022
2022-05-03,Serveis,9521555,2022
2022-05-04,Serveis,9580220,2022
2022-05-05,Serveis,9626167,2022
2022-05-06,Serveis,9559811,2022
2022-05-07,Serveis,8116359,2022
2022-05-08,Serveis,7342322,2022
2022-05-09,Serveis,9624595,2022
2022-05-10,Serveis,9836226,2022
2022-05-11,Serveis,9952302,2022
2022-05-12,Serveis,10005697,2022
2022-05-13,Serveis,9880690,2022
2022-05-14,Serveis,8443064,2022
2022-05-15,Serveis,7772422,2022
2022-05-16,Serveis,10252060,2022
2022-05-17,Serveis,10471666,2022
2022-05-18,Serveis,11053550,2022
2022-05-19,Serveis,11115368,2022
2022-05-20,Serveis,11029143,2022
2022-05-21,Serveis,9436624,2022
2022-05-22,Serveis,8661098,2022
2022-05-23,Serveis,11138228,2022
2022-05-24,Serveis,10655107,2022
2022-05-25,Serveis,10085454,2022
2022-05-26,Serveis,10372770,2022
2022-05-27,Serveis,10533418,2022
2022-05-28,Serveis,9077011,2022
2022-05-29,Serveis,8080973,2022
2022-05-30,Serveis,10344938,2022
2022-05-31,Serveis,10540802,2022
2022-06-01,Serveis,11193490,2022
2022-06-02,Serveis,11049795,2022
2022-06-03,Serveis,10977891,2022
2022-06-04,Serveis,9244645,2022
2022-06-05,Serveis,8449578,2022
2022-06-06,Serveis,9212522,2022
2022-06-07,Serveis,11689892,2022
2022-06-08,Serveis,11640242,2022
2022-06-09,Serveis,11323808,2022
2022-06-10,Serveis,11406923,2022
2022-06-11,Serveis,9659562,2022
2022-06-12,Serveis,8931113,2022
2022-06-13,Serveis,12084130,2022
2022-06-14,Serveis,12044487,2022
2022-06-15,Serveis,12464563,2022
2022-06-16,Serveis,12850242,2022
2022-06-17,Serveis,12750249,2022
2022-06-18,Serveis,10376274,2022
2022-06-19,Serveis,9328688,2022
2022-06-20,Serveis,12546687,2022
2022-06-21,Serveis,12637011,2022
2022-06-22,Serveis,12282556,2022
2022-06-23,Serveis,11821994,2022
2022-06-24,Serveis,9417330,2022
2022-06-25,Serveis,9604367,2022
2022-06-26,Serveis,8926589,2022
2022-06-27,Serveis,11926666,2022
2022-06-28,Serveis,11827863,2022
2022-06-29,Serveis,12238380,2022
2022-06-30,Serveis,12235133,2022
2022-07-01,Serveis,11633954,2022
2022-07-02,Serveis,9515960,2022
2022-07-03,Serveis,8832378,2022
2022-07-04,Serveis,12027495,2022
2022-07-05,Serveis,12393808,2022
2022-07-06,Serveis,12195328,2022
2022-07-07,Serveis,12168682,2022
2022-07-08,Serveis,12157700,2022
2022-07-09,Serveis,9956502,2022
2022-07-10,Serveis,9119796,2022
2022-07-11,Serveis,12306413,2022
2022-07-12,Serveis,12800572,2022
2022-07-13,Serveis,12974278,2022
2022-07-14,Serveis,13037901,2022
2022-07-15,Serveis,13007775,2022
2022-07-16,Serveis,10457793,2022
2022-07-17,Serveis,9488206,2022
2022-07-18,Serveis,12970897,2022
2022-07-19,Serveis,13280430,2022
2022-07-20,Serveis,13254125,2022
2022-07-21,Serveis,13250540,2022
2022-07-22,Serveis,13256349,2022
2022-07-23,Serveis,10735542,2022
2022-07-24,Serveis,9916159,2022
2022-07-25,Serveis,13125958,2022
2022-07-26,Serveis,13051818,2022
2022-07-27,Serveis,12796129,2022
2022-07-28,Serveis,12927915,2022
2022-07-29,Serveis,12746412,2022
2022-07-30,Serveis,10165000,2022
2022-07-31,Serveis,9408489,2022
2022-08-01,Serveis,11234022,2022
2022-08-02,Serveis,11381812,2022
2022-08-03,Serveis,11394611,2022
2022-08-04,Serveis,11337126,2022
2022-08-05,Serveis,11073347,2022
2022-08-06,Serveis,9105197,2022
2022-08-07,Serveis,8438259,2022
2022-08-08,Serveis,10457644,2022
2022-08-09,Serveis,10710800,2022
2022-08-10,Serveis,10725786,2022
2022-08-11,Serveis,10727603,2022
2022-08-12,Serveis,10925666,2022
2022-08-13,Serveis,9318873,2022
2022-08-14,Serveis,8484408,2022
2022-08-15,Serveis,8666638,2022
2022-08-16,Serveis,10421801,2022
2022-08-17,Serveis,10169030,2022
2022-08-18,Serveis,9299246,2022
2022-08-19,Serveis,9277449,2022
2022-08-20,Serveis,8453190,2022
2022-08-21,Serveis,8004434,2022
2022-08-22,Serveis,10081844,2022
2022-08-23,Serveis,10319427,2022
2022-08-24,Serveis,10555255,2022
2022-08-25,Serveis,10536970,2022
2022-08-26,Serveis,10712216,2022
2022-08-27,Serveis,8771959,2022
2022-08-28,Serveis,8189625,2022
2022-08-29,Serveis,10772340,2022
2022-08-30,Serveis,11013785,2022
2022-08-31,Serveis,10397925,2022
2022-09-01,Serveis,11702510,2022
2022-09-02,Serveis,11981217,2022
2022-09-03,Serveis,9834376,2022
2022-09-04,Serveis,9322083,2022
2022-09-05,Serveis,12486838,2022
2022-09-06,Serveis,12837745,2022
2022-09-07,Serveis,12619711,2022
2022-09-08,Serveis,12091265,2022
2022-09-09,Serveis,11863450,2022
2022-09-10,Serveis,9930857,2022
2022-09-11,Serveis,9283356,2022
2022-09-12,Serveis,12653330,2022
2022-09-13,Serveis,12581235,2022
2022-09-14,Serveis,11997130,2022
2022-09-15,Serveis,12301547,2022
2022-09-16,Serveis,11955729,2022
2022-09-17,Serveis,9411721,2022
2022-09-18,Serveis,8246929,2022
2022-09-19,Serveis,11197274,2022
2022-09-20,Serveis,11311620,2022
2022-09-21,Serveis,11160883,2022
2022-09-22,Serveis,11036897,2022
2022-09-23,Serveis,11010692,2022
2022-09-24,Serveis,8358544,2022
2022-09-25,Serveis,7884940,2022
2022-09-26,Serveis,8836605,2022
2022-09-27,Serveis,10246637,2022
2022-09-28,Serveis,10308662,2022
2022-09-29,Serveis,10267898,2022
2022-09-30,Serveis,9997109,2022
2022-10-01,Serveis,8152642,2022
2022-10-02,Serveis,7533499,2022
2022-10-03,Serveis,10124340,2022
2022-10-04,Serveis,10295230,2022
2022-10-05,Serveis,10340098,2022
2022-10-06,Serveis,10408153,2022
2022-10-07,Serveis,10113991,2022
2022-10-08,Serveis,8454905,2022
2022-10-09,Serveis,7614264,2022
2022-10-10,Serveis,10074574,2022
2022-10-11,Serveis,10129927,2022
2022-10-12,Serveis,7900961,2022
2022-10-13,Serveis,10209281,2022
2022-10-14,Serveis,10179337,2022
2022-10-15,Serveis,8620530,2022
2022-10-16,Serveis,7861101,2022
2022-10-17,Serveis,10515297,2022
2022-10-18,Serveis,10640814,2022
2022-10-19,Serveis,10653765,2022
2022-10-20,Serveis,10637208,2022
2022-10-21,Serveis,10563594,2022
2022-10-22,Serveis,8599878,2022
2022-10-23,Serveis,7859381,2022
2022-10-24,Serveis,10398821,2022
2022-10-25,Serveis,10499963,2022
2022-10-26,Serveis,10588685,2022
2022-10-27,Serveis,10362218,2022
2022-10-28,Serveis,10006411,2022
2022-10-29,Serveis,8071302,2022
2022-10-30,Serveis,7411381,2022
2022-10-31,Serveis,9384637,2022
2022-11-01,Serveis,7719651,2022
2022-11-02,Serveis,9871417,2022
2022-11-03,Serveis,9864796,2022
2022-11-04,Serveis,9422633,2022
2022-11-05,Serveis,7754529,2022
2022-11-06,Serveis,7090614,2022
2022-11-07,Serveis,9355335,2022
2022-11-08,Serveis,9574337,2022
2022-11-09,Serveis,9584969,2022
2022-11-10,Serveis,9517521,2022
2022-11-11,Serveis,9449584,2022
2022-11-12,Serveis,7996103,2022
2022-11-13,Serveis,7158784,2022
2022-11-14,Serveis,9420819,2022
2022-11-15,Serveis,9425515,2022
2022-11-16,Serveis,9444609,2022
2022-11-17,Serveis,9451335,2022
2022-11-18,Serveis,9237467,2022
2022-11-19,Serveis,7599044,2022
2022-11-20,Serveis,6863885,2022
2022-11-21,Serveis,9285970,2022
2022-11-22,Serveis,9529744,2022
2022-11-23,Serveis,9429708,2022
2022-11-24,Serveis,9475205,2022
2022-11-25,Serveis,9335272,2022
2022-11-26,Serveis,7766543,2022
2022-11-27,Serveis,7217298,2022
2022-11-28,Serveis,9525830,2022
2022-11-29,Serveis,9591654,2022
2022-11-30,Serveis,9661178,2022
2022-12-01,Serveis,9899616,2022
2022-12-02,Serveis,9824561,2022
2022-12-03,Serveis,7989166,2022
2022-12-04,Serveis,7424156,2022
2022-12-05,Serveis,19403038,2022
2022-12-06,Serveis,7437918,2022
2022-12-07,Serveis,9596509,2022
2022-12-08,Serveis,7750291,2022
2022-12-09,Serveis,9212046,2022
2022-12-10,Serveis,7880217,2022
2022-12-11,Serveis,7461794,2022
2022-12-12,Serveis,10216414,2022
2022-12-13,Serveis,10067448,2022
2022-12-14,Serveis,9883761,2022
2022-12-15,Serveis,9740835,2022
2022-12-16,Serveis,9620406,2022
2022-12-17,Serveis,7972284,2022
2022-12-18,Serveis,7333312,2022
2022-12-19,Serveis,9661862,2022
2022-12-20,Serveis,9661885,2022
2022-12-21,Serveis,9572336,2022
2022-12-22,Serveis,9400325,2022
2022-12-23,Serveis,9057039,2022
2022-12-24,Serveis,7323373,2022
2022-12-25,Serveis,6437868,2022
2022-12-26,Serveis,7184030,2022
2022-12-27,Serveis,8921211,2022
2022-12-28,Serveis,9018707,2022
2022-12-29,Serveis,9034360,2022
2022-12-30,Serveis,8803326,2022
2022-12-31,Serveis,7370389,2022
2023-01-01,Serveis,5147786,2023
2023-01-02,Serveis,6673565,2023
2023-01-03,Serveis,6763640,2023
2023-01-04,Serveis,6797117,2023
2023-01-05,Serveis,6701876,2023
2023-01-06,Serveis,5249492,2023
2023-01-07,Serveis,5560470,2023
2023-01-08,Serveis,5301051,2023
2023-01-09,Serveis,6926524,2023
2023-01-10,Serveis,7073249,2023
2023-01-11,Serveis,7058693,2023
2023-01-12,Serveis,7046319,2023
2023-01-13,Serveis,6973214,2023
2023-01-14,Serveis,5650026,2023
2023-01-15,Serveis,5200655,2023
2023-01-16,Serveis,7067880,2023
2023-01-17,Serveis,7042077,2023
2023-01-18,Serveis,7233729,2023
2023-01-19,Serveis,7341016,2023
2023-01-20,Serveis,7134267,2023
2023-01-21,Serveis,5758554,2023
2023-01-22,Serveis,5287303,2023
2023-01-23,Serveis,7457890,2023
2023-01-24,Serveis,7636552,2023
2023-01-25,Serveis,7393301,2023
2023-01-26,Serveis,7480685,2023
2023-01-27,Serveis,7335509,2023
2023-01-28,Serveis,5852644,2023
2023-01-29,Serveis,5347539,2023
2023-01-30,Serveis,7370233,2023
2023-01-31,Serveis,7195179,2023
2023-02-01,Serveis,7379803,2023
2023-02-02,Serveis,7306384,2023
2023-02-03,Serveis,7136490,2023
2023-02-04,Serveis,5672617,2023
2023-02-05,Serveis,5224974,2023
2023-02-06,Serveis,7270147,2023
2023-02-07,Serveis,7418217,2023
2023-02-08,Serveis,7353840,2023
2023-02-09,Serveis,7315502,2023
2023-02-10,Serveis,7167983,2023
2023-02-11,Serveis,5701551,2023
2023-02-12,Serveis,5256548,2023
2023-02-13,Serveis,7212568,2023
2023-02-14,Serveis,7208080,2023
2023-02-15,Serveis,7170599,2023
2023-02-16,Serveis,7162718,2023
2023-02-17,Serveis,6983405,2023
2023-02-18,Serveis,5556240,2023
2023-02-19,Serveis,5147537,2023
2023-02-20,Serveis,6876129,2023
2023-02-21,Serveis,6938596,2023
2023-02-22,Serveis,6900804,2023
2023-02-23,Serveis,6975769,2023
2023-02-24,Serveis,6894188,2023
2023-02-25,Serveis,5655566,2023
2023-02-26,Serveis,5182360,2023
2023-02-27,Serveis,7302213,2023
2023-02-28,Serveis,7220435,2023
2023-03-01,Serveis,7331522,2023
2023-03-02,Serveis,7349497,2023
2023-03-03,Serveis,7077943,2023
2023-03-04,Serveis,5688699,2023
2023-03-05,Serveis,5247534,2023
2023-03-06,Serveis,7043507,2023
2023-03-07,Serveis,7009932,2023
2023-03-08,Serveis,6889506,2023
2023-03-09,Serveis,6824656,2023
2023-03-10,Serveis,6732045,2023
2023-03-11,Serveis,5619496,2023
2023-03-12,Serveis,5171991,2023
2023-03-13,Serveis,6704371,2023
2023-03-14,Serveis,6756531,2023
2023-03-15,Serveis,6749148,2023
2023-03-16,Serveis,6743092,2023
2023-03-17,Serveis,6704965,2023
2023-03-18,Serveis,5586138,2023
2023-03-19,Serveis,5144814,2023
2023-03-20,Serveis,6608792,2023
2023-03-21,Serveis,6729417,2023
2023-03-22,Serveis,6769341,2023
2023-03-23,Serveis,6775208,2023
2023-03-24,Serveis,6742825,2023
2023-03-25,Serveis,5594619,2023
2023-03-26,Serveis,5025802,2023
2023-03-27,Serveis,6687019,2023
2023-03-28,Serveis,6730112,2023
2023-03-29,Serveis,6736875,2023
2023-03-30,Serveis,6718982,2023
2023-03-31,Serveis,6744356,2023
2023-04-01,Serveis,7712988,2023
2023-04-02,Serveis,6973844,2023
2023-04-03,Serveis,8796471,2023
2023-04-04,Serveis,8843348,2023
2023-04-05,Serveis,8877543,2023
2023-04-06,Serveis,8577195,2023
2023-04-07,Serveis,7282226,2023
2023-04-08,Serveis,7330419,2023
2023-04-09,Serveis,6785372,2023
2023-04-10,Serveis,7271279,2023
2023-04-11,Serveis,9092463,2023
2023-04-12,Serveis,9216621,2023
2023-04-13,Serveis,9201891,2023
2023-04-14,Serveis,9122488,2023
2023-04-15,Serveis,7730231,2023
2023-04-16,Serveis,6945149,2023
2023-04-17,Serveis,9014465,2023
2023-04-18,Serveis,9180708,2023
2023-04-19,Serveis,9216821,2023
2023-04-20,Serveis,9264873,2023
2023-04-21,Serveis,9249146,2023
2023-04-22,Serveis,7896343,2023
2023-04-23,Serveis,7289626,2023
2023-04-24,Serveis,9246591,2023
2023-04-25,Serveis,9382890,2023
2023-04-26,Serveis,9410498,2023
2023-04-27,Serveis,9529915,2023
2023-04-28,Serveis,9524225,2023
2023-04-29,Serveis,8046756,2023
2023-04-30,Serveis,7295819,2023
2023-05-01,Serveis,7321647,2023
2023-05-02,Serveis,9509358,2023
2023-05-03,Serveis,9662485,2023
2023-05-04,Serveis,9780481,2023
2023-05-05,Serveis,9765701,2023
2023-05-06,Serveis,8206615,2023
2023-05-07,Serveis,7431984,2023
2023-05-08,Serveis,9704034,2023
2023-05-09,Serveis,9909755,2023
2023-05-10,Serveis,9709554,2023
2023-05-11,Serveis,9551128,2023
2023-05-12,Serveis,9371620,2023
2023-05-13,Serveis,7808166,2023
2023-05-14,Serveis,7138051,2023
2023-05-15,Serveis,9286756,2023
2023-05-16,Serveis,9443009,2023
2023-05-17,Serveis,9433879,2023
2023-05-18,Serveis,9464469,2023
2023-05-19,Serveis,9368969,2023
2023-05-20,Serveis,7939601,2023
2023-05-21,Serveis,7331873,2023
2023-05-22,Serveis,9445907,2023
2023-05-23,Serveis,9630516,2023
2023-05-24,Serveis,9746511,2023
2023-05-25,Serveis,9651210,2023
2023-05-26,Serveis,9566963,2023
2023-05-27,Serveis,8273378,2023
2023-05-28,Serveis,7722608,2023
2023-05-29,Serveis,9737431,2023
2023-05-30,Serveis,9931674,2023
2023-05-31,Serveis,9975392,2023
2023-06-01,Serveis,10502229,2023
2023-06-02,Serveis,10336097,2023
2023-06-03,Serveis,8521148,2023
2023-06-04,Serveis,7953782,2023
2023-06-05,Serveis,8856562,2023
2023-06-06,Serveis,10747012,2023
2023-06-07,Serveis,10890799,2023
2023-06-08,Serveis,10988295,2023
2023-06-09,Serveis,11032830,2023
2023-06-10,Serveis,9119064,2023
2023-06-11,Serveis,8390045,2023
2023-06-12,Serveis,11069654,2023
2023-06-13,Serveis,11167210,2023
2023-06-14,Serveis,11053360,2023
2023-06-15,Serveis,11459018,2023
2023-06-16,Serveis,11503286,2023
2023-06-17,Serveis,9499706,2023
2023-06-18,Serveis,8590929,2023
2023-06-19,Serveis,11295673,2023
2023-06-20,Serveis,11586491,2023
2023-06-21,Serveis,11961851,2023
2023-06-22,Serveis,12037396,2023
2023-06-23,Serveis,11581843,2023
2023-06-24,Serveis,8935600,2023
2023-06-25,Serveis,8906145,2023
2023-06-26,Serveis,12249440,2023
2023-06-27,Serveis,12439367,2023
2023-06-28,Serveis,12517261,2023
2023-06-29,Serveis,12452198,2023
2023-06-30,Serveis,11529117,2023
2023-07-01,Serveis,9549416,2023
2023-07-02,Serveis,9019979,2023
2023-07-03,Serveis,13030744,2023
2023-07-04,Serveis,12336802,2023
2023-07-05,Serveis,12202987,2023
2023-07-06,Serveis,12148299,2023
2023-07-07,Serveis,12149863,2023
2023-07-08,Serveis,19929668,2023
2023-07-09,Serveis,9222536,2023
2023-07-10,Serveis,12748869,2023
2023-07-11,Serveis,13177307,2023
2023-07-12,Serveis,13148008,2023
2023-07-13,Serveis,12987642,2023
2023-07-14,Serveis,12889353,2023
2023-07-15,Serveis,10472825,2023
2023-07-16,Serveis,9387712,2023
2023-07-17,Serveis,12657211,2023
2023-07-18,Serveis,13211484,2023
2023-07-19,Serveis,13398014,2023
2023-07-20,Serveis,13134844,2023
2023-07-21,Serveis,12865715,2023
2023-07-22,Serveis,10101808,2023
2023-07-23,Serveis,9589362,2023
2023-07-24,Serveis,12870114,2023
2023-07-25,Serveis,12453355,2023
2023-07-26,Serveis,11950798,2023
2023-07-27,Serveis,12372663,2023
2023-07-28,Serveis,12171075,2023
2023-07-29,Serveis,10232251,2023
2023-07-30,Serveis,9437118,2023
2023-07-31,Serveis,12138030,2023
2023-08-01,Serveis,12808127,2023
2023-08-02,Serveis,13100544,2023
2023-08-03,Serveis,12415346,2023
2023-08-04,Serveis,11502606,2023
2023-08-05,Serveis,9639961,2023
2023-08-06,Serveis,9042586,2023
2023-08-07,Serveis,11169072,2023
2023-08-08,Serveis,11528340,2023
2023-08-09,Serveis,11919867,2023
2023-08-10,Serveis,12128220,2023
2023-08-11,Serveis,11969143,2023
2023-08-12,Serveis,10308175,2023
2023-08-13,Serveis,9662872,2023
2023-08-14,Serveis,11859331,2023
2023-08-15,Serveis,10120276,2023
2023-08-16,Serveis,12138881,2023
2023-08-17,Serveis,12241231,2023
2023-08-18,Serveis,12034301,2023
2023-08-19,Serveis,10457962,2023
2023-08-20,Serveis,9900398,2023
2023-08-21,Serveis,12815587,2023
2023-08-22,Serveis,13039088,2023
2023-08-23,Serveis,13268742,2023
2023-08-24,Serveis,13506078,2023
2023-08-25,Serveis,13288905,2023
2023-08-26,Serveis,10823868,2023
2023-08-27,Serveis,9049846,2023
2023-08-28,Serveis,11119397,2023
2023-08-29,Serveis,11279911,2023
2023-08-30,Serveis,11291152,2023
2023-08-31,Serveis,11512712,2023
2023-09-01,Serveis,11969441,2023
2023-09-02,Serveis,10137305,2023
2023-09-03,Serveis,9148317,2023
2023-09-04,Serveis,12225102,2023
2023-09-05,Serveis,12680269,2023
2023-09-06,Serveis,12662353,2023
2023-09-07,Serveis,12377852,2023
2023-09-08,Serveis,12151551,2023
2023-09-09,Serveis,10178012,2023
2023-09-10,Serveis,9371380,2023
2023-09-11,Serveis,10057914,2023
2023-09-12,Serveis,12689582,2023
2023-09-13,Serveis,12614550,2023
2023-09-14,Serveis,12583650,2023
2023-09-15,Serveis,12097081,2023
2023-09-16,Serveis,10288554,2023
2023-09-17,Serveis,9512439,2023
2023-09-18,Serveis,12690309,2023
2023-09-19,Serveis,12417778,2023
2023-09-20,Serveis,12103330,2023
2023-09-21,Serveis,12102161,2023
2023-09-22,Serveis,11496897,2023
2023-09-23,Serveis,9575148,2023
2023-09-24,Serveis,8669676,2023
2023-09-25,Serveis,9196247,2023
2023-09-26,Serveis,11682952,2023
2023-09-27,Serveis,11977557,2023
2023-09-28,Serveis,12239119,2023
2023-09-29,Serveis,12167444,2023
2023-09-30,Serveis,10161974,2023
2023-10-01,Serveis,8427972,2023
2023-10-02,Serveis,11457980,2023
2023-10-03,Serveis,11538701,2023
2023-10-04,Serveis,11270828,2023
2023-10-05,Serveis,11582690,2023
2023-10-06,Serveis,11580096,2023
2023-10-07,Serveis,9629440,2023
2023-10-08,Serveis,8385711,2023
2023-10-09,Serveis,11309556,2023
2023-10-10,Serveis,11469470,2023
2023-10-11,Serveis,11247231,2023
2023-10-12,Serveis,8671849,2023
2023-10-13,Serveis,10583507,2023
2023-10-14,Serveis,9140199,2023
2023-10-15,Serveis,7931015,2023
2023-10-16,Serveis,10256978,2023
2023-10-17,Serveis,10668984,2023
2023-10-18,Serveis,11143110,2023
2023-10-19,Serveis,10840618,2023
2023-10-20,Serveis,10078583,2023
2023-10-21,Serveis,8330166,2023
2023-10-22,Serveis,7361779,2023
2023-10-23,Serveis,10118354,2023
2023-10-24,Serveis,9872977,2023
2023-10-25,Serveis,9803152,2023
2023-10-26,Serveis,10092089,2023
2023-10-27,Serveis,9668711,2023
2023-10-28,Serveis,8294546,2023
2023-10-29,Serveis,7445618,2023
2023-10-30,Serveis,9683672,2023
2023-10-31,Serveis,9386990,2023
2023-11-01,Serveis,8443714,2023
2023-11-02,Serveis,10241697,2023
2023-11-03,Serveis,9922555,2023
2023-11-04,Serveis,8609017,2023
2023-11-05,Serveis,7851227,2023
2023-11-06,Serveis,9904174,2023
2023-11-07,Serveis,10136551,2023
2023-11-08,Serveis,10215346,2023
2023-11-09,Serveis,10319263,2023
2023-11-10,Serveis,10085656,2023
2023-11-11,Serveis,8620355,2023
2023-11-12,Serveis,7970725,2023
2023-11-13,Serveis,10041871,2023
2023-11-14,Serveis,10169116,2023
2023-11-15,Serveis,10213269,2023
2023-11-16,Serveis,10306340,2023
2023-11-17,Serveis,10049358,2023
2023-11-18,Serveis,8668429,2023
2023-11-19,Serveis,7767617,2023
2023-11-20,Serveis,9842382,2023
2023-11-21,Serveis,10040465,2023
2023-11-22,Serveis,10067683,2023
2023-11-23,Serveis,10185694,2023
2023-11-24,Serveis,10113850,2023
2023-11-25,Serveis,8580556,2023
2023-11-26,Serveis,8043518,2023
2023-11-27,Serveis,10158028,2023
2023-11-28,Serveis,10251757,2023
2023-11-29,Serveis,10233615,2023
2023-11-30,Serveis,9997094,2023
2023-12-01,Serveis,9444654,2023
2023-12-02,Serveis,7984048,2023
2023-12-03,Serveis,7345513,2023
2023-12-04,Serveis,9617242,2023
2023-12-05,Serveis,9769638,2023
2023-12-06,Serveis,7758133,2023
2023-12-07,Serveis,9023043,2023
2023-12-08,Serveis,7632084,2023
2023-12-09,Serveis,7757394,2023
2023-12-10,Serveis,7199726,2023
2023-12-11,Serveis,9400520,2023
2023-12-12,Serveis,9483993,2023
2023-12-13,Serveis,9536992,2023
2023-12-14,Serveis,9713259,2023
2023-12-15,Serveis,9518022,2023
2023-12-16,Serveis,7971676,2023
2023-12-17,Serveis,7407976,2023
2023-12-18,Serveis,9952667,2023
2023-12-19,Serveis,9933547,2023
2023-12-20,Serveis,9992669,2023
2023-12-21,Serveis,9675764,2023
2023-12-22,Serveis,9161329,2023
2023-12-23,Serveis,7776432,2023
2023-12-24,Serveis,7062396,2023
2023-12-25,Serveis,6608132,2023
2023-12-26,Serveis,6972560,2023
2023-12-27,Serveis,9176324,2023
2023-12-28,Serveis,9196566,2023
2023-12-29,Serveis,8866813,2023
2023-12-30,Serveis,7792891,2023
2023-12-31,Serveis,7013785,2023
2024-01-01,Serveis,6728527,2024
2024-01-02,Serveis,9192975,2024
2024-01-03,Serveis,9097230,2024
2024-01-04,Serveis,9019743,2024
2024-01-05,Serveis,8809413,2024
2024-01-06,Serveis,6777628,2024
2024-01-07,Serveis,7086753,2024
2024-01-08,Serveis,9975879,2024
2024-01-09,Serveis,10226532,2024
2024-01-10,Serveis,10211212,2024
2024-01-11,Serveis,10185119,2024
2024-01-12,Serveis,9958709,2024
2024-01-13,Serveis,7977570,2024
2024-01-14,Serveis,6890356,2024
2024-01-15,Serveis,9610867,2024
2024-01-16,Serveis,9516605,2024
2024-01-17,Serveis,9370693,2024
2024-01-18,Serveis,9254852,2024
2024-01-19,Serveis,9466541,2024
2024-01-20,Serveis,7812977,2024
2024-01-21,Serveis,6884488,2024
2024-01-22,Serveis,9856609,2024
2024-01-23,Serveis,9796668,2024
2024-01-24,Serveis,9596181,2024
2024-01-25,Serveis,9499209,2024
2024-01-26,Serveis,9205881,2024
2024-01-27,Serveis,7452550,2024
2024-01-28,Serveis,6933267,2024
2024-01-29,Serveis,9490546,2024
2024-01-30,Serveis,9542551,2024
2024-01-31,Serveis,9488846,2024
2024-03-01,Serveis,8033394,2024
2024-03-02,Serveis,6708978,2024
2024-03-03,Serveis,6067539,2024
2024-03-04,Serveis,8134986,2024
2024-03-05,Serveis,8125653,2024
2024-03-06,Serveis,8091939,2024
2024-03-07,Serveis,8089804,2024
2024-03-08,Serveis,8007218,2024
2024-03-09,Serveis,6920228,2024
2024-03-10,Serveis,6186537,2024
2024-03-11,Serveis,8122426,2024
2024-03-12,Serveis,9419543,2024
2024-03-13,Serveis,9295636,2024
2024-03-14,Serveis,9297986,2024
2024-03-15,Serveis,9128150,2024
2024-03-16,Serveis,7663779,2024
2024-03-17,Serveis,6796450,2024
2024-03-18,Serveis,9002525,2024
2024-03-19,Serveis,9050525,2024
2024-03-20,Serveis,9067570,2024
2024-03-21,Serveis,9036934,2024
2024-03-22,Serveis,8886871,2024
2024-03-23,Serveis,7459399,2024
2024-03-24,Serveis,6721428,2024
2024-03-25,Serveis,8700408,2024
2024-03-26,Serveis,8728747,2024
2024-03-27,Serveis,8491905,2024
2024-03-28,Serveis,8262172,2024
2024-03-29,Serveis,6948730,2024
2024-03-30,Serveis,7226611,2024
2024-03-31,Serveis,6454245,2024
2024-04-01,Serveis,6814489,2024
2024-04-02,Serveis,9031941,2024
2024-04-03,Serveis,9121319,2024
2024-04-04,Serveis,9210556,2024
2024-04-05,Serveis,9091702,2024
2024-04-06,Serveis,7717160,2024
2024-04-07,Serveis,7023979,2024
2024-04-08,Serveis,9174609,2024
2024-04-09,Serveis,7989678,2024
2024-04-10,Serveis,9009144,2024
2024-04-11,Serveis,9036207,2024
2024-04-12,Serveis,8987540,2024
2024-04-13,Serveis,7682410,2024
2024-04-14,Serveis,6891672,2024
2024-04-15,Serveis,9016058,2024
2024-04-16,Serveis,9089566,2024
2024-04-17,Serveis,8994801,2024
2024-04-18,Serveis,9052439,2024
2024-04-19,Serveis,8838044,2024
2024-04-20,Serveis,7533138,2024
2024-04-21,Serveis,6690067,2024
2024-04-22,Serveis,8925846,2024
2024-04-23,Serveis,9018141,2024
2024-04-24,Serveis,9132629,2024
2024-04-25,Serveis,9134047,2024
2024-04-26,Serveis,8952825,2024
2024-04-27,Serveis,7444394,2024
2024-04-28,Serveis,6943975,2024
2024-04-29,Serveis,9239400,2024
2024-04-30,Serveis,9165075,2024
2024-05-01,Serveis,7100974,2024
2024-05-02,Serveis,35883,2024
2024-05-03,Serveis,37373,2024
2024-05-04,Serveis,36810,2024
2024-05-05,Serveis,34117,2024
2024-05-06,Serveis,35120,2024
2024-05-07,Serveis,8561926,2024
2024-05-16,Serveis,9149801,2024
2024-05-17,Serveis,8990417,2024
2024-05-18,Serveis,7705402,2024
2024-05-20,Serveis,6500194,2024
2024-05-21,Serveis,9273015,2024
2024-05-22,Serveis,9319800,2024
2024-05-23,Serveis,66,2024
2024-05-24,Serveis,8154422,2024
2024-05-25,Serveis,7035026,2024
2024-05-26,Serveis,6542865,2024
2024-05-27,Serveis,9340622,2024
2024-05-28,Serveis,9734494,2024
2024-05-29,Serveis,10004755,2024
2024-05-30,Serveis,9053552,2024
2024-05-31,Serveis,9483796,2024
2024-06-01,Serveis,8120837,2024
2024-06-02,Serveis,7402294,2024
2024-06-03,Serveis,9794001,2024
2024-06-04,Serveis,10126624,2024
2024-06-05,Serveis,10320464,2024
2024-06-06,Serveis,10576227,2024
2024-06-07,Serveis,10613829,2024
2024-06-08,Serveis,6734498,2024
2024-06-09,Serveis,7987860,2024
2024-06-10,Serveis,9965716,2024
2024-06-11,Serveis,36021,2024
2024-06-12,Serveis,9801930,2024
2024-06-13,Serveis,9748906,2024
2024-06-14,Serveis,10221885,2024
2024-06-15,Serveis,8591448,2024
2024-06-16,Serveis,7753645,2024
2024-06-17,Serveis,10500827,2024
2024-06-18,Serveis,39028,2024
2024-06-19,Serveis,10925021,2024
2024-06-20,Serveis,10628216,2024
2024-06-21,Serveis,9294350,2024
2024-06-22,Serveis,8952872,2024
2024-06-23,Serveis,7759436,2024
2024-06-24,Serveis,8134776,2024
2024-06-25,Serveis,10855995,2024
2024-06-26,Serveis,11199017,2024
2024-06-27,Serveis,11032570,2024
2024-06-28,Serveis,11226249,2024
2024-06-29,Serveis,9529016,2024
2024-06-30,Serveis,8432836,2024
2024-07-01,Serveis,39338,2024
2024-07-02,Serveis,10769274,2024
2024-07-03,Serveis,10887565,2024
2024-07-04,Serveis,11073664,2024
2024-07-05,Serveis,11145168,2024
2024-07-06,Serveis,9446420,2024
2024-07-07,Serveis,8362067,2024
2024-07-08,Serveis,11382500,2024
2024-07-09,Serveis,11856378,2024
2024-07-10,Serveis,12085993,2024
2024-07-11,Serveis,12572760,2024
2024-07-12,Serveis,12170305,2024
2024-07-13,Serveis,9499534,2024
2024-07-14,Serveis,8767356,2024
2024-07-15,Serveis,11988255,2024
2024-07-16,Serveis,12097712,2024
2024-07-17,Serveis,11850569,2024
2024-07-18,Serveis,10150564,2024
2024-07-19,Serveis,46777,2024
2024-07-20,Serveis,10337322,2024
2024-07-21,Serveis,8902056,2024
2024-07-22,Serveis,11450308,2024
2024-07-23,Serveis,11996660,2024
2024-07-24,Serveis,12386649,2024
2024-07-25,Serveis,12429207,2024
2024-07-26,Serveis,12271706,2024
2024-07-27,Serveis,9748565,2024
2024-07-28,Serveis,9150009,2024
2024-07-29,Serveis,12271734,2024
2024-07-30,Serveis,12480663,2024
2024-07-31,Serveis,12202247,2024
2024-08-01,Serveis,12678902,2024
2024-08-02,Serveis,12284836,2024
2024-08-03,Serveis,9860033,2024
2024-08-04,Serveis,9138553,2024
2024-08-05,Serveis,11799897,2024
2024-08-06,Serveis,11530010,2024
2024-08-07,Serveis,11907784,2024
2024-08-08,Serveis,11890050,2024
2024-08-09,Serveis,11663426,2024
2024-08-10,Serveis,9904665,2024
2024-08-11,Serveis,9106177,2024
2024-08-12,Serveis,11479176,2024
2024-08-13,Serveis,11474509,2024
2024-08-14,Serveis,10856312,2024
2024-08-15,Serveis,8850998,2024
2024-08-16,Serveis,10339786,2024
2024-08-17,Serveis,9561923,2024
2024-08-18,Serveis,8730345,2024
2024-08-19,Serveis,10504371,2024
2024-08-20,Serveis,10640815,2024
2024-08-21,Serveis,10901843,2024
2024-08-22,Serveis,11303031,2024
2024-08-23,Serveis,11247311,2024
2024-08-24,Serveis,9928189,2024
2024-08-25,Serveis,8894936,2024
2024-08-26,Serveis,11310504,2024
2024-08-27,Serveis,11759089,2024
2024-08-28,Serveis,11923274,2024
2024-08-29,Serveis,11787822,2024
2024-08-30,Serveis,11573856,2024
2024-08-31,Serveis,10026387,2024
